[ECMWF-INFO -sbatch] - -------------------------------------------------------------------------------------
[ECMWF-INFO -sbatch] -  This is the ECMWF jobfilter
[ECMWF-INFO -sbatch] -  +++ Please report issues using the Support portal +++
[ECMWF-INFO -sbatch] -  +++ https://support.ecmwf.int                     +++
[ECMWF-INFO -sbatch] -  /usr/local/bin/ecsbatch: size: 53801, mtime: Tue Nov 25 12:35:33 2025
[ECMWF-INFO -sbatch] - -------------------------------------------------------------------------------------
[ECMWF-INFO -sbatch] - Time at submit: Mon Jun 22 07:33:50 2026 (1782113630.0831604) on ab6-205.bullx:/etc/ecmwf/nfs/dh2_home_b/dnk8355/EUMETSAT_fellowship/empirical-state-learning-seaice-emissivity-model
[ECMWF-INFO -sbatch] - --- SLURM VARIABLES ---
[ECMWF-INFO -sbatch] - EC_CLUSTER=ab
[ECMWF-INFO -sbatch] - SLURM_EXPORT_ENV=ALL
[ECMWF-INFO -sbatch] - SLURM_JOB_ID=29079407
[ECMWF-INFO -sbatch] - SBATCH_EXPORT=NONE
[ECMWF-INFO -sbatch] - -----------------------
[ECMWF-INFO -sbatch] - jobscript: /etc/ecmwf/nfs/dh2_home_b/dnk8355/EUMETSAT_fellowship/empirical-state-learning-seaice-emissivity-model/sbatch_python_script.sh
[ECMWF-INFO -sbatch] - --- SCRIPT OPTIONS ---
[ECMWF-INFO -sbatch] - #SBATCH --qos=nf
[ECMWF-INFO -sbatch] - #SBATCH --time=12:00:00
[ECMWF-INFO -sbatch] - #SBATCH --nodes=1
[ECMWF-INFO -sbatch] - #SBATCH --ntasks=1
[ECMWF-INFO -sbatch] - #SBATCH --cpus-per-task=4
[ECMWF-INFO -sbatch] - #SBATCH --mem=16G
[ECMWF-INFO -sbatch] - #SBATCH --job-name=daily_nc_per_satellite
[ECMWF-INFO -sbatch] - #SBATCH --output=/home/dnk8355/EUMETSAT_fellowship/empirical-state-learning-seaice-emissivity-model/sbatchlogs/daily_odb_to_daily_nc_per_satellite%j.out
[ECMWF-INFO -sbatch] - #SBATCH -e /home/dnk8355/EUMETSAT_fellowship/empirical-state-learning-seaice-emissivity-model/sbatchlogs/daily_odb_to_daily_nc_per_satellite%j.err
[ECMWF-INFO -sbatch] - -----------------------
[ECMWF-INFO -sbatch] - --- POST-PROCESSED OPTIONS ---
[ECMWF-INFO -sbatch] - ARG --positional=['sbatch_python_script.sh']
[ECMWF-INFO -sbatch] - ARG --cpus_per_task=4
[ECMWF-INFO -sbatch] - ARG --error=/home/dnk8355/EUMETSAT_fellowship/empirical-state-learning-seaice-emissivity-model/sbatchlogs/daily_odb_to_daily_nc_per_satellite%j.err
[ECMWF-INFO -sbatch] - ARG --job_name=daily_nc_per_satellite
[ECMWF-INFO -sbatch] - ARG --ntasks=1
[ECMWF-INFO -sbatch] - ARG --nodes=1
[ECMWF-INFO -sbatch] - ARG --output=/home/dnk8355/EUMETSAT_fellowship/empirical-state-learning-seaice-emissivity-model/sbatchlogs/daily_odb_to_daily_nc_per_satellite%j.out
[ECMWF-INFO -sbatch] - ARG --qos=nf
[ECMWF-INFO -sbatch] - ARG --time=12:00:00
[ECMWF-INFO -sbatch] - ARG --mem=16G
[ECMWF-INFO -sbatch] - ------------------------------
[ECMWF-INFO -sbatch] - jobtag: dnk8355-daily_nc_p__satellite-1x4-/home/dnk8355/EUMETSAT_fellowship/empirical-state-learning-seaice-emissivity-model/sbatchlogs/daily_odb_to_daily_nc_per_satellite_JOBID_.out
[ECMWF-INFO -sbatch] - ------------------------------
[ECMWF-INFO -sbatch] - Average Walltime 6496 with a Standard Deviation 0
[ECMWF-INFO -sbatch] - Runtime history
[ECMWF-INFO -sbatch] -   Date               | Cores   Cluster   Walltime       Mem
[ECMWF-INFO -sbatch] -   19.06.2026 - 17:35 | 4          aa         6496       16G       
[ECMWF-INFO -sbatch] - ['/usr/bin/sbatch', '--cpus-per-task=4', '--error=/home/dnk8355/EUMETSAT_fellowship/empirical-state-learning-seaice-emissivity-model/sbatchlogs/daily_odb_to_daily_nc_per_satellite%j.err', '--job-name=daily_nc_per_satellite', '--ntasks=1', '--nodes=1', '--output=/home/dnk8355/EUMETSAT_fellowship/empirical-state-learning-seaice-emissivity-model/sbatchlogs/daily_odb_to_daily_nc_per_satellite%j.out', '--qos=nf', '--time=12:00:00', '--mem=16G', '--licenses=h2resw01', '--export=EC_user_time_limit=12:00:00', '/etc/ecmwf/nfs/dh2_home_b/dnk8355/EUMETSAT_fellowship/empirical-state-learning-seaice-emissivity-model/sbatch_python_script.sh']
[ECMWF-INFO -sbatch] - sbatch executed on ab
[ECMWF-INFO -sbatch] - Job queued on ab using method local
[ECMWF-INFO -sbatch] - Submitted batch job 29080907
starting daily_odb_to_daily_nc_per_satellite.py ....
Saved summary: /perm/dnk8355/paper2026/netcdf_daily_1april2024_31march2026/METOP-B_20240817_summary.txt
Saved: /perm/dnk8355/paper2026/netcdf_daily_1april2024_31march2026/METOP-B_20240817_OBSVALUE.nc
Saved: /perm/dnk8355/paper2026/netcdf_daily_1april2024_31march2026/METOP-B_20240817_EMIS_WATER.nc
Saved: /perm/dnk8355/paper2026/netcdf_daily_1april2024_31march2026/METOP-B_20240817_TAUSFC.nc
Saved: /perm/dnk8355/paper2026/netcdf_daily_1april2024_31march2026/METOP-B_20240817_TDOWN.nc
Saved: /perm/dnk8355/paper2026/netcdf_daily_1april2024_31march2026/METOP-B_20240817_TUP.nc
Saved: /perm/dnk8355/paper2026/netcdf_daily_1april2024_31march2026/METOP-B_20240817_TAUSFC_CLD.nc
Saved: /perm/dnk8355/paper2026/netcdf_daily_1april2024_31march2026/METOP-B_20240817_TDOWN_CLD.nc
Saved: /perm/dnk8355/paper2026/netcdf_daily_1april2024_31march2026/METOP-B_20240817_TUP_CLD.nc
Saved: /perm/dnk8355/paper2026/netcdf_daily_1april2024_31march2026/METOP-B_20240817_FG_DEP.nc
Saved: /perm/dnk8355/paper2026/netcdf_daily_1april2024_31march2026/METOP-B_20240817_AN_DEP.nc
Saved summary: /perm/dnk8355/paper2026/netcdf_daily_1april2024_31march2026/METOP-C_20240817_summary.txt
Saved: /perm/dnk8355/paper2026/netcdf_daily_1april2024_31march2026/METOP-C_20240817_OBSVALUE.nc
Saved: /perm/dnk8355/paper2026/netcdf_daily_1april2024_31march2026/METOP-C_20240817_EMIS_WATER.nc
Saved: /perm/dnk8355/paper2026/netcdf_daily_1april2024_31march2026/METOP-C_20240817_TAUSFC.nc
Saved: /perm/dnk8355/paper2026/netcdf_daily_1april2024_31march2026/METOP-C_20240817_TDOWN.nc
Saved: /perm/dnk8355/paper2026/netcdf_daily_1april2024_31march2026/METOP-C_20240817_TUP.nc
Saved: /perm/dnk8355/paper2026/netcdf_daily_1april2024_31march2026/METOP-C_20240817_TAUSFC_CLD.nc
Saved: /perm/dnk8355/paper2026/netcdf_daily_1april2024_31march2026/METOP-C_20240817_TDOWN_CLD.nc
Saved: /perm/dnk8355/paper2026/netcdf_daily_1april2024_31march2026/METOP-C_20240817_TUP_CLD.nc
Saved: /perm/dnk8355/paper2026/netcdf_daily_1april2024_31march2026/METOP-C_20240817_FG_DEP.nc
Saved: /perm/dnk8355/paper2026/netcdf_daily_1april2024_31march2026/METOP-C_20240817_AN_DEP.nc
[445383] Saved daily NetCDFs for amsua_ofb_lwda_20240817_NH_SH_variables_filtered_lsm_lower02.odb
Saved summary: /perm/dnk8355/paper2026/netcdf_daily_1april2024_31march2026/METOP-B_20240818_summary.txt
Saved: /perm/dnk8355/paper2026/netcdf_daily_1april2024_31march2026/METOP-B_20240818_OBSVALUE.nc
Saved: /perm/dnk8355/paper2026/netcdf_daily_1april2024_31march2026/METOP-B_20240818_EMIS_WATER.nc
Saved: /perm/dnk8355/paper2026/netcdf_daily_1april2024_31march2026/METOP-B_20240818_TAUSFC.nc
Saved: /perm/dnk8355/paper2026/netcdf_daily_1april2024_31march2026/METOP-B_20240818_TDOWN.nc
Saved: /perm/dnk8355/paper2026/netcdf_daily_1april2024_31march2026/METOP-B_20240818_TUP.nc
Saved: /perm/dnk8355/paper2026/netcdf_daily_1april2024_31march2026/METOP-B_20240818_TAUSFC_CLD.nc
Saved: /perm/dnk8355/paper2026/netcdf_daily_1april2024_31march2026/METOP-B_20240818_TDOWN_CLD.nc
Saved: /perm/dnk8355/paper2026/netcdf_daily_1april2024_31march2026/METOP-B_20240818_TUP_CLD.nc
Saved: /perm/dnk8355/paper2026/netcdf_daily_1april2024_31march2026/METOP-B_20240818_FG_DEP.nc
Saved: /perm/dnk8355/paper2026/netcdf_daily_1april2024_31march2026/METOP-B_20240818_AN_DEP.nc
Saved summary: /perm/dnk8355/paper2026/netcdf_daily_1april2024_31march2026/METOP-C_20240818_summary.txt
Saved: /perm/dnk8355/paper2026/netcdf_daily_1april2024_31march2026/METOP-C_20240818_OBSVALUE.nc
Saved: /perm/dnk8355/paper2026/netcdf_daily_1april2024_31march2026/METOP-C_20240818_EMIS_WATER.nc
Saved: /perm/dnk8355/paper2026/netcdf_daily_1april2024_31march2026/METOP-C_20240818_TAUSFC.nc
Saved: /perm/dnk8355/paper2026/netcdf_daily_1april2024_31march2026/METOP-C_20240818_TDOWN.nc
Saved: /perm/dnk8355/paper2026/netcdf_daily_1april2024_31march2026/METOP-C_20240818_TUP.nc
Saved: /perm/dnk8355/paper2026/netcdf_daily_1april2024_31march2026/METOP-C_20240818_TAUSFC_CLD.nc
Saved: /perm/dnk8355/paper2026/netcdf_daily_1april2024_31march2026/METOP-C_20240818_TDOWN_CLD.nc
Saved: /perm/dnk8355/paper2026/netcdf_daily_1april2024_31march2026/METOP-C_20240818_TUP_CLD.nc
Saved: /perm/dnk8355/paper2026/netcdf_daily_1april2024_31march2026/METOP-C_20240818_FG_DEP.nc
Saved: /perm/dnk8355/paper2026/netcdf_daily_1april2024_31march2026/METOP-C_20240818_AN_DEP.nc
[445383] Saved daily NetCDFs for amsua_ofb_lwda_20240818_NH_SH_variables_filtered_lsm_lower02.odb
Saved summary: /perm/dnk8355/paper2026/netcdf_daily_1april2024_31march2026/METOP-B_20240819_summary.txt
Saved: /perm/dnk8355/paper2026/netcdf_daily_1april2024_31march2026/METOP-B_20240819_OBSVALUE.nc
Saved: /perm/dnk8355/paper2026/netcdf_daily_1april2024_31march2026/METOP-B_20240819_EMIS_WATER.nc
Saved: /perm/dnk8355/paper2026/netcdf_daily_1april2024_31march2026/METOP-B_20240819_TAUSFC.nc
Saved: /perm/dnk8355/paper2026/netcdf_daily_1april2024_31march2026/METOP-B_20240819_TDOWN.nc
Saved: /perm/dnk8355/paper2026/netcdf_daily_1april2024_31march2026/METOP-B_20240819_TUP.nc
Saved: /perm/dnk8355/paper2026/netcdf_daily_1april2024_31march2026/METOP-B_20240819_TAUSFC_CLD.nc
Saved: /perm/dnk8355/paper2026/netcdf_daily_1april2024_31march2026/METOP-B_20240819_TDOWN_CLD.nc
Saved: /perm/dnk8355/paper2026/netcdf_daily_1april2024_31march2026/METOP-B_20240819_TUP_CLD.nc
Saved: /perm/dnk8355/paper2026/netcdf_daily_1april2024_31march2026/METOP-B_20240819_FG_DEP.nc
Saved: /perm/dnk8355/paper2026/netcdf_daily_1april2024_31march2026/METOP-B_20240819_AN_DEP.nc
Saved summary: /perm/dnk8355/paper2026/netcdf_daily_1april2024_31march2026/METOP-C_20240819_summary.txt
Saved: /perm/dnk8355/paper2026/netcdf_daily_1april2024_31march2026/METOP-C_20240819_OBSVALUE.nc
Saved: /perm/dnk8355/paper2026/netcdf_daily_1april2024_31march2026/METOP-C_20240819_EMIS_WATER.nc
Saved: /perm/dnk8355/paper2026/netcdf_daily_1april2024_31march2026/METOP-C_20240819_TAUSFC.nc
Saved: /perm/dnk8355/paper2026/netcdf_daily_1april2024_31march2026/METOP-C_20240819_TDOWN.nc
Saved: /perm/dnk8355/paper2026/netcdf_daily_1april2024_31march2026/METOP-C_20240819_TUP.nc
Saved: /perm/dnk8355/paper2026/netcdf_daily_1april2024_31march2026/METOP-C_20240819_TAUSFC_CLD.nc
Saved: /perm/dnk8355/paper2026/netcdf_daily_1april2024_31march2026/METOP-C_20240819_TDOWN_CLD.nc
Saved: /perm/dnk8355/paper2026/netcdf_daily_1april2024_31march2026/METOP-C_20240819_TUP_CLD.nc
Saved: /perm/dnk8355/paper2026/netcdf_daily_1april2024_31march2026/METOP-C_20240819_FG_DEP.nc
Saved: /perm/dnk8355/paper2026/netcdf_daily_1april2024_31march2026/METOP-C_20240819_AN_DEP.nc
[445383] Saved daily NetCDFs for amsua_ofb_lwda_20240819_NH_SH_variables_filtered_lsm_lower02.odb
Saved summary: /perm/dnk8355/paper2026/netcdf_daily_1april2024_31march2026/METOP-B_20240820_summary.txt
Saved: /perm/dnk8355/paper2026/netcdf_daily_1april2024_31march2026/METOP-B_20240820_OBSVALUE.nc
Saved: /perm/dnk8355/paper2026/netcdf_daily_1april2024_31march2026/METOP-B_20240820_EMIS_WATER.nc
Saved: /perm/dnk8355/paper2026/netcdf_daily_1april2024_31march2026/METOP-B_20240820_TAUSFC.nc
Saved: /perm/dnk8355/paper2026/netcdf_daily_1april2024_31march2026/METOP-B_20240820_TDOWN.nc
Saved: /perm/dnk8355/paper2026/netcdf_daily_1april2024_31march2026/METOP-B_20240820_TUP.nc
Saved: /perm/dnk8355/paper2026/netcdf_daily_1april2024_31march2026/METOP-B_20240820_TAUSFC_CLD.nc
Saved: /perm/dnk8355/paper2026/netcdf_daily_1april2024_31march2026/METOP-B_20240820_TDOWN_CLD.nc
Saved: /perm/dnk8355/paper2026/netcdf_daily_1april2024_31march2026/METOP-B_20240820_TUP_CLD.nc
Saved: /perm/dnk8355/paper2026/netcdf_daily_1april2024_31march2026/METOP-B_20240820_FG_DEP.nc
Saved: /perm/dnk8355/paper2026/netcdf_daily_1april2024_31march2026/METOP-B_20240820_AN_DEP.nc
Saved summary: /perm/dnk8355/paper2026/netcdf_daily_1april2024_31march2026/METOP-C_20240820_summary.txt
Saved: /perm/dnk8355/paper2026/netcdf_daily_1april2024_31march2026/METOP-C_20240820_OBSVALUE.nc
Saved: /perm/dnk8355/paper2026/netcdf_daily_1april2024_31march2026/METOP-C_20240820_EMIS_WATER.nc
Saved: /perm/dnk8355/paper2026/netcdf_daily_1april2024_31march2026/METOP-C_20240820_TAUSFC.nc
Saved: /perm/dnk8355/paper2026/netcdf_daily_1april2024_31march2026/METOP-C_20240820_TDOWN.nc
Saved: /perm/dnk8355/paper2026/netcdf_daily_1april2024_31march2026/METOP-C_20240820_TUP.nc
Saved: /perm/dnk8355/paper2026/netcdf_daily_1april2024_31march2026/METOP-C_20240820_TAUSFC_CLD.nc
Saved: /perm/dnk8355/paper2026/netcdf_daily_1april2024_31march2026/METOP-C_20240820_TDOWN_CLD.nc
Saved: /perm/dnk8355/paper2026/netcdf_daily_1april2024_31march2026/METOP-C_20240820_TUP_CLD.nc
Saved: /perm/dnk8355/paper2026/netcdf_daily_1april2024_31march2026/METOP-C_20240820_FG_DEP.nc
Saved: /perm/dnk8355/paper2026/netcdf_daily_1april2024_31march2026/METOP-C_20240820_AN_DEP.nc
[445383] Saved daily NetCDFs for amsua_ofb_lwda_20240820_NH_SH_variables_filtered_lsm_lower02.odb
Saved summary: /perm/dnk8355/paper2026/netcdf_daily_1april2024_31march2026/METOP-B_20240821_summary.txt
Saved: /perm/dnk8355/paper2026/netcdf_daily_1april2024_31march2026/METOP-B_20240821_OBSVALUE.nc
Saved: /perm/dnk8355/paper2026/netcdf_daily_1april2024_31march2026/METOP-B_20240821_EMIS_WATER.nc
Saved: /perm/dnk8355/paper2026/netcdf_daily_1april2024_31march2026/METOP-B_20240821_TAUSFC.nc
Saved: /perm/dnk8355/paper2026/netcdf_daily_1april2024_31march2026/METOP-B_20240821_TDOWN.nc
Saved: /perm/dnk8355/paper2026/netcdf_daily_1april2024_31march2026/METOP-B_20240821_TUP.nc
Saved: /perm/dnk8355/paper2026/netcdf_daily_1april2024_31march2026/METOP-B_20240821_TAUSFC_CLD.nc
Saved: /perm/dnk8355/paper2026/netcdf_daily_1april2024_31march2026/METOP-B_20240821_TDOWN_CLD.nc
Saved: /perm/dnk8355/paper2026/netcdf_daily_1april2024_31march2026/METOP-B_20240821_TUP_CLD.nc
Saved: /perm/dnk8355/paper2026/netcdf_daily_1april2024_31march2026/METOP-B_20240821_FG_DEP.nc
Saved: /perm/dnk8355/paper2026/netcdf_daily_1april2024_31march2026/METOP-B_20240821_AN_DEP.nc
Saved summary: /perm/dnk8355/paper2026/netcdf_daily_1april2024_31march2026/METOP-C_20240821_summary.txt
Saved: /perm/dnk8355/paper2026/netcdf_daily_1april2024_31march2026/METOP-C_20240821_OBSVALUE.nc
Saved: /perm/dnk8355/paper2026/netcdf_daily_1april2024_31march2026/METOP-C_20240821_EMIS_WATER.nc
Saved: /perm/dnk8355/paper2026/netcdf_daily_1april2024_31march2026/METOP-C_20240821_TAUSFC.nc
Saved: /perm/dnk8355/paper2026/netcdf_daily_1april2024_31march2026/METOP-C_20240821_TDOWN.nc
Saved: /perm/dnk8355/paper2026/netcdf_daily_1april2024_31march2026/METOP-C_20240821_TUP.nc
Saved: /perm/dnk8355/paper2026/netcdf_daily_1april2024_31march2026/METOP-C_20240821_TAUSFC_CLD.nc
Saved: /perm/dnk8355/paper2026/netcdf_daily_1april2024_31march2026/METOP-C_20240821_TDOWN_CLD.nc
Saved: /perm/dnk8355/paper2026/netcdf_daily_1april2024_31march2026/METOP-C_20240821_TUP_CLD.nc
Saved: /perm/dnk8355/paper2026/netcdf_daily_1april2024_31march2026/METOP-C_20240821_FG_DEP.nc
Saved: /perm/dnk8355/paper2026/netcdf_daily_1april2024_31march2026/METOP-C_20240821_AN_DEP.nc
[445383] Saved daily NetCDFs for amsua_ofb_lwda_20240821_NH_SH_variables_filtered_lsm_lower02.odb
Saved summary: /perm/dnk8355/paper2026/netcdf_daily_1april2024_31march2026/METOP-B_20240822_summary.txt
Saved: /perm/dnk8355/paper2026/netcdf_daily_1april2024_31march2026/METOP-B_20240822_OBSVALUE.nc
Saved: /perm/dnk8355/paper2026/netcdf_daily_1april2024_31march2026/METOP-B_20240822_EMIS_WATER.nc
Saved: /perm/dnk8355/paper2026/netcdf_daily_1april2024_31march2026/METOP-B_20240822_TAUSFC.nc
Saved: /perm/dnk8355/paper2026/netcdf_daily_1april2024_31march2026/METOP-B_20240822_TDOWN.nc
Saved: /perm/dnk8355/paper2026/netcdf_daily_1april2024_31march2026/METOP-B_20240822_TUP.nc
Saved: /perm/dnk8355/paper2026/netcdf_daily_1april2024_31march2026/METOP-B_20240822_TAUSFC_CLD.nc
Saved: /perm/dnk8355/paper2026/netcdf_daily_1april2024_31march2026/METOP-B_20240822_TDOWN_CLD.nc
Saved: /perm/dnk8355/paper2026/netcdf_daily_1april2024_31march2026/METOP-B_20240822_TUP_CLD.nc
Saved: /perm/dnk8355/paper2026/netcdf_daily_1april2024_31march2026/METOP-B_20240822_FG_DEP.nc
Saved: /perm/dnk8355/paper2026/netcdf_daily_1april2024_31march2026/METOP-B_20240822_AN_DEP.nc
Saved summary: /perm/dnk8355/paper2026/netcdf_daily_1april2024_31march2026/METOP-C_20240822_summary.txt
Saved: /perm/dnk8355/paper2026/netcdf_daily_1april2024_31march2026/METOP-C_20240822_OBSVALUE.nc
Saved: /perm/dnk8355/paper2026/netcdf_daily_1april2024_31march2026/METOP-C_20240822_EMIS_WATER.nc
Saved: /perm/dnk8355/paper2026/netcdf_daily_1april2024_31march2026/METOP-C_20240822_TAUSFC.nc
Saved: /perm/dnk8355/paper2026/netcdf_daily_1april2024_31march2026/METOP-C_20240822_TDOWN.nc
Saved: /perm/dnk8355/paper2026/netcdf_daily_1april2024_31march2026/METOP-C_20240822_TUP.nc
Saved: /perm/dnk8355/paper2026/netcdf_daily_1april2024_31march2026/METOP-C_20240822_TAUSFC_CLD.nc
Saved: /perm/dnk8355/paper2026/netcdf_daily_1april2024_31march2026/METOP-C_20240822_TDOWN_CLD.nc
Saved: /perm/dnk8355/paper2026/netcdf_daily_1april2024_31march2026/METOP-C_20240822_TUP_CLD.nc
Saved: /perm/dnk8355/paper2026/netcdf_daily_1april2024_31march2026/METOP-C_20240822_FG_DEP.nc
Saved: /perm/dnk8355/paper2026/netcdf_daily_1april2024_31march2026/METOP-C_20240822_AN_DEP.nc
[445383] Saved daily NetCDFs for amsua_ofb_lwda_20240822_NH_SH_variables_filtered_lsm_lower02.odb
Saved summary: /perm/dnk8355/paper2026/netcdf_daily_1april2024_31march2026/METOP-B_20240823_summary.txt
Saved: /perm/dnk8355/paper2026/netcdf_daily_1april2024_31march2026/METOP-B_20240823_OBSVALUE.nc
Saved: /perm/dnk8355/paper2026/netcdf_daily_1april2024_31march2026/METOP-B_20240823_EMIS_WATER.nc
Saved: /perm/dnk8355/paper2026/netcdf_daily_1april2024_31march2026/METOP-B_20240823_TAUSFC.nc
Saved: /perm/dnk8355/paper2026/netcdf_daily_1april2024_31march2026/METOP-B_20240823_TDOWN.nc
Saved: /perm/dnk8355/paper2026/netcdf_daily_1april2024_31march2026/METOP-B_20240823_TUP.nc
Saved: /perm/dnk8355/paper2026/netcdf_daily_1april2024_31march2026/METOP-B_20240823_TAUSFC_CLD.nc
Saved: /perm/dnk8355/paper2026/netcdf_daily_1april2024_31march2026/METOP-B_20240823_TDOWN_CLD.nc
Saved: /perm/dnk8355/paper2026/netcdf_daily_1april2024_31march2026/METOP-B_20240823_TUP_CLD.nc
Saved: /perm/dnk8355/paper2026/netcdf_daily_1april2024_31march2026/METOP-B_20240823_FG_DEP.nc
Saved: /perm/dnk8355/paper2026/netcdf_daily_1april2024_31march2026/METOP-B_20240823_AN_DEP.nc
Saved summary: /perm/dnk8355/paper2026/netcdf_daily_1april2024_31march2026/METOP-C_20240823_summary.txt
Saved: /perm/dnk8355/paper2026/netcdf_daily_1april2024_31march2026/METOP-C_20240823_OBSVALUE.nc
Saved: /perm/dnk8355/paper2026/netcdf_daily_1april2024_31march2026/METOP-C_20240823_EMIS_WATER.nc
Saved: /perm/dnk8355/paper2026/netcdf_daily_1april2024_31march2026/METOP-C_20240823_TAUSFC.nc
Saved: /perm/dnk8355/paper2026/netcdf_daily_1april2024_31march2026/METOP-C_20240823_TDOWN.nc
Saved: /perm/dnk8355/paper2026/netcdf_daily_1april2024_31march2026/METOP-C_20240823_TUP.nc
Saved: /perm/dnk8355/paper2026/netcdf_daily_1april2024_31march2026/METOP-C_20240823_TAUSFC_CLD.nc
Saved: /perm/dnk8355/paper2026/netcdf_daily_1april2024_31march2026/METOP-C_20240823_TDOWN_CLD.nc
Saved: /perm/dnk8355/paper2026/netcdf_daily_1april2024_31march2026/METOP-C_20240823_TUP_CLD.nc
Saved: /perm/dnk8355/paper2026/netcdf_daily_1april2024_31march2026/METOP-C_20240823_FG_DEP.nc
Saved: /perm/dnk8355/paper2026/netcdf_daily_1april2024_31march2026/METOP-C_20240823_AN_DEP.nc
[445383] Saved daily NetCDFs for amsua_ofb_lwda_20240823_NH_SH_variables_filtered_lsm_lower02.odb
Saved summary: /perm/dnk8355/paper2026/netcdf_daily_1april2024_31march2026/METOP-B_20240824_summary.txt
Saved: /perm/dnk8355/paper2026/netcdf_daily_1april2024_31march2026/METOP-B_20240824_OBSVALUE.nc
Saved: /perm/dnk8355/paper2026/netcdf_daily_1april2024_31march2026/METOP-B_20240824_EMIS_WATER.nc
Saved: /perm/dnk8355/paper2026/netcdf_daily_1april2024_31march2026/METOP-B_20240824_TAUSFC.nc
Saved: /perm/dnk8355/paper2026/netcdf_daily_1april2024_31march2026/METOP-B_20240824_TDOWN.nc
Saved: /perm/dnk8355/paper2026/netcdf_daily_1april2024_31march2026/METOP-B_20240824_TUP.nc
Saved: /perm/dnk8355/paper2026/netcdf_daily_1april2024_31march2026/METOP-B_20240824_TAUSFC_CLD.nc
Saved: /perm/dnk8355/paper2026/netcdf_daily_1april2024_31march2026/METOP-B_20240824_TDOWN_CLD.nc
Saved: /perm/dnk8355/paper2026/netcdf_daily_1april2024_31march2026/METOP-B_20240824_TUP_CLD.nc
Saved: /perm/dnk8355/paper2026/netcdf_daily_1april2024_31march2026/METOP-B_20240824_FG_DEP.nc
Saved: /perm/dnk8355/paper2026/netcdf_daily_1april2024_31march2026/METOP-B_20240824_AN_DEP.nc
Saved summary: /perm/dnk8355/paper2026/netcdf_daily_1april2024_31march2026/METOP-C_20240824_summary.txt
Saved: /perm/dnk8355/paper2026/netcdf_daily_1april2024_31march2026/METOP-C_20240824_OBSVALUE.nc
Saved: /perm/dnk8355/paper2026/netcdf_daily_1april2024_31march2026/METOP-C_20240824_EMIS_WATER.nc
Saved: /perm/dnk8355/paper2026/netcdf_daily_1april2024_31march2026/METOP-C_20240824_TAUSFC.nc
Saved: /perm/dnk8355/paper2026/netcdf_daily_1april2024_31march2026/METOP-C_20240824_TDOWN.nc
Saved: /perm/dnk8355/paper2026/netcdf_daily_1april2024_31march2026/METOP-C_20240824_TUP.nc
Saved: /perm/dnk8355/paper2026/netcdf_daily_1april2024_31march2026/METOP-C_20240824_TAUSFC_CLD.nc
Saved: /perm/dnk8355/paper2026/netcdf_daily_1april2024_31march2026/METOP-C_20240824_TDOWN_CLD.nc
Saved: /perm/dnk8355/paper2026/netcdf_daily_1april2024_31march2026/METOP-C_20240824_TUP_CLD.nc
Saved: /perm/dnk8355/paper2026/netcdf_daily_1april2024_31march2026/METOP-C_20240824_FG_DEP.nc
Saved: /perm/dnk8355/paper2026/netcdf_daily_1april2024_31march2026/METOP-C_20240824_AN_DEP.nc
[445383] Saved daily NetCDFs for amsua_ofb_lwda_20240824_NH_SH_variables_filtered_lsm_lower02.odb
Saved summary: /perm/dnk8355/paper2026/netcdf_daily_1april2024_31march2026/METOP-B_20240825_summary.txt
Saved: /perm/dnk8355/paper2026/netcdf_daily_1april2024_31march2026/METOP-B_20240825_OBSVALUE.nc
Saved: /perm/dnk8355/paper2026/netcdf_daily_1april2024_31march2026/METOP-B_20240825_EMIS_WATER.nc
Saved: /perm/dnk8355/paper2026/netcdf_daily_1april2024_31march2026/METOP-B_20240825_TAUSFC.nc
Saved: /perm/dnk8355/paper2026/netcdf_daily_1april2024_31march2026/METOP-B_20240825_TDOWN.nc
Saved: /perm/dnk8355/paper2026/netcdf_daily_1april2024_31march2026/METOP-B_20240825_TUP.nc
Saved: /perm/dnk8355/paper2026/netcdf_daily_1april2024_31march2026/METOP-B_20240825_TAUSFC_CLD.nc
Saved: /perm/dnk8355/paper2026/netcdf_daily_1april2024_31march2026/METOP-B_20240825_TDOWN_CLD.nc
Saved: /perm/dnk8355/paper2026/netcdf_daily_1april2024_31march2026/METOP-B_20240825_TUP_CLD.nc
Saved: /perm/dnk8355/paper2026/netcdf_daily_1april2024_31march2026/METOP-B_20240825_FG_DEP.nc
Saved: /perm/dnk8355/paper2026/netcdf_daily_1april2024_31march2026/METOP-B_20240825_AN_DEP.nc
Saved summary: /perm/dnk8355/paper2026/netcdf_daily_1april2024_31march2026/METOP-C_20240825_summary.txt
Saved: /perm/dnk8355/paper2026/netcdf_daily_1april2024_31march2026/METOP-C_20240825_OBSVALUE.nc
Saved: /perm/dnk8355/paper2026/netcdf_daily_1april2024_31march2026/METOP-C_20240825_EMIS_WATER.nc
Saved: /perm/dnk8355/paper2026/netcdf_daily_1april2024_31march2026/METOP-C_20240825_TAUSFC.nc
Saved: /perm/dnk8355/paper2026/netcdf_daily_1april2024_31march2026/METOP-C_20240825_TDOWN.nc
Saved: /perm/dnk8355/paper2026/netcdf_daily_1april2024_31march2026/METOP-C_20240825_TUP.nc
Saved: /perm/dnk8355/paper2026/netcdf_daily_1april2024_31march2026/METOP-C_20240825_TAUSFC_CLD.nc
Saved: /perm/dnk8355/paper2026/netcdf_daily_1april2024_31march2026/METOP-C_20240825_TDOWN_CLD.nc
Saved: /perm/dnk8355/paper2026/netcdf_daily_1april2024_31march2026/METOP-C_20240825_TUP_CLD.nc
Saved: /perm/dnk8355/paper2026/netcdf_daily_1april2024_31march2026/METOP-C_20240825_FG_DEP.nc
Saved: /perm/dnk8355/paper2026/netcdf_daily_1april2024_31march2026/METOP-C_20240825_AN_DEP.nc
[445383] Saved daily NetCDFs for amsua_ofb_lwda_20240825_NH_SH_variables_filtered_lsm_lower02.odb
Saved summary: /perm/dnk8355/paper2026/netcdf_daily_1april2024_31march2026/METOP-B_20240826_summary.txt
Saved: /perm/dnk8355/paper2026/netcdf_daily_1april2024_31march2026/METOP-B_20240826_OBSVALUE.nc
Saved: /perm/dnk8355/paper2026/netcdf_daily_1april2024_31march2026/METOP-B_20240826_EMIS_WATER.nc
Saved: /perm/dnk8355/paper2026/netcdf_daily_1april2024_31march2026/METOP-B_20240826_TAUSFC.nc
Saved: /perm/dnk8355/paper2026/netcdf_daily_1april2024_31march2026/METOP-B_20240826_TDOWN.nc
Saved: /perm/dnk8355/paper2026/netcdf_daily_1april2024_31march2026/METOP-B_20240826_TUP.nc
Saved: /perm/dnk8355/paper2026/netcdf_daily_1april2024_31march2026/METOP-B_20240826_TAUSFC_CLD.nc
Saved: /perm/dnk8355/paper2026/netcdf_daily_1april2024_31march2026/METOP-B_20240826_TDOWN_CLD.nc
Saved: /perm/dnk8355/paper2026/netcdf_daily_1april2024_31march2026/METOP-B_20240826_TUP_CLD.nc
Saved: /perm/dnk8355/paper2026/netcdf_daily_1april2024_31march2026/METOP-B_20240826_FG_DEP.nc
Saved: /perm/dnk8355/paper2026/netcdf_daily_1april2024_31march2026/METOP-B_20240826_AN_DEP.nc
Saved summary: /perm/dnk8355/paper2026/netcdf_daily_1april2024_31march2026/METOP-C_20240826_summary.txt
Saved: /perm/dnk8355/paper2026/netcdf_daily_1april2024_31march2026/METOP-C_20240826_OBSVALUE.nc
Saved: /perm/dnk8355/paper2026/netcdf_daily_1april2024_31march2026/METOP-C_20240826_EMIS_WATER.nc
Saved: /perm/dnk8355/paper2026/netcdf_daily_1april2024_31march2026/METOP-C_20240826_TAUSFC.nc
Saved: /perm/dnk8355/paper2026/netcdf_daily_1april2024_31march2026/METOP-C_20240826_TDOWN.nc
Saved: /perm/dnk8355/paper2026/netcdf_daily_1april2024_31march2026/METOP-C_20240826_TUP.nc
Saved: /perm/dnk8355/paper2026/netcdf_daily_1april2024_31march2026/METOP-C_20240826_TAUSFC_CLD.nc
Saved: /perm/dnk8355/paper2026/netcdf_daily_1april2024_31march2026/METOP-C_20240826_TDOWN_CLD.nc
Saved: /perm/dnk8355/paper2026/netcdf_daily_1april2024_31march2026/METOP-C_20240826_TUP_CLD.nc
Saved: /perm/dnk8355/paper2026/netcdf_daily_1april2024_31march2026/METOP-C_20240826_FG_DEP.nc
Saved: /perm/dnk8355/paper2026/netcdf_daily_1april2024_31march2026/METOP-C_20240826_AN_DEP.nc
[445383] Saved daily NetCDFs for amsua_ofb_lwda_20240826_NH_SH_variables_filtered_lsm_lower02.odb
Saved summary: /perm/dnk8355/paper2026/netcdf_daily_1april2024_31march2026/METOP-B_20240827_summary.txt
Saved: /perm/dnk8355/paper2026/netcdf_daily_1april2024_31march2026/METOP-B_20240827_OBSVALUE.nc
Saved: /perm/dnk8355/paper2026/netcdf_daily_1april2024_31march2026/METOP-B_20240827_EMIS_WATER.nc
Saved: /perm/dnk8355/paper2026/netcdf_daily_1april2024_31march2026/METOP-B_20240827_TAUSFC.nc
Saved: /perm/dnk8355/paper2026/netcdf_daily_1april2024_31march2026/METOP-B_20240827_TDOWN.nc
Saved: /perm/dnk8355/paper2026/netcdf_daily_1april2024_31march2026/METOP-B_20240827_TUP.nc
Saved: /perm/dnk8355/paper2026/netcdf_daily_1april2024_31march2026/METOP-B_20240827_TAUSFC_CLD.nc
Saved: /perm/dnk8355/paper2026/netcdf_daily_1april2024_31march2026/METOP-B_20240827_TDOWN_CLD.nc
Saved: /perm/dnk8355/paper2026/netcdf_daily_1april2024_31march2026/METOP-B_20240827_TUP_CLD.nc
Saved: /perm/dnk8355/paper2026/netcdf_daily_1april2024_31march2026/METOP-B_20240827_FG_DEP.nc
Saved: /perm/dnk8355/paper2026/netcdf_daily_1april2024_31march2026/METOP-B_20240827_AN_DEP.nc
Saved summary: /perm/dnk8355/paper2026/netcdf_daily_1april2024_31march2026/METOP-C_20240827_summary.txt
Saved: /perm/dnk8355/paper2026/netcdf_daily_1april2024_31march2026/METOP-C_20240827_OBSVALUE.nc
Saved: /perm/dnk8355/paper2026/netcdf_daily_1april2024_31march2026/METOP-C_20240827_EMIS_WATER.nc
Saved: /perm/dnk8355/paper2026/netcdf_daily_1april2024_31march2026/METOP-C_20240827_TAUSFC.nc
Saved: /perm/dnk8355/paper2026/netcdf_daily_1april2024_31march2026/METOP-C_20240827_TDOWN.nc
Saved: /perm/dnk8355/paper2026/netcdf_daily_1april2024_31march2026/METOP-C_20240827_TUP.nc
Saved: /perm/dnk8355/paper2026/netcdf_daily_1april2024_31march2026/METOP-C_20240827_TAUSFC_CLD.nc
Saved: /perm/dnk8355/paper2026/netcdf_daily_1april2024_31march2026/METOP-C_20240827_TDOWN_CLD.nc
Saved: /perm/dnk8355/paper2026/netcdf_daily_1april2024_31march2026/METOP-C_20240827_TUP_CLD.nc
Saved: /perm/dnk8355/paper2026/netcdf_daily_1april2024_31march2026/METOP-C_20240827_FG_DEP.nc
Saved: /perm/dnk8355/paper2026/netcdf_daily_1april2024_31march2026/METOP-C_20240827_AN_DEP.nc
[445383] Saved daily NetCDFs for amsua_ofb_lwda_20240827_NH_SH_variables_filtered_lsm_lower02.odb
Saved summary: /perm/dnk8355/paper2026/netcdf_daily_1april2024_31march2026/METOP-B_20240828_summary.txt
Saved: /perm/dnk8355/paper2026/netcdf_daily_1april2024_31march2026/METOP-B_20240828_OBSVALUE.nc
Saved: /perm/dnk8355/paper2026/netcdf_daily_1april2024_31march2026/METOP-B_20240828_EMIS_WATER.nc
Saved: /perm/dnk8355/paper2026/netcdf_daily_1april2024_31march2026/METOP-B_20240828_TAUSFC.nc
Saved: /perm/dnk8355/paper2026/netcdf_daily_1april2024_31march2026/METOP-B_20240828_TDOWN.nc
Saved: /perm/dnk8355/paper2026/netcdf_daily_1april2024_31march2026/METOP-B_20240828_TUP.nc
Saved: /perm/dnk8355/paper2026/netcdf_daily_1april2024_31march2026/METOP-B_20240828_TAUSFC_CLD.nc
Saved: /perm/dnk8355/paper2026/netcdf_daily_1april2024_31march2026/METOP-B_20240828_TDOWN_CLD.nc
Saved: /perm/dnk8355/paper2026/netcdf_daily_1april2024_31march2026/METOP-B_20240828_TUP_CLD.nc
Saved: /perm/dnk8355/paper2026/netcdf_daily_1april2024_31march2026/METOP-B_20240828_FG_DEP.nc
Saved: /perm/dnk8355/paper2026/netcdf_daily_1april2024_31march2026/METOP-B_20240828_AN_DEP.nc
Saved summary: /perm/dnk8355/paper2026/netcdf_daily_1april2024_31march2026/METOP-C_20240828_summary.txt
Saved: /perm/dnk8355/paper2026/netcdf_daily_1april2024_31march2026/METOP-C_20240828_OBSVALUE.nc
Saved: /perm/dnk8355/paper2026/netcdf_daily_1april2024_31march2026/METOP-C_20240828_EMIS_WATER.nc
Saved: /perm/dnk8355/paper2026/netcdf_daily_1april2024_31march2026/METOP-C_20240828_TAUSFC.nc
Saved: /perm/dnk8355/paper2026/netcdf_daily_1april2024_31march2026/METOP-C_20240828_TDOWN.nc
Saved: /perm/dnk8355/paper2026/netcdf_daily_1april2024_31march2026/METOP-C_20240828_TUP.nc
Saved: /perm/dnk8355/paper2026/netcdf_daily_1april2024_31march2026/METOP-C_20240828_TAUSFC_CLD.nc
Saved: /perm/dnk8355/paper2026/netcdf_daily_1april2024_31march2026/METOP-C_20240828_TDOWN_CLD.nc
Saved: /perm/dnk8355/paper2026/netcdf_daily_1april2024_31march2026/METOP-C_20240828_TUP_CLD.nc
Saved: /perm/dnk8355/paper2026/netcdf_daily_1april2024_31march2026/METOP-C_20240828_FG_DEP.nc
Saved: /perm/dnk8355/paper2026/netcdf_daily_1april2024_31march2026/METOP-C_20240828_AN_DEP.nc
[445383] Saved daily NetCDFs for amsua_ofb_lwda_20240828_NH_SH_variables_filtered_lsm_lower02.odb
Saved summary: /perm/dnk8355/paper2026/netcdf_daily_1april2024_31march2026/METOP-B_20240829_summary.txt
Saved: /perm/dnk8355/paper2026/netcdf_daily_1april2024_31march2026/METOP-B_20240829_OBSVALUE.nc
Saved: /perm/dnk8355/paper2026/netcdf_daily_1april2024_31march2026/METOP-B_20240829_EMIS_WATER.nc
Saved: /perm/dnk8355/paper2026/netcdf_daily_1april2024_31march2026/METOP-B_20240829_TAUSFC.nc
Saved: /perm/dnk8355/paper2026/netcdf_daily_1april2024_31march2026/METOP-B_20240829_TDOWN.nc
Saved: /perm/dnk8355/paper2026/netcdf_daily_1april2024_31march2026/METOP-B_20240829_TUP.nc
Saved: /perm/dnk8355/paper2026/netcdf_daily_1april2024_31march2026/METOP-B_20240829_TAUSFC_CLD.nc
Saved: /perm/dnk8355/paper2026/netcdf_daily_1april2024_31march2026/METOP-B_20240829_TDOWN_CLD.nc
Saved: /perm/dnk8355/paper2026/netcdf_daily_1april2024_31march2026/METOP-B_20240829_TUP_CLD.nc
Saved: /perm/dnk8355/paper2026/netcdf_daily_1april2024_31march2026/METOP-B_20240829_FG_DEP.nc
Saved: /perm/dnk8355/paper2026/netcdf_daily_1april2024_31march2026/METOP-B_20240829_AN_DEP.nc
Saved summary: /perm/dnk8355/paper2026/netcdf_daily_1april2024_31march2026/METOP-C_20240829_summary.txt
Saved: /perm/dnk8355/paper2026/netcdf_daily_1april2024_31march2026/METOP-C_20240829_OBSVALUE.nc
Saved: /perm/dnk8355/paper2026/netcdf_daily_1april2024_31march2026/METOP-C_20240829_EMIS_WATER.nc
Saved: /perm/dnk8355/paper2026/netcdf_daily_1april2024_31march2026/METOP-C_20240829_TAUSFC.nc
Saved: /perm/dnk8355/paper2026/netcdf_daily_1april2024_31march2026/METOP-C_20240829_TDOWN.nc
Saved: /perm/dnk8355/paper2026/netcdf_daily_1april2024_31march2026/METOP-C_20240829_TUP.nc
Saved: /perm/dnk8355/paper2026/netcdf_daily_1april2024_31march2026/METOP-C_20240829_TAUSFC_CLD.nc
Saved: /perm/dnk8355/paper2026/netcdf_daily_1april2024_31march2026/METOP-C_20240829_TDOWN_CLD.nc
Saved: /perm/dnk8355/paper2026/netcdf_daily_1april2024_31march2026/METOP-C_20240829_TUP_CLD.nc
Saved: /perm/dnk8355/paper2026/netcdf_daily_1april2024_31march2026/METOP-C_20240829_FG_DEP.nc
Saved: /perm/dnk8355/paper2026/netcdf_daily_1april2024_31march2026/METOP-C_20240829_AN_DEP.nc
[445383] Saved daily NetCDFs for amsua_ofb_lwda_20240829_NH_SH_variables_filtered_lsm_lower02.odb
Saved summary: /perm/dnk8355/paper2026/netcdf_daily_1april2024_31march2026/METOP-B_20240830_summary.txt
Saved: /perm/dnk8355/paper2026/netcdf_daily_1april2024_31march2026/METOP-B_20240830_OBSVALUE.nc
Saved: /perm/dnk8355/paper2026/netcdf_daily_1april2024_31march2026/METOP-B_20240830_EMIS_WATER.nc
Saved: /perm/dnk8355/paper2026/netcdf_daily_1april2024_31march2026/METOP-B_20240830_TAUSFC.nc
Saved: /perm/dnk8355/paper2026/netcdf_daily_1april2024_31march2026/METOP-B_20240830_TDOWN.nc
Saved: /perm/dnk8355/paper2026/netcdf_daily_1april2024_31march2026/METOP-B_20240830_TUP.nc
Saved: /perm/dnk8355/paper2026/netcdf_daily_1april2024_31march2026/METOP-B_20240830_TAUSFC_CLD.nc
Saved: /perm/dnk8355/paper2026/netcdf_daily_1april2024_31march2026/METOP-B_20240830_TDOWN_CLD.nc
Saved: /perm/dnk8355/paper2026/netcdf_daily_1april2024_31march2026/METOP-B_20240830_TUP_CLD.nc
Saved: /perm/dnk8355/paper2026/netcdf_daily_1april2024_31march2026/METOP-B_20240830_FG_DEP.nc
Saved: /perm/dnk8355/paper2026/netcdf_daily_1april2024_31march2026/METOP-B_20240830_AN_DEP.nc
Saved summary: /perm/dnk8355/paper2026/netcdf_daily_1april2024_31march2026/METOP-C_20240830_summary.txt
Saved: /perm/dnk8355/paper2026/netcdf_daily_1april2024_31march2026/METOP-C_20240830_OBSVALUE.nc
Saved: /perm/dnk8355/paper2026/netcdf_daily_1april2024_31march2026/METOP-C_20240830_EMIS_WATER.nc
Saved: /perm/dnk8355/paper2026/netcdf_daily_1april2024_31march2026/METOP-C_20240830_TAUSFC.nc
Saved: /perm/dnk8355/paper2026/netcdf_daily_1april2024_31march2026/METOP-C_20240830_TDOWN.nc
Saved: /perm/dnk8355/paper2026/netcdf_daily_1april2024_31march2026/METOP-C_20240830_TUP.nc
Saved: /perm/dnk8355/paper2026/netcdf_daily_1april2024_31march2026/METOP-C_20240830_TAUSFC_CLD.nc
Saved: /perm/dnk8355/paper2026/netcdf_daily_1april2024_31march2026/METOP-C_20240830_TDOWN_CLD.nc
Saved: /perm/dnk8355/paper2026/netcdf_daily_1april2024_31march2026/METOP-C_20240830_TUP_CLD.nc
Saved: /perm/dnk8355/paper2026/netcdf_daily_1april2024_31march2026/METOP-C_20240830_FG_DEP.nc
Saved: /perm/dnk8355/paper2026/netcdf_daily_1april2024_31march2026/METOP-C_20240830_AN_DEP.nc
[445383] Saved daily NetCDFs for amsua_ofb_lwda_20240830_NH_SH_variables_filtered_lsm_lower02.odb
Saved summary: /perm/dnk8355/paper2026/netcdf_daily_1april2024_31march2026/METOP-B_20240831_summary.txt
Saved: /perm/dnk8355/paper2026/netcdf_daily_1april2024_31march2026/METOP-B_20240831_OBSVALUE.nc
Saved: /perm/dnk8355/paper2026/netcdf_daily_1april2024_31march2026/METOP-B_20240831_EMIS_WATER.nc
Saved: /perm/dnk8355/paper2026/netcdf_daily_1april2024_31march2026/METOP-B_20240831_TAUSFC.nc
Saved: /perm/dnk8355/paper2026/netcdf_daily_1april2024_31march2026/METOP-B_20240831_TDOWN.nc
Saved: /perm/dnk8355/paper2026/netcdf_daily_1april2024_31march2026/METOP-B_20240831_TUP.nc
Saved: /perm/dnk8355/paper2026/netcdf_daily_1april2024_31march2026/METOP-B_20240831_TAUSFC_CLD.nc
Saved: /perm/dnk8355/paper2026/netcdf_daily_1april2024_31march2026/METOP-B_20240831_TDOWN_CLD.nc
Saved: /perm/dnk8355/paper2026/netcdf_daily_1april2024_31march2026/METOP-B_20240831_TUP_CLD.nc
Saved: /perm/dnk8355/paper2026/netcdf_daily_1april2024_31march2026/METOP-B_20240831_FG_DEP.nc
Saved: /perm/dnk8355/paper2026/netcdf_daily_1april2024_31march2026/METOP-B_20240831_AN_DEP.nc
Saved summary: /perm/dnk8355/paper2026/netcdf_daily_1april2024_31march2026/METOP-C_20240831_summary.txt
Saved: /perm/dnk8355/paper2026/netcdf_daily_1april2024_31march2026/METOP-C_20240831_OBSVALUE.nc
Saved: /perm/dnk8355/paper2026/netcdf_daily_1april2024_31march2026/METOP-C_20240831_EMIS_WATER.nc
Saved: /perm/dnk8355/paper2026/netcdf_daily_1april2024_31march2026/METOP-C_20240831_TAUSFC.nc
Saved: /perm/dnk8355/paper2026/netcdf_daily_1april2024_31march2026/METOP-C_20240831_TDOWN.nc
Saved: /perm/dnk8355/paper2026/netcdf_daily_1april2024_31march2026/METOP-C_20240831_TUP.nc
Saved: /perm/dnk8355/paper2026/netcdf_daily_1april2024_31march2026/METOP-C_20240831_TAUSFC_CLD.nc
Saved: /perm/dnk8355/paper2026/netcdf_daily_1april2024_31march2026/METOP-C_20240831_TDOWN_CLD.nc
Saved: /perm/dnk8355/paper2026/netcdf_daily_1april2024_31march2026/METOP-C_20240831_TUP_CLD.nc
Saved: /perm/dnk8355/paper2026/netcdf_daily_1april2024_31march2026/METOP-C_20240831_FG_DEP.nc
Saved: /perm/dnk8355/paper2026/netcdf_daily_1april2024_31march2026/METOP-C_20240831_AN_DEP.nc
[445383] Saved daily NetCDFs for amsua_ofb_lwda_20240831_NH_SH_variables_filtered_lsm_lower02.odb
Saved summary: /perm/dnk8355/paper2026/netcdf_daily_1april2024_31march2026/METOP-B_20240901_summary.txt
Saved: /perm/dnk8355/paper2026/netcdf_daily_1april2024_31march2026/METOP-B_20240901_OBSVALUE.nc
Saved: /perm/dnk8355/paper2026/netcdf_daily_1april2024_31march2026/METOP-B_20240901_EMIS_WATER.nc
Saved: /perm/dnk8355/paper2026/netcdf_daily_1april2024_31march2026/METOP-B_20240901_TAUSFC.nc
Saved: /perm/dnk8355/paper2026/netcdf_daily_1april2024_31march2026/METOP-B_20240901_TDOWN.nc
Saved: /perm/dnk8355/paper2026/netcdf_daily_1april2024_31march2026/METOP-B_20240901_TUP.nc
Saved: /perm/dnk8355/paper2026/netcdf_daily_1april2024_31march2026/METOP-B_20240901_TAUSFC_CLD.nc
Saved: /perm/dnk8355/paper2026/netcdf_daily_1april2024_31march2026/METOP-B_20240901_TDOWN_CLD.nc
Saved: /perm/dnk8355/paper2026/netcdf_daily_1april2024_31march2026/METOP-B_20240901_TUP_CLD.nc
Saved: /perm/dnk8355/paper2026/netcdf_daily_1april2024_31march2026/METOP-B_20240901_FG_DEP.nc
Saved: /perm/dnk8355/paper2026/netcdf_daily_1april2024_31march2026/METOP-B_20240901_AN_DEP.nc
Saved summary: /perm/dnk8355/paper2026/netcdf_daily_1april2024_31march2026/METOP-C_20240901_summary.txt
Saved: /perm/dnk8355/paper2026/netcdf_daily_1april2024_31march2026/METOP-C_20240901_OBSVALUE.nc
Saved: /perm/dnk8355/paper2026/netcdf_daily_1april2024_31march2026/METOP-C_20240901_EMIS_WATER.nc
Saved: /perm/dnk8355/paper2026/netcdf_daily_1april2024_31march2026/METOP-C_20240901_TAUSFC.nc
Saved: /perm/dnk8355/paper2026/netcdf_daily_1april2024_31march2026/METOP-C_20240901_TDOWN.nc
Saved: /perm/dnk8355/paper2026/netcdf_daily_1april2024_31march2026/METOP-C_20240901_TUP.nc
Saved: /perm/dnk8355/paper2026/netcdf_daily_1april2024_31march2026/METOP-C_20240901_TAUSFC_CLD.nc
Saved: /perm/dnk8355/paper2026/netcdf_daily_1april2024_31march2026/METOP-C_20240901_TDOWN_CLD.nc
Saved: /perm/dnk8355/paper2026/netcdf_daily_1april2024_31march2026/METOP-C_20240901_TUP_CLD.nc
Saved: /perm/dnk8355/paper2026/netcdf_daily_1april2024_31march2026/METOP-C_20240901_FG_DEP.nc
Saved: /perm/dnk8355/paper2026/netcdf_daily_1april2024_31march2026/METOP-C_20240901_AN_DEP.nc
[445383] Saved daily NetCDFs for amsua_ofb_lwda_20240901_NH_SH_variables_filtered_lsm_lower02.odb
Saved summary: /perm/dnk8355/paper2026/netcdf_daily_1april2024_31march2026/METOP-B_20240902_summary.txt
Saved: /perm/dnk8355/paper2026/netcdf_daily_1april2024_31march2026/METOP-B_20240902_OBSVALUE.nc
Saved: /perm/dnk8355/paper2026/netcdf_daily_1april2024_31march2026/METOP-B_20240902_EMIS_WATER.nc
Saved: /perm/dnk8355/paper2026/netcdf_daily_1april2024_31march2026/METOP-B_20240902_TAUSFC.nc
Saved: /perm/dnk8355/paper2026/netcdf_daily_1april2024_31march2026/METOP-B_20240902_TDOWN.nc
Saved: /perm/dnk8355/paper2026/netcdf_daily_1april2024_31march2026/METOP-B_20240902_TUP.nc
Saved: /perm/dnk8355/paper2026/netcdf_daily_1april2024_31march2026/METOP-B_20240902_TAUSFC_CLD.nc
Saved: /perm/dnk8355/paper2026/netcdf_daily_1april2024_31march2026/METOP-B_20240902_TDOWN_CLD.nc
Saved: /perm/dnk8355/paper2026/netcdf_daily_1april2024_31march2026/METOP-B_20240902_TUP_CLD.nc
Saved: /perm/dnk8355/paper2026/netcdf_daily_1april2024_31march2026/METOP-B_20240902_FG_DEP.nc
Saved: /perm/dnk8355/paper2026/netcdf_daily_1april2024_31march2026/METOP-B_20240902_AN_DEP.nc
Saved summary: /perm/dnk8355/paper2026/netcdf_daily_1april2024_31march2026/METOP-C_20240902_summary.txt
Saved: /perm/dnk8355/paper2026/netcdf_daily_1april2024_31march2026/METOP-C_20240902_OBSVALUE.nc
Saved: /perm/dnk8355/paper2026/netcdf_daily_1april2024_31march2026/METOP-C_20240902_EMIS_WATER.nc
Saved: /perm/dnk8355/paper2026/netcdf_daily_1april2024_31march2026/METOP-C_20240902_TAUSFC.nc
Saved: /perm/dnk8355/paper2026/netcdf_daily_1april2024_31march2026/METOP-C_20240902_TDOWN.nc
Saved: /perm/dnk8355/paper2026/netcdf_daily_1april2024_31march2026/METOP-C_20240902_TUP.nc
Saved: /perm/dnk8355/paper2026/netcdf_daily_1april2024_31march2026/METOP-C_20240902_TAUSFC_CLD.nc
Saved: /perm/dnk8355/paper2026/netcdf_daily_1april2024_31march2026/METOP-C_20240902_TDOWN_CLD.nc
Saved: /perm/dnk8355/paper2026/netcdf_daily_1april2024_31march2026/METOP-C_20240902_TUP_CLD.nc
Saved: /perm/dnk8355/paper2026/netcdf_daily_1april2024_31march2026/METOP-C_20240902_FG_DEP.nc
Saved: /perm/dnk8355/paper2026/netcdf_daily_1april2024_31march2026/METOP-C_20240902_AN_DEP.nc
[445383] Saved daily NetCDFs for amsua_ofb_lwda_20240902_NH_SH_variables_filtered_lsm_lower02.odb
Saved summary: /perm/dnk8355/paper2026/netcdf_daily_1april2024_31march2026/METOP-B_20240903_summary.txt
Saved: /perm/dnk8355/paper2026/netcdf_daily_1april2024_31march2026/METOP-B_20240903_OBSVALUE.nc
Saved: /perm/dnk8355/paper2026/netcdf_daily_1april2024_31march2026/METOP-B_20240903_EMIS_WATER.nc
Saved: /perm/dnk8355/paper2026/netcdf_daily_1april2024_31march2026/METOP-B_20240903_TAUSFC.nc
Saved: /perm/dnk8355/paper2026/netcdf_daily_1april2024_31march2026/METOP-B_20240903_TDOWN.nc
Saved: /perm/dnk8355/paper2026/netcdf_daily_1april2024_31march2026/METOP-B_20240903_TUP.nc
Saved: /perm/dnk8355/paper2026/netcdf_daily_1april2024_31march2026/METOP-B_20240903_TAUSFC_CLD.nc
Saved: /perm/dnk8355/paper2026/netcdf_daily_1april2024_31march2026/METOP-B_20240903_TDOWN_CLD.nc
Saved: /perm/dnk8355/paper2026/netcdf_daily_1april2024_31march2026/METOP-B_20240903_TUP_CLD.nc
Saved: /perm/dnk8355/paper2026/netcdf_daily_1april2024_31march2026/METOP-B_20240903_FG_DEP.nc
Saved: /perm/dnk8355/paper2026/netcdf_daily_1april2024_31march2026/METOP-B_20240903_AN_DEP.nc
Saved summary: /perm/dnk8355/paper2026/netcdf_daily_1april2024_31march2026/METOP-C_20240903_summary.txt
Saved: /perm/dnk8355/paper2026/netcdf_daily_1april2024_31march2026/METOP-C_20240903_OBSVALUE.nc
Saved: /perm/dnk8355/paper2026/netcdf_daily_1april2024_31march2026/METOP-C_20240903_EMIS_WATER.nc
Saved: /perm/dnk8355/paper2026/netcdf_daily_1april2024_31march2026/METOP-C_20240903_TAUSFC.nc
Saved: /perm/dnk8355/paper2026/netcdf_daily_1april2024_31march2026/METOP-C_20240903_TDOWN.nc
Saved: /perm/dnk8355/paper2026/netcdf_daily_1april2024_31march2026/METOP-C_20240903_TUP.nc
Saved: /perm/dnk8355/paper2026/netcdf_daily_1april2024_31march2026/METOP-C_20240903_TAUSFC_CLD.nc
Saved: /perm/dnk8355/paper2026/netcdf_daily_1april2024_31march2026/METOP-C_20240903_TDOWN_CLD.nc
Saved: /perm/dnk8355/paper2026/netcdf_daily_1april2024_31march2026/METOP-C_20240903_TUP_CLD.nc
Saved: /perm/dnk8355/paper2026/netcdf_daily_1april2024_31march2026/METOP-C_20240903_FG_DEP.nc
Saved: /perm/dnk8355/paper2026/netcdf_daily_1april2024_31march2026/METOP-C_20240903_AN_DEP.nc
[445383] Saved daily NetCDFs for amsua_ofb_lwda_20240903_NH_SH_variables_filtered_lsm_lower02.odb
Saved summary: /perm/dnk8355/paper2026/netcdf_daily_1april2024_31march2026/METOP-B_20240904_summary.txt
Saved: /perm/dnk8355/paper2026/netcdf_daily_1april2024_31march2026/METOP-B_20240904_OBSVALUE.nc
Saved: /perm/dnk8355/paper2026/netcdf_daily_1april2024_31march2026/METOP-B_20240904_EMIS_WATER.nc
Saved: /perm/dnk8355/paper2026/netcdf_daily_1april2024_31march2026/METOP-B_20240904_TAUSFC.nc
Saved: /perm/dnk8355/paper2026/netcdf_daily_1april2024_31march2026/METOP-B_20240904_TDOWN.nc
Saved: /perm/dnk8355/paper2026/netcdf_daily_1april2024_31march2026/METOP-B_20240904_TUP.nc
Saved: /perm/dnk8355/paper2026/netcdf_daily_1april2024_31march2026/METOP-B_20240904_TAUSFC_CLD.nc
Saved: /perm/dnk8355/paper2026/netcdf_daily_1april2024_31march2026/METOP-B_20240904_TDOWN_CLD.nc
Saved: /perm/dnk8355/paper2026/netcdf_daily_1april2024_31march2026/METOP-B_20240904_TUP_CLD.nc
Saved: /perm/dnk8355/paper2026/netcdf_daily_1april2024_31march2026/METOP-B_20240904_FG_DEP.nc
Saved: /perm/dnk8355/paper2026/netcdf_daily_1april2024_31march2026/METOP-B_20240904_AN_DEP.nc
Saved summary: /perm/dnk8355/paper2026/netcdf_daily_1april2024_31march2026/METOP-C_20240904_summary.txt
Saved: /perm/dnk8355/paper2026/netcdf_daily_1april2024_31march2026/METOP-C_20240904_OBSVALUE.nc
Saved: /perm/dnk8355/paper2026/netcdf_daily_1april2024_31march2026/METOP-C_20240904_EMIS_WATER.nc
Saved: /perm/dnk8355/paper2026/netcdf_daily_1april2024_31march2026/METOP-C_20240904_TAUSFC.nc
Saved: /perm/dnk8355/paper2026/netcdf_daily_1april2024_31march2026/METOP-C_20240904_TDOWN.nc
Saved: /perm/dnk8355/paper2026/netcdf_daily_1april2024_31march2026/METOP-C_20240904_TUP.nc
Saved: /perm/dnk8355/paper2026/netcdf_daily_1april2024_31march2026/METOP-C_20240904_TAUSFC_CLD.nc
Saved: /perm/dnk8355/paper2026/netcdf_daily_1april2024_31march2026/METOP-C_20240904_TDOWN_CLD.nc
Saved: /perm/dnk8355/paper2026/netcdf_daily_1april2024_31march2026/METOP-C_20240904_TUP_CLD.nc
Saved: /perm/dnk8355/paper2026/netcdf_daily_1april2024_31march2026/METOP-C_20240904_FG_DEP.nc
Saved: /perm/dnk8355/paper2026/netcdf_daily_1april2024_31march2026/METOP-C_20240904_AN_DEP.nc
[445383] Saved daily NetCDFs for amsua_ofb_lwda_20240904_NH_SH_variables_filtered_lsm_lower02.odb
Saved summary: /perm/dnk8355/paper2026/netcdf_daily_1april2024_31march2026/METOP-B_20240905_summary.txt
Saved: /perm/dnk8355/paper2026/netcdf_daily_1april2024_31march2026/METOP-B_20240905_OBSVALUE.nc
Saved: /perm/dnk8355/paper2026/netcdf_daily_1april2024_31march2026/METOP-B_20240905_EMIS_WATER.nc
Saved: /perm/dnk8355/paper2026/netcdf_daily_1april2024_31march2026/METOP-B_20240905_TAUSFC.nc
Saved: /perm/dnk8355/paper2026/netcdf_daily_1april2024_31march2026/METOP-B_20240905_TDOWN.nc
Saved: /perm/dnk8355/paper2026/netcdf_daily_1april2024_31march2026/METOP-B_20240905_TUP.nc
Saved: /perm/dnk8355/paper2026/netcdf_daily_1april2024_31march2026/METOP-B_20240905_TAUSFC_CLD.nc
Saved: /perm/dnk8355/paper2026/netcdf_daily_1april2024_31march2026/METOP-B_20240905_TDOWN_CLD.nc
Saved: /perm/dnk8355/paper2026/netcdf_daily_1april2024_31march2026/METOP-B_20240905_TUP_CLD.nc
Saved: /perm/dnk8355/paper2026/netcdf_daily_1april2024_31march2026/METOP-B_20240905_FG_DEP.nc
Saved: /perm/dnk8355/paper2026/netcdf_daily_1april2024_31march2026/METOP-B_20240905_AN_DEP.nc
Saved summary: /perm/dnk8355/paper2026/netcdf_daily_1april2024_31march2026/METOP-C_20240905_summary.txt
Saved: /perm/dnk8355/paper2026/netcdf_daily_1april2024_31march2026/METOP-C_20240905_OBSVALUE.nc
Saved: /perm/dnk8355/paper2026/netcdf_daily_1april2024_31march2026/METOP-C_20240905_EMIS_WATER.nc
Saved: /perm/dnk8355/paper2026/netcdf_daily_1april2024_31march2026/METOP-C_20240905_TAUSFC.nc
Saved: /perm/dnk8355/paper2026/netcdf_daily_1april2024_31march2026/METOP-C_20240905_TDOWN.nc
Saved: /perm/dnk8355/paper2026/netcdf_daily_1april2024_31march2026/METOP-C_20240905_TUP.nc
Saved: /perm/dnk8355/paper2026/netcdf_daily_1april2024_31march2026/METOP-C_20240905_TAUSFC_CLD.nc
Saved: /perm/dnk8355/paper2026/netcdf_daily_1april2024_31march2026/METOP-C_20240905_TDOWN_CLD.nc
Saved: /perm/dnk8355/paper2026/netcdf_daily_1april2024_31march2026/METOP-C_20240905_TUP_CLD.nc
Saved: /perm/dnk8355/paper2026/netcdf_daily_1april2024_31march2026/METOP-C_20240905_FG_DEP.nc
Saved: /perm/dnk8355/paper2026/netcdf_daily_1april2024_31march2026/METOP-C_20240905_AN_DEP.nc
[445383] Saved daily NetCDFs for amsua_ofb_lwda_20240905_NH_SH_variables_filtered_lsm_lower02.odb
Saved summary: /perm/dnk8355/paper2026/netcdf_daily_1april2024_31march2026/METOP-B_20240906_summary.txt
Saved: /perm/dnk8355/paper2026/netcdf_daily_1april2024_31march2026/METOP-B_20240906_OBSVALUE.nc
Saved: /perm/dnk8355/paper2026/netcdf_daily_1april2024_31march2026/METOP-B_20240906_EMIS_WATER.nc
Saved: /perm/dnk8355/paper2026/netcdf_daily_1april2024_31march2026/METOP-B_20240906_TAUSFC.nc
Saved: /perm/dnk8355/paper2026/netcdf_daily_1april2024_31march2026/METOP-B_20240906_TDOWN.nc
Saved: /perm/dnk8355/paper2026/netcdf_daily_1april2024_31march2026/METOP-B_20240906_TUP.nc
Saved: /perm/dnk8355/paper2026/netcdf_daily_1april2024_31march2026/METOP-B_20240906_TAUSFC_CLD.nc
Saved: /perm/dnk8355/paper2026/netcdf_daily_1april2024_31march2026/METOP-B_20240906_TDOWN_CLD.nc
Saved: /perm/dnk8355/paper2026/netcdf_daily_1april2024_31march2026/METOP-B_20240906_TUP_CLD.nc
Saved: /perm/dnk8355/paper2026/netcdf_daily_1april2024_31march2026/METOP-B_20240906_FG_DEP.nc
Saved: /perm/dnk8355/paper2026/netcdf_daily_1april2024_31march2026/METOP-B_20240906_AN_DEP.nc
Saved summary: /perm/dnk8355/paper2026/netcdf_daily_1april2024_31march2026/METOP-C_20240906_summary.txt
Saved: /perm/dnk8355/paper2026/netcdf_daily_1april2024_31march2026/METOP-C_20240906_OBSVALUE.nc
Saved: /perm/dnk8355/paper2026/netcdf_daily_1april2024_31march2026/METOP-C_20240906_EMIS_WATER.nc
Saved: /perm/dnk8355/paper2026/netcdf_daily_1april2024_31march2026/METOP-C_20240906_TAUSFC.nc
Saved: /perm/dnk8355/paper2026/netcdf_daily_1april2024_31march2026/METOP-C_20240906_TDOWN.nc
Saved: /perm/dnk8355/paper2026/netcdf_daily_1april2024_31march2026/METOP-C_20240906_TUP.nc
Saved: /perm/dnk8355/paper2026/netcdf_daily_1april2024_31march2026/METOP-C_20240906_TAUSFC_CLD.nc
Saved: /perm/dnk8355/paper2026/netcdf_daily_1april2024_31march2026/METOP-C_20240906_TDOWN_CLD.nc
Saved: /perm/dnk8355/paper2026/netcdf_daily_1april2024_31march2026/METOP-C_20240906_TUP_CLD.nc
Saved: /perm/dnk8355/paper2026/netcdf_daily_1april2024_31march2026/METOP-C_20240906_FG_DEP.nc
Saved: /perm/dnk8355/paper2026/netcdf_daily_1april2024_31march2026/METOP-C_20240906_AN_DEP.nc
[445383] Saved daily NetCDFs for amsua_ofb_lwda_20240906_NH_SH_variables_filtered_lsm_lower02.odb
Saved summary: /perm/dnk8355/paper2026/netcdf_daily_1april2024_31march2026/METOP-B_20240907_summary.txt
Saved: /perm/dnk8355/paper2026/netcdf_daily_1april2024_31march2026/METOP-B_20240907_OBSVALUE.nc
Saved: /perm/dnk8355/paper2026/netcdf_daily_1april2024_31march2026/METOP-B_20240907_EMIS_WATER.nc
Saved: /perm/dnk8355/paper2026/netcdf_daily_1april2024_31march2026/METOP-B_20240907_TAUSFC.nc
Saved: /perm/dnk8355/paper2026/netcdf_daily_1april2024_31march2026/METOP-B_20240907_TDOWN.nc
Saved: /perm/dnk8355/paper2026/netcdf_daily_1april2024_31march2026/METOP-B_20240907_TUP.nc
Saved: /perm/dnk8355/paper2026/netcdf_daily_1april2024_31march2026/METOP-B_20240907_TAUSFC_CLD.nc
Saved: /perm/dnk8355/paper2026/netcdf_daily_1april2024_31march2026/METOP-B_20240907_TDOWN_CLD.nc
Saved: /perm/dnk8355/paper2026/netcdf_daily_1april2024_31march2026/METOP-B_20240907_TUP_CLD.nc
Saved: /perm/dnk8355/paper2026/netcdf_daily_1april2024_31march2026/METOP-B_20240907_FG_DEP.nc
Saved: /perm/dnk8355/paper2026/netcdf_daily_1april2024_31march2026/METOP-B_20240907_AN_DEP.nc
Saved summary: /perm/dnk8355/paper2026/netcdf_daily_1april2024_31march2026/METOP-C_20240907_summary.txt
Saved: /perm/dnk8355/paper2026/netcdf_daily_1april2024_31march2026/METOP-C_20240907_OBSVALUE.nc
Saved: /perm/dnk8355/paper2026/netcdf_daily_1april2024_31march2026/METOP-C_20240907_EMIS_WATER.nc
Saved: /perm/dnk8355/paper2026/netcdf_daily_1april2024_31march2026/METOP-C_20240907_TAUSFC.nc
Saved: /perm/dnk8355/paper2026/netcdf_daily_1april2024_31march2026/METOP-C_20240907_TDOWN.nc
Saved: /perm/dnk8355/paper2026/netcdf_daily_1april2024_31march2026/METOP-C_20240907_TUP.nc
Saved: /perm/dnk8355/paper2026/netcdf_daily_1april2024_31march2026/METOP-C_20240907_TAUSFC_CLD.nc
Saved: /perm/dnk8355/paper2026/netcdf_daily_1april2024_31march2026/METOP-C_20240907_TDOWN_CLD.nc
Saved: /perm/dnk8355/paper2026/netcdf_daily_1april2024_31march2026/METOP-C_20240907_TUP_CLD.nc
Saved: /perm/dnk8355/paper2026/netcdf_daily_1april2024_31march2026/METOP-C_20240907_FG_DEP.nc
Saved: /perm/dnk8355/paper2026/netcdf_daily_1april2024_31march2026/METOP-C_20240907_AN_DEP.nc
[445383] Saved daily NetCDFs for amsua_ofb_lwda_20240907_NH_SH_variables_filtered_lsm_lower02.odb
Saved summary: /perm/dnk8355/paper2026/netcdf_daily_1april2024_31march2026/METOP-B_20240908_summary.txt
Saved: /perm/dnk8355/paper2026/netcdf_daily_1april2024_31march2026/METOP-B_20240908_OBSVALUE.nc
Saved: /perm/dnk8355/paper2026/netcdf_daily_1april2024_31march2026/METOP-B_20240908_EMIS_WATER.nc
Saved: /perm/dnk8355/paper2026/netcdf_daily_1april2024_31march2026/METOP-B_20240908_TAUSFC.nc
Saved: /perm/dnk8355/paper2026/netcdf_daily_1april2024_31march2026/METOP-B_20240908_TDOWN.nc
Saved: /perm/dnk8355/paper2026/netcdf_daily_1april2024_31march2026/METOP-B_20240908_TUP.nc
Saved: /perm/dnk8355/paper2026/netcdf_daily_1april2024_31march2026/METOP-B_20240908_TAUSFC_CLD.nc
Saved: /perm/dnk8355/paper2026/netcdf_daily_1april2024_31march2026/METOP-B_20240908_TDOWN_CLD.nc
Saved: /perm/dnk8355/paper2026/netcdf_daily_1april2024_31march2026/METOP-B_20240908_TUP_CLD.nc
Saved: /perm/dnk8355/paper2026/netcdf_daily_1april2024_31march2026/METOP-B_20240908_FG_DEP.nc
Saved: /perm/dnk8355/paper2026/netcdf_daily_1april2024_31march2026/METOP-B_20240908_AN_DEP.nc
Saved summary: /perm/dnk8355/paper2026/netcdf_daily_1april2024_31march2026/METOP-C_20240908_summary.txt
Saved: /perm/dnk8355/paper2026/netcdf_daily_1april2024_31march2026/METOP-C_20240908_OBSVALUE.nc
Saved: /perm/dnk8355/paper2026/netcdf_daily_1april2024_31march2026/METOP-C_20240908_EMIS_WATER.nc
Saved: /perm/dnk8355/paper2026/netcdf_daily_1april2024_31march2026/METOP-C_20240908_TAUSFC.nc
Saved: /perm/dnk8355/paper2026/netcdf_daily_1april2024_31march2026/METOP-C_20240908_TDOWN.nc
Saved: /perm/dnk8355/paper2026/netcdf_daily_1april2024_31march2026/METOP-C_20240908_TUP.nc
Saved: /perm/dnk8355/paper2026/netcdf_daily_1april2024_31march2026/METOP-C_20240908_TAUSFC_CLD.nc
Saved: /perm/dnk8355/paper2026/netcdf_daily_1april2024_31march2026/METOP-C_20240908_TDOWN_CLD.nc
Saved: /perm/dnk8355/paper2026/netcdf_daily_1april2024_31march2026/METOP-C_20240908_TUP_CLD.nc
Saved: /perm/dnk8355/paper2026/netcdf_daily_1april2024_31march2026/METOP-C_20240908_FG_DEP.nc
Saved: /perm/dnk8355/paper2026/netcdf_daily_1april2024_31march2026/METOP-C_20240908_AN_DEP.nc
[445383] Saved daily NetCDFs for amsua_ofb_lwda_20240908_NH_SH_variables_filtered_lsm_lower02.odb
Saved summary: /perm/dnk8355/paper2026/netcdf_daily_1april2024_31march2026/METOP-B_20240909_summary.txt
Saved: /perm/dnk8355/paper2026/netcdf_daily_1april2024_31march2026/METOP-B_20240909_OBSVALUE.nc
Saved: /perm/dnk8355/paper2026/netcdf_daily_1april2024_31march2026/METOP-B_20240909_EMIS_WATER.nc
Saved: /perm/dnk8355/paper2026/netcdf_daily_1april2024_31march2026/METOP-B_20240909_TAUSFC.nc
Saved: /perm/dnk8355/paper2026/netcdf_daily_1april2024_31march2026/METOP-B_20240909_TDOWN.nc
Saved: /perm/dnk8355/paper2026/netcdf_daily_1april2024_31march2026/METOP-B_20240909_TUP.nc
Saved: /perm/dnk8355/paper2026/netcdf_daily_1april2024_31march2026/METOP-B_20240909_TAUSFC_CLD.nc
Saved: /perm/dnk8355/paper2026/netcdf_daily_1april2024_31march2026/METOP-B_20240909_TDOWN_CLD.nc
Saved: /perm/dnk8355/paper2026/netcdf_daily_1april2024_31march2026/METOP-B_20240909_TUP_CLD.nc
Saved: /perm/dnk8355/paper2026/netcdf_daily_1april2024_31march2026/METOP-B_20240909_FG_DEP.nc
Saved: /perm/dnk8355/paper2026/netcdf_daily_1april2024_31march2026/METOP-B_20240909_AN_DEP.nc
Saved summary: /perm/dnk8355/paper2026/netcdf_daily_1april2024_31march2026/METOP-C_20240909_summary.txt
Saved: /perm/dnk8355/paper2026/netcdf_daily_1april2024_31march2026/METOP-C_20240909_OBSVALUE.nc
Saved: /perm/dnk8355/paper2026/netcdf_daily_1april2024_31march2026/METOP-C_20240909_EMIS_WATER.nc
Saved: /perm/dnk8355/paper2026/netcdf_daily_1april2024_31march2026/METOP-C_20240909_TAUSFC.nc
Saved: /perm/dnk8355/paper2026/netcdf_daily_1april2024_31march2026/METOP-C_20240909_TDOWN.nc
Saved: /perm/dnk8355/paper2026/netcdf_daily_1april2024_31march2026/METOP-C_20240909_TUP.nc
Saved: /perm/dnk8355/paper2026/netcdf_daily_1april2024_31march2026/METOP-C_20240909_TAUSFC_CLD.nc
Saved: /perm/dnk8355/paper2026/netcdf_daily_1april2024_31march2026/METOP-C_20240909_TDOWN_CLD.nc
Saved: /perm/dnk8355/paper2026/netcdf_daily_1april2024_31march2026/METOP-C_20240909_TUP_CLD.nc
Saved: /perm/dnk8355/paper2026/netcdf_daily_1april2024_31march2026/METOP-C_20240909_FG_DEP.nc
Saved: /perm/dnk8355/paper2026/netcdf_daily_1april2024_31march2026/METOP-C_20240909_AN_DEP.nc
[445383] Saved daily NetCDFs for amsua_ofb_lwda_20240909_NH_SH_variables_filtered_lsm_lower02.odb
Saved summary: /perm/dnk8355/paper2026/netcdf_daily_1april2024_31march2026/METOP-B_20240910_summary.txt
Saved: /perm/dnk8355/paper2026/netcdf_daily_1april2024_31march2026/METOP-B_20240910_OBSVALUE.nc
Saved: /perm/dnk8355/paper2026/netcdf_daily_1april2024_31march2026/METOP-B_20240910_EMIS_WATER.nc
Saved: /perm/dnk8355/paper2026/netcdf_daily_1april2024_31march2026/METOP-B_20240910_TAUSFC.nc
Saved: /perm/dnk8355/paper2026/netcdf_daily_1april2024_31march2026/METOP-B_20240910_TDOWN.nc
Saved: /perm/dnk8355/paper2026/netcdf_daily_1april2024_31march2026/METOP-B_20240910_TUP.nc
Saved: /perm/dnk8355/paper2026/netcdf_daily_1april2024_31march2026/METOP-B_20240910_TAUSFC_CLD.nc
Saved: /perm/dnk8355/paper2026/netcdf_daily_1april2024_31march2026/METOP-B_20240910_TDOWN_CLD.nc
Saved: /perm/dnk8355/paper2026/netcdf_daily_1april2024_31march2026/METOP-B_20240910_TUP_CLD.nc
Saved: /perm/dnk8355/paper2026/netcdf_daily_1april2024_31march2026/METOP-B_20240910_FG_DEP.nc
Saved: /perm/dnk8355/paper2026/netcdf_daily_1april2024_31march2026/METOP-B_20240910_AN_DEP.nc
Saved summary: /perm/dnk8355/paper2026/netcdf_daily_1april2024_31march2026/METOP-C_20240910_summary.txt
Saved: /perm/dnk8355/paper2026/netcdf_daily_1april2024_31march2026/METOP-C_20240910_OBSVALUE.nc
Saved: /perm/dnk8355/paper2026/netcdf_daily_1april2024_31march2026/METOP-C_20240910_EMIS_WATER.nc
Saved: /perm/dnk8355/paper2026/netcdf_daily_1april2024_31march2026/METOP-C_20240910_TAUSFC.nc
Saved: /perm/dnk8355/paper2026/netcdf_daily_1april2024_31march2026/METOP-C_20240910_TDOWN.nc
Saved: /perm/dnk8355/paper2026/netcdf_daily_1april2024_31march2026/METOP-C_20240910_TUP.nc
Saved: /perm/dnk8355/paper2026/netcdf_daily_1april2024_31march2026/METOP-C_20240910_TAUSFC_CLD.nc
Saved: /perm/dnk8355/paper2026/netcdf_daily_1april2024_31march2026/METOP-C_20240910_TDOWN_CLD.nc
Saved: /perm/dnk8355/paper2026/netcdf_daily_1april2024_31march2026/METOP-C_20240910_TUP_CLD.nc
Saved: /perm/dnk8355/paper2026/netcdf_daily_1april2024_31march2026/METOP-C_20240910_FG_DEP.nc
Saved: /perm/dnk8355/paper2026/netcdf_daily_1april2024_31march2026/METOP-C_20240910_AN_DEP.nc
[445383] Saved daily NetCDFs for amsua_ofb_lwda_20240910_NH_SH_variables_filtered_lsm_lower02.odb
Saved summary: /perm/dnk8355/paper2026/netcdf_daily_1april2024_31march2026/METOP-B_20240911_summary.txt
Saved: /perm/dnk8355/paper2026/netcdf_daily_1april2024_31march2026/METOP-B_20240911_OBSVALUE.nc
Saved: /perm/dnk8355/paper2026/netcdf_daily_1april2024_31march2026/METOP-B_20240911_EMIS_WATER.nc
Saved: /perm/dnk8355/paper2026/netcdf_daily_1april2024_31march2026/METOP-B_20240911_TAUSFC.nc
Saved: /perm/dnk8355/paper2026/netcdf_daily_1april2024_31march2026/METOP-B_20240911_TDOWN.nc
Saved: /perm/dnk8355/paper2026/netcdf_daily_1april2024_31march2026/METOP-B_20240911_TUP.nc
Saved: /perm/dnk8355/paper2026/netcdf_daily_1april2024_31march2026/METOP-B_20240911_TAUSFC_CLD.nc
Saved: /perm/dnk8355/paper2026/netcdf_daily_1april2024_31march2026/METOP-B_20240911_TDOWN_CLD.nc
Saved: /perm/dnk8355/paper2026/netcdf_daily_1april2024_31march2026/METOP-B_20240911_TUP_CLD.nc
Saved: /perm/dnk8355/paper2026/netcdf_daily_1april2024_31march2026/METOP-B_20240911_FG_DEP.nc
Saved: /perm/dnk8355/paper2026/netcdf_daily_1april2024_31march2026/METOP-B_20240911_AN_DEP.nc
Saved summary: /perm/dnk8355/paper2026/netcdf_daily_1april2024_31march2026/METOP-C_20240911_summary.txt
Saved: /perm/dnk8355/paper2026/netcdf_daily_1april2024_31march2026/METOP-C_20240911_OBSVALUE.nc
Saved: /perm/dnk8355/paper2026/netcdf_daily_1april2024_31march2026/METOP-C_20240911_EMIS_WATER.nc
Saved: /perm/dnk8355/paper2026/netcdf_daily_1april2024_31march2026/METOP-C_20240911_TAUSFC.nc
Saved: /perm/dnk8355/paper2026/netcdf_daily_1april2024_31march2026/METOP-C_20240911_TDOWN.nc
Saved: /perm/dnk8355/paper2026/netcdf_daily_1april2024_31march2026/METOP-C_20240911_TUP.nc
Saved: /perm/dnk8355/paper2026/netcdf_daily_1april2024_31march2026/METOP-C_20240911_TAUSFC_CLD.nc
Saved: /perm/dnk8355/paper2026/netcdf_daily_1april2024_31march2026/METOP-C_20240911_TDOWN_CLD.nc
Saved: /perm/dnk8355/paper2026/netcdf_daily_1april2024_31march2026/METOP-C_20240911_TUP_CLD.nc
Saved: /perm/dnk8355/paper2026/netcdf_daily_1april2024_31march2026/METOP-C_20240911_FG_DEP.nc
Saved: /perm/dnk8355/paper2026/netcdf_daily_1april2024_31march2026/METOP-C_20240911_AN_DEP.nc
[445383] Saved daily NetCDFs for amsua_ofb_lwda_20240911_NH_SH_variables_filtered_lsm_lower02.odb
Saved summary: /perm/dnk8355/paper2026/netcdf_daily_1april2024_31march2026/METOP-B_20240912_summary.txt
Saved: /perm/dnk8355/paper2026/netcdf_daily_1april2024_31march2026/METOP-B_20240912_OBSVALUE.nc
Saved: /perm/dnk8355/paper2026/netcdf_daily_1april2024_31march2026/METOP-B_20240912_EMIS_WATER.nc
Saved: /perm/dnk8355/paper2026/netcdf_daily_1april2024_31march2026/METOP-B_20240912_TAUSFC.nc
Saved: /perm/dnk8355/paper2026/netcdf_daily_1april2024_31march2026/METOP-B_20240912_TDOWN.nc
Saved: /perm/dnk8355/paper2026/netcdf_daily_1april2024_31march2026/METOP-B_20240912_TUP.nc
Saved: /perm/dnk8355/paper2026/netcdf_daily_1april2024_31march2026/METOP-B_20240912_TAUSFC_CLD.nc
Saved: /perm/dnk8355/paper2026/netcdf_daily_1april2024_31march2026/METOP-B_20240912_TDOWN_CLD.nc
Saved: /perm/dnk8355/paper2026/netcdf_daily_1april2024_31march2026/METOP-B_20240912_TUP_CLD.nc
Saved: /perm/dnk8355/paper2026/netcdf_daily_1april2024_31march2026/METOP-B_20240912_FG_DEP.nc
Saved: /perm/dnk8355/paper2026/netcdf_daily_1april2024_31march2026/METOP-B_20240912_AN_DEP.nc
Saved summary: /perm/dnk8355/paper2026/netcdf_daily_1april2024_31march2026/METOP-C_20240912_summary.txt
Saved: /perm/dnk8355/paper2026/netcdf_daily_1april2024_31march2026/METOP-C_20240912_OBSVALUE.nc
Saved: /perm/dnk8355/paper2026/netcdf_daily_1april2024_31march2026/METOP-C_20240912_EMIS_WATER.nc
Saved: /perm/dnk8355/paper2026/netcdf_daily_1april2024_31march2026/METOP-C_20240912_TAUSFC.nc
Saved: /perm/dnk8355/paper2026/netcdf_daily_1april2024_31march2026/METOP-C_20240912_TDOWN.nc
Saved: /perm/dnk8355/paper2026/netcdf_daily_1april2024_31march2026/METOP-C_20240912_TUP.nc
Saved: /perm/dnk8355/paper2026/netcdf_daily_1april2024_31march2026/METOP-C_20240912_TAUSFC_CLD.nc
Saved: /perm/dnk8355/paper2026/netcdf_daily_1april2024_31march2026/METOP-C_20240912_TDOWN_CLD.nc
Saved: /perm/dnk8355/paper2026/netcdf_daily_1april2024_31march2026/METOP-C_20240912_TUP_CLD.nc
Saved: /perm/dnk8355/paper2026/netcdf_daily_1april2024_31march2026/METOP-C_20240912_FG_DEP.nc
Saved: /perm/dnk8355/paper2026/netcdf_daily_1april2024_31march2026/METOP-C_20240912_AN_DEP.nc
[445383] Saved daily NetCDFs for amsua_ofb_lwda_20240912_NH_SH_variables_filtered_lsm_lower02.odb
Saved summary: /perm/dnk8355/paper2026/netcdf_daily_1april2024_31march2026/METOP-B_20240913_summary.txt
Saved: /perm/dnk8355/paper2026/netcdf_daily_1april2024_31march2026/METOP-B_20240913_OBSVALUE.nc
Saved: /perm/dnk8355/paper2026/netcdf_daily_1april2024_31march2026/METOP-B_20240913_EMIS_WATER.nc
Saved: /perm/dnk8355/paper2026/netcdf_daily_1april2024_31march2026/METOP-B_20240913_TAUSFC.nc
Saved: /perm/dnk8355/paper2026/netcdf_daily_1april2024_31march2026/METOP-B_20240913_TDOWN.nc
Saved: /perm/dnk8355/paper2026/netcdf_daily_1april2024_31march2026/METOP-B_20240913_TUP.nc
Saved: /perm/dnk8355/paper2026/netcdf_daily_1april2024_31march2026/METOP-B_20240913_TAUSFC_CLD.nc
Saved: /perm/dnk8355/paper2026/netcdf_daily_1april2024_31march2026/METOP-B_20240913_TDOWN_CLD.nc
Saved: /perm/dnk8355/paper2026/netcdf_daily_1april2024_31march2026/METOP-B_20240913_TUP_CLD.nc
Saved: /perm/dnk8355/paper2026/netcdf_daily_1april2024_31march2026/METOP-B_20240913_FG_DEP.nc
Saved: /perm/dnk8355/paper2026/netcdf_daily_1april2024_31march2026/METOP-B_20240913_AN_DEP.nc
Saved summary: /perm/dnk8355/paper2026/netcdf_daily_1april2024_31march2026/METOP-C_20240913_summary.txt
Saved: /perm/dnk8355/paper2026/netcdf_daily_1april2024_31march2026/METOP-C_20240913_OBSVALUE.nc
Saved: /perm/dnk8355/paper2026/netcdf_daily_1april2024_31march2026/METOP-C_20240913_EMIS_WATER.nc
Saved: /perm/dnk8355/paper2026/netcdf_daily_1april2024_31march2026/METOP-C_20240913_TAUSFC.nc
Saved: /perm/dnk8355/paper2026/netcdf_daily_1april2024_31march2026/METOP-C_20240913_TDOWN.nc
Saved: /perm/dnk8355/paper2026/netcdf_daily_1april2024_31march2026/METOP-C_20240913_TUP.nc
Saved: /perm/dnk8355/paper2026/netcdf_daily_1april2024_31march2026/METOP-C_20240913_TAUSFC_CLD.nc
Saved: /perm/dnk8355/paper2026/netcdf_daily_1april2024_31march2026/METOP-C_20240913_TDOWN_CLD.nc
Saved: /perm/dnk8355/paper2026/netcdf_daily_1april2024_31march2026/METOP-C_20240913_TUP_CLD.nc
Saved: /perm/dnk8355/paper2026/netcdf_daily_1april2024_31march2026/METOP-C_20240913_FG_DEP.nc
Saved: /perm/dnk8355/paper2026/netcdf_daily_1april2024_31march2026/METOP-C_20240913_AN_DEP.nc
[445383] Saved daily NetCDFs for amsua_ofb_lwda_20240913_NH_SH_variables_filtered_lsm_lower02.odb
Saved summary: /perm/dnk8355/paper2026/netcdf_daily_1april2024_31march2026/METOP-B_20240914_summary.txt
Saved: /perm/dnk8355/paper2026/netcdf_daily_1april2024_31march2026/METOP-B_20240914_OBSVALUE.nc
Saved: /perm/dnk8355/paper2026/netcdf_daily_1april2024_31march2026/METOP-B_20240914_EMIS_WATER.nc
Saved: /perm/dnk8355/paper2026/netcdf_daily_1april2024_31march2026/METOP-B_20240914_TAUSFC.nc
Saved: /perm/dnk8355/paper2026/netcdf_daily_1april2024_31march2026/METOP-B_20240914_TDOWN.nc
Saved: /perm/dnk8355/paper2026/netcdf_daily_1april2024_31march2026/METOP-B_20240914_TUP.nc
Saved: /perm/dnk8355/paper2026/netcdf_daily_1april2024_31march2026/METOP-B_20240914_TAUSFC_CLD.nc
Saved: /perm/dnk8355/paper2026/netcdf_daily_1april2024_31march2026/METOP-B_20240914_TDOWN_CLD.nc
Saved: /perm/dnk8355/paper2026/netcdf_daily_1april2024_31march2026/METOP-B_20240914_TUP_CLD.nc
Saved: /perm/dnk8355/paper2026/netcdf_daily_1april2024_31march2026/METOP-B_20240914_FG_DEP.nc
Saved: /perm/dnk8355/paper2026/netcdf_daily_1april2024_31march2026/METOP-B_20240914_AN_DEP.nc
Saved summary: /perm/dnk8355/paper2026/netcdf_daily_1april2024_31march2026/METOP-C_20240914_summary.txt
Saved: /perm/dnk8355/paper2026/netcdf_daily_1april2024_31march2026/METOP-C_20240914_OBSVALUE.nc
Saved: /perm/dnk8355/paper2026/netcdf_daily_1april2024_31march2026/METOP-C_20240914_EMIS_WATER.nc
Saved: /perm/dnk8355/paper2026/netcdf_daily_1april2024_31march2026/METOP-C_20240914_TAUSFC.nc
Saved: /perm/dnk8355/paper2026/netcdf_daily_1april2024_31march2026/METOP-C_20240914_TDOWN.nc
Saved: /perm/dnk8355/paper2026/netcdf_daily_1april2024_31march2026/METOP-C_20240914_TUP.nc
Saved: /perm/dnk8355/paper2026/netcdf_daily_1april2024_31march2026/METOP-C_20240914_TAUSFC_CLD.nc
Saved: /perm/dnk8355/paper2026/netcdf_daily_1april2024_31march2026/METOP-C_20240914_TDOWN_CLD.nc
Saved: /perm/dnk8355/paper2026/netcdf_daily_1april2024_31march2026/METOP-C_20240914_TUP_CLD.nc
Saved: /perm/dnk8355/paper2026/netcdf_daily_1april2024_31march2026/METOP-C_20240914_FG_DEP.nc
Saved: /perm/dnk8355/paper2026/netcdf_daily_1april2024_31march2026/METOP-C_20240914_AN_DEP.nc
[445383] Saved daily NetCDFs for amsua_ofb_lwda_20240914_NH_SH_variables_filtered_lsm_lower02.odb
Saved summary: /perm/dnk8355/paper2026/netcdf_daily_1april2024_31march2026/METOP-B_20240915_summary.txt
Saved: /perm/dnk8355/paper2026/netcdf_daily_1april2024_31march2026/METOP-B_20240915_OBSVALUE.nc
Saved: /perm/dnk8355/paper2026/netcdf_daily_1april2024_31march2026/METOP-B_20240915_EMIS_WATER.nc
Saved: /perm/dnk8355/paper2026/netcdf_daily_1april2024_31march2026/METOP-B_20240915_TAUSFC.nc
Saved: /perm/dnk8355/paper2026/netcdf_daily_1april2024_31march2026/METOP-B_20240915_TDOWN.nc
Saved: /perm/dnk8355/paper2026/netcdf_daily_1april2024_31march2026/METOP-B_20240915_TUP.nc
Saved: /perm/dnk8355/paper2026/netcdf_daily_1april2024_31march2026/METOP-B_20240915_TAUSFC_CLD.nc
Saved: /perm/dnk8355/paper2026/netcdf_daily_1april2024_31march2026/METOP-B_20240915_TDOWN_CLD.nc
Saved: /perm/dnk8355/paper2026/netcdf_daily_1april2024_31march2026/METOP-B_20240915_TUP_CLD.nc
Saved: /perm/dnk8355/paper2026/netcdf_daily_1april2024_31march2026/METOP-B_20240915_FG_DEP.nc
Saved: /perm/dnk8355/paper2026/netcdf_daily_1april2024_31march2026/METOP-B_20240915_AN_DEP.nc
Saved summary: /perm/dnk8355/paper2026/netcdf_daily_1april2024_31march2026/METOP-C_20240915_summary.txt
Saved: /perm/dnk8355/paper2026/netcdf_daily_1april2024_31march2026/METOP-C_20240915_OBSVALUE.nc
Saved summary: /perm/dnk8355/paper2026/netcdf_daily_1april2024_31march2026/METOP-B_20240401_summary.txt
Saved: /perm/dnk8355/paper2026/netcdf_daily_1april2024_31march2026/METOP-B_20240401_OBSVALUE.nc
Saved: /perm/dnk8355/paper2026/netcdf_daily_1april2024_31march2026/METOP-B_20240401_EMIS_WATER.nc
Saved: /perm/dnk8355/paper2026/netcdf_daily_1april2024_31march2026/METOP-B_20240401_TAUSFC.nc
Saved: /perm/dnk8355/paper2026/netcdf_daily_1april2024_31march2026/METOP-B_20240401_TDOWN.nc
Saved: /perm/dnk8355/paper2026/netcdf_daily_1april2024_31march2026/METOP-B_20240401_TUP.nc
Saved: /perm/dnk8355/paper2026/netcdf_daily_1april2024_31march2026/METOP-B_20240401_TAUSFC_CLD.nc
Saved: /perm/dnk8355/paper2026/netcdf_daily_1april2024_31march2026/METOP-B_20240401_TDOWN_CLD.nc
Saved: /perm/dnk8355/paper2026/netcdf_daily_1april2024_31march2026/METOP-B_20240401_TUP_CLD.nc
Saved: /perm/dnk8355/paper2026/netcdf_daily_1april2024_31march2026/METOP-B_20240401_FG_DEP.nc
Saved: /perm/dnk8355/paper2026/netcdf_daily_1april2024_31march2026/METOP-B_20240401_AN_DEP.nc
Saved summary: /perm/dnk8355/paper2026/netcdf_daily_1april2024_31march2026/METOP-C_20240401_summary.txt
Saved: /perm/dnk8355/paper2026/netcdf_daily_1april2024_31march2026/METOP-C_20240401_OBSVALUE.nc
Saved: /perm/dnk8355/paper2026/netcdf_daily_1april2024_31march2026/METOP-C_20240401_EMIS_WATER.nc
Saved: /perm/dnk8355/paper2026/netcdf_daily_1april2024_31march2026/METOP-C_20240401_TAUSFC.nc
Saved: /perm/dnk8355/paper2026/netcdf_daily_1april2024_31march2026/METOP-C_20240401_TDOWN.nc
Saved: /perm/dnk8355/paper2026/netcdf_daily_1april2024_31march2026/METOP-C_20240401_TUP.nc
Saved: /perm/dnk8355/paper2026/netcdf_daily_1april2024_31march2026/METOP-C_20240401_TAUSFC_CLD.nc
Saved: /perm/dnk8355/paper2026/netcdf_daily_1april2024_31march2026/METOP-C_20240401_TDOWN_CLD.nc
Saved: /perm/dnk8355/paper2026/netcdf_daily_1april2024_31march2026/METOP-C_20240401_TUP_CLD.nc
Saved: /perm/dnk8355/paper2026/netcdf_daily_1april2024_31march2026/METOP-C_20240401_FG_DEP.nc
Saved: /perm/dnk8355/paper2026/netcdf_daily_1april2024_31march2026/METOP-C_20240401_AN_DEP.nc
[445380] Saved daily NetCDFs for amsua_ofb_lwda_20240401_NH_SH_variables_filtered_lsm_lower02.odb
Saved summary: /perm/dnk8355/paper2026/netcdf_daily_1april2024_31march2026/METOP-B_20240402_summary.txt
Saved: /perm/dnk8355/paper2026/netcdf_daily_1april2024_31march2026/METOP-B_20240402_OBSVALUE.nc
Saved: /perm/dnk8355/paper2026/netcdf_daily_1april2024_31march2026/METOP-B_20240402_EMIS_WATER.nc
Saved: /perm/dnk8355/paper2026/netcdf_daily_1april2024_31march2026/METOP-B_20240402_TAUSFC.nc
Saved: /perm/dnk8355/paper2026/netcdf_daily_1april2024_31march2026/METOP-B_20240402_TDOWN.nc
Saved: /perm/dnk8355/paper2026/netcdf_daily_1april2024_31march2026/METOP-B_20240402_TUP.nc
Saved: /perm/dnk8355/paper2026/netcdf_daily_1april2024_31march2026/METOP-B_20240402_TAUSFC_CLD.nc
Saved: /perm/dnk8355/paper2026/netcdf_daily_1april2024_31march2026/METOP-B_20240402_TDOWN_CLD.nc
Saved: /perm/dnk8355/paper2026/netcdf_daily_1april2024_31march2026/METOP-B_20240402_TUP_CLD.nc
Saved: /perm/dnk8355/paper2026/netcdf_daily_1april2024_31march2026/METOP-B_20240402_FG_DEP.nc
Saved: /perm/dnk8355/paper2026/netcdf_daily_1april2024_31march2026/METOP-B_20240402_AN_DEP.nc
Saved summary: /perm/dnk8355/paper2026/netcdf_daily_1april2024_31march2026/METOP-C_20240402_summary.txt
Saved: /perm/dnk8355/paper2026/netcdf_daily_1april2024_31march2026/METOP-C_20240402_OBSVALUE.nc
Saved: /perm/dnk8355/paper2026/netcdf_daily_1april2024_31march2026/METOP-C_20240402_EMIS_WATER.nc
Saved: /perm/dnk8355/paper2026/netcdf_daily_1april2024_31march2026/METOP-C_20240402_TAUSFC.nc
Saved: /perm/dnk8355/paper2026/netcdf_daily_1april2024_31march2026/METOP-C_20240402_TDOWN.nc
Saved: /perm/dnk8355/paper2026/netcdf_daily_1april2024_31march2026/METOP-C_20240402_TUP.nc
Saved: /perm/dnk8355/paper2026/netcdf_daily_1april2024_31march2026/METOP-C_20240402_TAUSFC_CLD.nc
Saved: /perm/dnk8355/paper2026/netcdf_daily_1april2024_31march2026/METOP-C_20240402_TDOWN_CLD.nc
Saved: /perm/dnk8355/paper2026/netcdf_daily_1april2024_31march2026/METOP-C_20240402_TUP_CLD.nc
Saved: /perm/dnk8355/paper2026/netcdf_daily_1april2024_31march2026/METOP-C_20240402_FG_DEP.nc
Saved: /perm/dnk8355/paper2026/netcdf_daily_1april2024_31march2026/METOP-C_20240402_AN_DEP.nc
[445380] Saved daily NetCDFs for amsua_ofb_lwda_20240402_NH_SH_variables_filtered_lsm_lower02.odb
Saved summary: /perm/dnk8355/paper2026/netcdf_daily_1april2024_31march2026/METOP-B_20240403_summary.txt
Saved: /perm/dnk8355/paper2026/netcdf_daily_1april2024_31march2026/METOP-B_20240403_OBSVALUE.nc
Saved: /perm/dnk8355/paper2026/netcdf_daily_1april2024_31march2026/METOP-B_20240403_EMIS_WATER.nc
Saved: /perm/dnk8355/paper2026/netcdf_daily_1april2024_31march2026/METOP-B_20240403_TAUSFC.nc
Saved: /perm/dnk8355/paper2026/netcdf_daily_1april2024_31march2026/METOP-B_20240403_TDOWN.nc
Saved: /perm/dnk8355/paper2026/netcdf_daily_1april2024_31march2026/METOP-B_20240403_TUP.nc
Saved: /perm/dnk8355/paper2026/netcdf_daily_1april2024_31march2026/METOP-B_20240403_TAUSFC_CLD.nc
Saved: /perm/dnk8355/paper2026/netcdf_daily_1april2024_31march2026/METOP-B_20240403_TDOWN_CLD.nc
Saved: /perm/dnk8355/paper2026/netcdf_daily_1april2024_31march2026/METOP-B_20240403_TUP_CLD.nc
Saved: /perm/dnk8355/paper2026/netcdf_daily_1april2024_31march2026/METOP-B_20240403_FG_DEP.nc
Saved: /perm/dnk8355/paper2026/netcdf_daily_1april2024_31march2026/METOP-B_20240403_AN_DEP.nc
Saved summary: /perm/dnk8355/paper2026/netcdf_daily_1april2024_31march2026/METOP-C_20240403_summary.txt
Saved: /perm/dnk8355/paper2026/netcdf_daily_1april2024_31march2026/METOP-C_20240403_OBSVALUE.nc
Saved: /perm/dnk8355/paper2026/netcdf_daily_1april2024_31march2026/METOP-C_20240403_EMIS_WATER.nc
Saved: /perm/dnk8355/paper2026/netcdf_daily_1april2024_31march2026/METOP-C_20240403_TAUSFC.nc
Saved: /perm/dnk8355/paper2026/netcdf_daily_1april2024_31march2026/METOP-C_20240403_TDOWN.nc
Saved: /perm/dnk8355/paper2026/netcdf_daily_1april2024_31march2026/METOP-C_20240403_TUP.nc
Saved: /perm/dnk8355/paper2026/netcdf_daily_1april2024_31march2026/METOP-C_20240403_TAUSFC_CLD.nc
Saved: /perm/dnk8355/paper2026/netcdf_daily_1april2024_31march2026/METOP-C_20240403_TDOWN_CLD.nc
Saved: /perm/dnk8355/paper2026/netcdf_daily_1april2024_31march2026/METOP-C_20240403_TUP_CLD.nc
Saved: /perm/dnk8355/paper2026/netcdf_daily_1april2024_31march2026/METOP-C_20240403_FG_DEP.nc
Saved: /perm/dnk8355/paper2026/netcdf_daily_1april2024_31march2026/METOP-C_20240403_AN_DEP.nc
[445380] Saved daily NetCDFs for amsua_ofb_lwda_20240403_NH_SH_variables_filtered_lsm_lower02.odb
Saved summary: /perm/dnk8355/paper2026/netcdf_daily_1april2024_31march2026/METOP-B_20240404_summary.txt
Saved: /perm/dnk8355/paper2026/netcdf_daily_1april2024_31march2026/METOP-B_20240404_OBSVALUE.nc
Saved: /perm/dnk8355/paper2026/netcdf_daily_1april2024_31march2026/METOP-B_20240404_EMIS_WATER.nc
Saved: /perm/dnk8355/paper2026/netcdf_daily_1april2024_31march2026/METOP-B_20240404_TAUSFC.nc
Saved: /perm/dnk8355/paper2026/netcdf_daily_1april2024_31march2026/METOP-B_20240404_TDOWN.nc
Saved: /perm/dnk8355/paper2026/netcdf_daily_1april2024_31march2026/METOP-B_20240404_TUP.nc
Saved: /perm/dnk8355/paper2026/netcdf_daily_1april2024_31march2026/METOP-B_20240404_TAUSFC_CLD.nc
Saved: /perm/dnk8355/paper2026/netcdf_daily_1april2024_31march2026/METOP-B_20240404_TDOWN_CLD.nc
Saved: /perm/dnk8355/paper2026/netcdf_daily_1april2024_31march2026/METOP-B_20240404_TUP_CLD.nc
Saved: /perm/dnk8355/paper2026/netcdf_daily_1april2024_31march2026/METOP-B_20240404_FG_DEP.nc
Saved: /perm/dnk8355/paper2026/netcdf_daily_1april2024_31march2026/METOP-B_20240404_AN_DEP.nc
Saved summary: /perm/dnk8355/paper2026/netcdf_daily_1april2024_31march2026/METOP-C_20240404_summary.txt
Saved: /perm/dnk8355/paper2026/netcdf_daily_1april2024_31march2026/METOP-C_20240404_OBSVALUE.nc
Saved: /perm/dnk8355/paper2026/netcdf_daily_1april2024_31march2026/METOP-C_20240404_EMIS_WATER.nc
Saved: /perm/dnk8355/paper2026/netcdf_daily_1april2024_31march2026/METOP-C_20240404_TAUSFC.nc
Saved: /perm/dnk8355/paper2026/netcdf_daily_1april2024_31march2026/METOP-C_20240404_TDOWN.nc
Saved: /perm/dnk8355/paper2026/netcdf_daily_1april2024_31march2026/METOP-C_20240404_TUP.nc
Saved: /perm/dnk8355/paper2026/netcdf_daily_1april2024_31march2026/METOP-C_20240404_TAUSFC_CLD.nc
Saved: /perm/dnk8355/paper2026/netcdf_daily_1april2024_31march2026/METOP-C_20240404_TDOWN_CLD.nc
Saved: /perm/dnk8355/paper2026/netcdf_daily_1april2024_31march2026/METOP-C_20240404_TUP_CLD.nc
Saved: /perm/dnk8355/paper2026/netcdf_daily_1april2024_31march2026/METOP-C_20240404_FG_DEP.nc
Saved: /perm/dnk8355/paper2026/netcdf_daily_1april2024_31march2026/METOP-C_20240404_AN_DEP.nc
[445380] Saved daily NetCDFs for amsua_ofb_lwda_20240404_NH_SH_variables_filtered_lsm_lower02.odb
Saved summary: /perm/dnk8355/paper2026/netcdf_daily_1april2024_31march2026/METOP-B_20240405_summary.txt
Saved: /perm/dnk8355/paper2026/netcdf_daily_1april2024_31march2026/METOP-B_20240405_OBSVALUE.nc
Saved: /perm/dnk8355/paper2026/netcdf_daily_1april2024_31march2026/METOP-B_20240405_EMIS_WATER.nc
Saved: /perm/dnk8355/paper2026/netcdf_daily_1april2024_31march2026/METOP-B_20240405_TAUSFC.nc
Saved: /perm/dnk8355/paper2026/netcdf_daily_1april2024_31march2026/METOP-B_20240405_TDOWN.nc
Saved: /perm/dnk8355/paper2026/netcdf_daily_1april2024_31march2026/METOP-B_20240405_TUP.nc
Saved: /perm/dnk8355/paper2026/netcdf_daily_1april2024_31march2026/METOP-B_20240405_TAUSFC_CLD.nc
Saved: /perm/dnk8355/paper2026/netcdf_daily_1april2024_31march2026/METOP-B_20240405_TDOWN_CLD.nc
Saved: /perm/dnk8355/paper2026/netcdf_daily_1april2024_31march2026/METOP-B_20240405_TUP_CLD.nc
Saved: /perm/dnk8355/paper2026/netcdf_daily_1april2024_31march2026/METOP-B_20240405_FG_DEP.nc
Saved: /perm/dnk8355/paper2026/netcdf_daily_1april2024_31march2026/METOP-B_20240405_AN_DEP.nc
Saved summary: /perm/dnk8355/paper2026/netcdf_daily_1april2024_31march2026/METOP-C_20240405_summary.txt
Saved: /perm/dnk8355/paper2026/netcdf_daily_1april2024_31march2026/METOP-C_20240405_OBSVALUE.nc
Saved: /perm/dnk8355/paper2026/netcdf_daily_1april2024_31march2026/METOP-C_20240405_EMIS_WATER.nc
Saved: /perm/dnk8355/paper2026/netcdf_daily_1april2024_31march2026/METOP-C_20240405_TAUSFC.nc
Saved: /perm/dnk8355/paper2026/netcdf_daily_1april2024_31march2026/METOP-C_20240405_TDOWN.nc
Saved: /perm/dnk8355/paper2026/netcdf_daily_1april2024_31march2026/METOP-C_20240405_TUP.nc
Saved: /perm/dnk8355/paper2026/netcdf_daily_1april2024_31march2026/METOP-C_20240405_TAUSFC_CLD.nc
Saved: /perm/dnk8355/paper2026/netcdf_daily_1april2024_31march2026/METOP-C_20240405_TDOWN_CLD.nc
Saved: /perm/dnk8355/paper2026/netcdf_daily_1april2024_31march2026/METOP-C_20240405_TUP_CLD.nc
Saved: /perm/dnk8355/paper2026/netcdf_daily_1april2024_31march2026/METOP-C_20240405_FG_DEP.nc
Saved: /perm/dnk8355/paper2026/netcdf_daily_1april2024_31march2026/METOP-C_20240405_AN_DEP.nc
[445380] Saved daily NetCDFs for amsua_ofb_lwda_20240405_NH_SH_variables_filtered_lsm_lower02.odb
Saved summary: /perm/dnk8355/paper2026/netcdf_daily_1april2024_31march2026/METOP-B_20240406_summary.txt
Saved: /perm/dnk8355/paper2026/netcdf_daily_1april2024_31march2026/METOP-B_20240406_OBSVALUE.nc
Saved: /perm/dnk8355/paper2026/netcdf_daily_1april2024_31march2026/METOP-B_20240406_EMIS_WATER.nc
Saved: /perm/dnk8355/paper2026/netcdf_daily_1april2024_31march2026/METOP-B_20240406_TAUSFC.nc
Saved: /perm/dnk8355/paper2026/netcdf_daily_1april2024_31march2026/METOP-B_20240406_TDOWN.nc
Saved: /perm/dnk8355/paper2026/netcdf_daily_1april2024_31march2026/METOP-B_20240406_TUP.nc
Saved: /perm/dnk8355/paper2026/netcdf_daily_1april2024_31march2026/METOP-B_20240406_TAUSFC_CLD.nc
Saved: /perm/dnk8355/paper2026/netcdf_daily_1april2024_31march2026/METOP-B_20240406_TDOWN_CLD.nc
Saved: /perm/dnk8355/paper2026/netcdf_daily_1april2024_31march2026/METOP-B_20240406_TUP_CLD.nc
Saved: /perm/dnk8355/paper2026/netcdf_daily_1april2024_31march2026/METOP-B_20240406_FG_DEP.nc
Saved: /perm/dnk8355/paper2026/netcdf_daily_1april2024_31march2026/METOP-B_20240406_AN_DEP.nc
Saved summary: /perm/dnk8355/paper2026/netcdf_daily_1april2024_31march2026/METOP-C_20240406_summary.txt
Saved: /perm/dnk8355/paper2026/netcdf_daily_1april2024_31march2026/METOP-C_20240406_OBSVALUE.nc
Saved: /perm/dnk8355/paper2026/netcdf_daily_1april2024_31march2026/METOP-C_20240406_EMIS_WATER.nc
Saved: /perm/dnk8355/paper2026/netcdf_daily_1april2024_31march2026/METOP-C_20240406_TAUSFC.nc
Saved: /perm/dnk8355/paper2026/netcdf_daily_1april2024_31march2026/METOP-C_20240406_TDOWN.nc
Saved: /perm/dnk8355/paper2026/netcdf_daily_1april2024_31march2026/METOP-C_20240406_TUP.nc
Saved: /perm/dnk8355/paper2026/netcdf_daily_1april2024_31march2026/METOP-C_20240406_TAUSFC_CLD.nc
Saved: /perm/dnk8355/paper2026/netcdf_daily_1april2024_31march2026/METOP-C_20240406_TDOWN_CLD.nc
Saved: /perm/dnk8355/paper2026/netcdf_daily_1april2024_31march2026/METOP-C_20240406_TUP_CLD.nc
Saved: /perm/dnk8355/paper2026/netcdf_daily_1april2024_31march2026/METOP-C_20240406_FG_DEP.nc
Saved: /perm/dnk8355/paper2026/netcdf_daily_1april2024_31march2026/METOP-C_20240406_AN_DEP.nc
[445380] Saved daily NetCDFs for amsua_ofb_lwda_20240406_NH_SH_variables_filtered_lsm_lower02.odb
Saved summary: /perm/dnk8355/paper2026/netcdf_daily_1april2024_31march2026/METOP-B_20240407_summary.txt
Saved: /perm/dnk8355/paper2026/netcdf_daily_1april2024_31march2026/METOP-B_20240407_OBSVALUE.nc
Saved: /perm/dnk8355/paper2026/netcdf_daily_1april2024_31march2026/METOP-B_20240407_EMIS_WATER.nc
Saved: /perm/dnk8355/paper2026/netcdf_daily_1april2024_31march2026/METOP-B_20240407_TAUSFC.nc
Saved: /perm/dnk8355/paper2026/netcdf_daily_1april2024_31march2026/METOP-B_20240407_TDOWN.nc
Saved: /perm/dnk8355/paper2026/netcdf_daily_1april2024_31march2026/METOP-B_20240407_TUP.nc
Saved: /perm/dnk8355/paper2026/netcdf_daily_1april2024_31march2026/METOP-B_20240407_TAUSFC_CLD.nc
Saved: /perm/dnk8355/paper2026/netcdf_daily_1april2024_31march2026/METOP-B_20240407_TDOWN_CLD.nc
Saved: /perm/dnk8355/paper2026/netcdf_daily_1april2024_31march2026/METOP-B_20240407_TUP_CLD.nc
Saved: /perm/dnk8355/paper2026/netcdf_daily_1april2024_31march2026/METOP-B_20240407_FG_DEP.nc
Saved: /perm/dnk8355/paper2026/netcdf_daily_1april2024_31march2026/METOP-B_20240407_AN_DEP.nc
Saved summary: /perm/dnk8355/paper2026/netcdf_daily_1april2024_31march2026/METOP-C_20240407_summary.txt
Saved: /perm/dnk8355/paper2026/netcdf_daily_1april2024_31march2026/METOP-C_20240407_OBSVALUE.nc
Saved: /perm/dnk8355/paper2026/netcdf_daily_1april2024_31march2026/METOP-C_20240407_EMIS_WATER.nc
Saved: /perm/dnk8355/paper2026/netcdf_daily_1april2024_31march2026/METOP-C_20240407_TAUSFC.nc
Saved: /perm/dnk8355/paper2026/netcdf_daily_1april2024_31march2026/METOP-C_20240407_TDOWN.nc
Saved: /perm/dnk8355/paper2026/netcdf_daily_1april2024_31march2026/METOP-C_20240407_TUP.nc
Saved: /perm/dnk8355/paper2026/netcdf_daily_1april2024_31march2026/METOP-C_20240407_TAUSFC_CLD.nc
Saved: /perm/dnk8355/paper2026/netcdf_daily_1april2024_31march2026/METOP-C_20240407_TDOWN_CLD.nc
Saved: /perm/dnk8355/paper2026/netcdf_daily_1april2024_31march2026/METOP-C_20240407_TUP_CLD.nc
Saved: /perm/dnk8355/paper2026/netcdf_daily_1april2024_31march2026/METOP-C_20240407_FG_DEP.nc
Saved: /perm/dnk8355/paper2026/netcdf_daily_1april2024_31march2026/METOP-C_20240407_AN_DEP.nc
[445380] Saved daily NetCDFs for amsua_ofb_lwda_20240407_NH_SH_variables_filtered_lsm_lower02.odb
Saved summary: /perm/dnk8355/paper2026/netcdf_daily_1april2024_31march2026/METOP-B_20240408_summary.txt
Saved: /perm/dnk8355/paper2026/netcdf_daily_1april2024_31march2026/METOP-B_20240408_OBSVALUE.nc
Saved: /perm/dnk8355/paper2026/netcdf_daily_1april2024_31march2026/METOP-B_20240408_EMIS_WATER.nc
Saved: /perm/dnk8355/paper2026/netcdf_daily_1april2024_31march2026/METOP-B_20240408_TAUSFC.nc
Saved: /perm/dnk8355/paper2026/netcdf_daily_1april2024_31march2026/METOP-B_20240408_TDOWN.nc
Saved: /perm/dnk8355/paper2026/netcdf_daily_1april2024_31march2026/METOP-B_20240408_TUP.nc
Saved: /perm/dnk8355/paper2026/netcdf_daily_1april2024_31march2026/METOP-B_20240408_TAUSFC_CLD.nc
Saved: /perm/dnk8355/paper2026/netcdf_daily_1april2024_31march2026/METOP-B_20240408_TDOWN_CLD.nc
Saved: /perm/dnk8355/paper2026/netcdf_daily_1april2024_31march2026/METOP-B_20240408_TUP_CLD.nc
Saved: /perm/dnk8355/paper2026/netcdf_daily_1april2024_31march2026/METOP-B_20240408_FG_DEP.nc
Saved: /perm/dnk8355/paper2026/netcdf_daily_1april2024_31march2026/METOP-B_20240408_AN_DEP.nc
Saved summary: /perm/dnk8355/paper2026/netcdf_daily_1april2024_31march2026/METOP-C_20240408_summary.txt
Saved: /perm/dnk8355/paper2026/netcdf_daily_1april2024_31march2026/METOP-C_20240408_OBSVALUE.nc
Saved: /perm/dnk8355/paper2026/netcdf_daily_1april2024_31march2026/METOP-C_20240408_EMIS_WATER.nc
Saved: /perm/dnk8355/paper2026/netcdf_daily_1april2024_31march2026/METOP-C_20240408_TAUSFC.nc
Saved: /perm/dnk8355/paper2026/netcdf_daily_1april2024_31march2026/METOP-C_20240408_TDOWN.nc
Saved: /perm/dnk8355/paper2026/netcdf_daily_1april2024_31march2026/METOP-C_20240408_TUP.nc
Saved: /perm/dnk8355/paper2026/netcdf_daily_1april2024_31march2026/METOP-C_20240408_TAUSFC_CLD.nc
Saved: /perm/dnk8355/paper2026/netcdf_daily_1april2024_31march2026/METOP-C_20240408_TDOWN_CLD.nc
Saved: /perm/dnk8355/paper2026/netcdf_daily_1april2024_31march2026/METOP-C_20240408_TUP_CLD.nc
Saved: /perm/dnk8355/paper2026/netcdf_daily_1april2024_31march2026/METOP-C_20240408_FG_DEP.nc
Saved: /perm/dnk8355/paper2026/netcdf_daily_1april2024_31march2026/METOP-C_20240408_AN_DEP.nc
[445380] Saved daily NetCDFs for amsua_ofb_lwda_20240408_NH_SH_variables_filtered_lsm_lower02.odb
Saved summary: /perm/dnk8355/paper2026/netcdf_daily_1april2024_31march2026/METOP-B_20240409_summary.txt
Saved: /perm/dnk8355/paper2026/netcdf_daily_1april2024_31march2026/METOP-B_20240409_OBSVALUE.nc
Saved: /perm/dnk8355/paper2026/netcdf_daily_1april2024_31march2026/METOP-B_20240409_EMIS_WATER.nc
Saved: /perm/dnk8355/paper2026/netcdf_daily_1april2024_31march2026/METOP-B_20240409_TAUSFC.nc
Saved: /perm/dnk8355/paper2026/netcdf_daily_1april2024_31march2026/METOP-B_20240409_TDOWN.nc
Saved: /perm/dnk8355/paper2026/netcdf_daily_1april2024_31march2026/METOP-B_20240409_TUP.nc
Saved: /perm/dnk8355/paper2026/netcdf_daily_1april2024_31march2026/METOP-B_20240409_TAUSFC_CLD.nc
Saved: /perm/dnk8355/paper2026/netcdf_daily_1april2024_31march2026/METOP-B_20240409_TDOWN_CLD.nc
Saved: /perm/dnk8355/paper2026/netcdf_daily_1april2024_31march2026/METOP-B_20240409_TUP_CLD.nc
Saved: /perm/dnk8355/paper2026/netcdf_daily_1april2024_31march2026/METOP-B_20240409_FG_DEP.nc
Saved: /perm/dnk8355/paper2026/netcdf_daily_1april2024_31march2026/METOP-B_20240409_AN_DEP.nc
Saved summary: /perm/dnk8355/paper2026/netcdf_daily_1april2024_31march2026/METOP-C_20240409_summary.txt
Saved: /perm/dnk8355/paper2026/netcdf_daily_1april2024_31march2026/METOP-C_20240409_OBSVALUE.nc
Saved: /perm/dnk8355/paper2026/netcdf_daily_1april2024_31march2026/METOP-C_20240409_EMIS_WATER.nc
Saved: /perm/dnk8355/paper2026/netcdf_daily_1april2024_31march2026/METOP-C_20240409_TAUSFC.nc
Saved: /perm/dnk8355/paper2026/netcdf_daily_1april2024_31march2026/METOP-C_20240409_TDOWN.nc
Saved: /perm/dnk8355/paper2026/netcdf_daily_1april2024_31march2026/METOP-C_20240409_TUP.nc
Saved: /perm/dnk8355/paper2026/netcdf_daily_1april2024_31march2026/METOP-C_20240409_TAUSFC_CLD.nc
Saved: /perm/dnk8355/paper2026/netcdf_daily_1april2024_31march2026/METOP-C_20240409_TDOWN_CLD.nc
Saved: /perm/dnk8355/paper2026/netcdf_daily_1april2024_31march2026/METOP-C_20240409_TUP_CLD.nc
Saved: /perm/dnk8355/paper2026/netcdf_daily_1april2024_31march2026/METOP-C_20240409_FG_DEP.nc
Saved: /perm/dnk8355/paper2026/netcdf_daily_1april2024_31march2026/METOP-C_20240409_AN_DEP.nc
[445380] Saved daily NetCDFs for amsua_ofb_lwda_20240409_NH_SH_variables_filtered_lsm_lower02.odb
Saved summary: /perm/dnk8355/paper2026/netcdf_daily_1april2024_31march2026/METOP-B_20240410_summary.txt
Saved: /perm/dnk8355/paper2026/netcdf_daily_1april2024_31march2026/METOP-B_20240410_OBSVALUE.nc
Saved: /perm/dnk8355/paper2026/netcdf_daily_1april2024_31march2026/METOP-B_20240410_EMIS_WATER.nc
Saved: /perm/dnk8355/paper2026/netcdf_daily_1april2024_31march2026/METOP-B_20240410_TAUSFC.nc
Saved: /perm/dnk8355/paper2026/netcdf_daily_1april2024_31march2026/METOP-B_20240410_TDOWN.nc
Saved: /perm/dnk8355/paper2026/netcdf_daily_1april2024_31march2026/METOP-B_20240410_TUP.nc
Saved: /perm/dnk8355/paper2026/netcdf_daily_1april2024_31march2026/METOP-B_20240410_TAUSFC_CLD.nc
Saved: /perm/dnk8355/paper2026/netcdf_daily_1april2024_31march2026/METOP-B_20240410_TDOWN_CLD.nc
Saved: /perm/dnk8355/paper2026/netcdf_daily_1april2024_31march2026/METOP-B_20240410_TUP_CLD.nc
Saved: /perm/dnk8355/paper2026/netcdf_daily_1april2024_31march2026/METOP-B_20240410_FG_DEP.nc
Saved: /perm/dnk8355/paper2026/netcdf_daily_1april2024_31march2026/METOP-B_20240410_AN_DEP.nc
Saved summary: /perm/dnk8355/paper2026/netcdf_daily_1april2024_31march2026/METOP-C_20240410_summary.txt
Saved: /perm/dnk8355/paper2026/netcdf_daily_1april2024_31march2026/METOP-C_20240410_OBSVALUE.nc
Saved: /perm/dnk8355/paper2026/netcdf_daily_1april2024_31march2026/METOP-C_20240410_EMIS_WATER.nc
Saved: /perm/dnk8355/paper2026/netcdf_daily_1april2024_31march2026/METOP-C_20240410_TAUSFC.nc
Saved: /perm/dnk8355/paper2026/netcdf_daily_1april2024_31march2026/METOP-C_20240410_TDOWN.nc
Saved: /perm/dnk8355/paper2026/netcdf_daily_1april2024_31march2026/METOP-C_20240410_TUP.nc
Saved: /perm/dnk8355/paper2026/netcdf_daily_1april2024_31march2026/METOP-C_20240410_TAUSFC_CLD.nc
Saved: /perm/dnk8355/paper2026/netcdf_daily_1april2024_31march2026/METOP-C_20240410_TDOWN_CLD.nc
Saved: /perm/dnk8355/paper2026/netcdf_daily_1april2024_31march2026/METOP-C_20240410_TUP_CLD.nc
Saved: /perm/dnk8355/paper2026/netcdf_daily_1april2024_31march2026/METOP-C_20240410_FG_DEP.nc
Saved: /perm/dnk8355/paper2026/netcdf_daily_1april2024_31march2026/METOP-C_20240410_AN_DEP.nc
[445380] Saved daily NetCDFs for amsua_ofb_lwda_20240410_NH_SH_variables_filtered_lsm_lower02.odb
Saved summary: /perm/dnk8355/paper2026/netcdf_daily_1april2024_31march2026/METOP-B_20240411_summary.txt
Saved: /perm/dnk8355/paper2026/netcdf_daily_1april2024_31march2026/METOP-B_20240411_OBSVALUE.nc
Saved: /perm/dnk8355/paper2026/netcdf_daily_1april2024_31march2026/METOP-B_20240411_EMIS_WATER.nc
Saved: /perm/dnk8355/paper2026/netcdf_daily_1april2024_31march2026/METOP-B_20240411_TAUSFC.nc
Saved: /perm/dnk8355/paper2026/netcdf_daily_1april2024_31march2026/METOP-B_20240411_TDOWN.nc
Saved: /perm/dnk8355/paper2026/netcdf_daily_1april2024_31march2026/METOP-B_20240411_TUP.nc
Saved: /perm/dnk8355/paper2026/netcdf_daily_1april2024_31march2026/METOP-B_20240411_TAUSFC_CLD.nc
Saved: /perm/dnk8355/paper2026/netcdf_daily_1april2024_31march2026/METOP-B_20240411_TDOWN_CLD.nc
Saved: /perm/dnk8355/paper2026/netcdf_daily_1april2024_31march2026/METOP-B_20240411_TUP_CLD.nc
Saved: /perm/dnk8355/paper2026/netcdf_daily_1april2024_31march2026/METOP-B_20240411_FG_DEP.nc
Saved: /perm/dnk8355/paper2026/netcdf_daily_1april2024_31march2026/METOP-B_20240411_AN_DEP.nc
Saved summary: /perm/dnk8355/paper2026/netcdf_daily_1april2024_31march2026/METOP-C_20240411_summary.txt
Saved: /perm/dnk8355/paper2026/netcdf_daily_1april2024_31march2026/METOP-C_20240411_OBSVALUE.nc
Saved: /perm/dnk8355/paper2026/netcdf_daily_1april2024_31march2026/METOP-C_20240411_EMIS_WATER.nc
Saved: /perm/dnk8355/paper2026/netcdf_daily_1april2024_31march2026/METOP-C_20240411_TAUSFC.nc
Saved: /perm/dnk8355/paper2026/netcdf_daily_1april2024_31march2026/METOP-C_20240411_TDOWN.nc
Saved: /perm/dnk8355/paper2026/netcdf_daily_1april2024_31march2026/METOP-C_20240411_TUP.nc
Saved: /perm/dnk8355/paper2026/netcdf_daily_1april2024_31march2026/METOP-C_20240411_TAUSFC_CLD.nc
Saved: /perm/dnk8355/paper2026/netcdf_daily_1april2024_31march2026/METOP-C_20240411_TDOWN_CLD.nc
Saved: /perm/dnk8355/paper2026/netcdf_daily_1april2024_31march2026/METOP-C_20240411_TUP_CLD.nc
Saved: /perm/dnk8355/paper2026/netcdf_daily_1april2024_31march2026/METOP-C_20240411_FG_DEP.nc
Saved: /perm/dnk8355/paper2026/netcdf_daily_1april2024_31march2026/METOP-C_20240411_AN_DEP.nc
[445380] Saved daily NetCDFs for amsua_ofb_lwda_20240411_NH_SH_variables_filtered_lsm_lower02.odb
Saved summary: /perm/dnk8355/paper2026/netcdf_daily_1april2024_31march2026/METOP-B_20240412_summary.txt
Saved: /perm/dnk8355/paper2026/netcdf_daily_1april2024_31march2026/METOP-B_20240412_OBSVALUE.nc
Saved: /perm/dnk8355/paper2026/netcdf_daily_1april2024_31march2026/METOP-B_20240412_EMIS_WATER.nc
Saved: /perm/dnk8355/paper2026/netcdf_daily_1april2024_31march2026/METOP-B_20240412_TAUSFC.nc
Saved: /perm/dnk8355/paper2026/netcdf_daily_1april2024_31march2026/METOP-B_20240412_TDOWN.nc
Saved: /perm/dnk8355/paper2026/netcdf_daily_1april2024_31march2026/METOP-B_20240412_TUP.nc
Saved: /perm/dnk8355/paper2026/netcdf_daily_1april2024_31march2026/METOP-B_20240412_TAUSFC_CLD.nc
Saved: /perm/dnk8355/paper2026/netcdf_daily_1april2024_31march2026/METOP-B_20240412_TDOWN_CLD.nc
Saved: /perm/dnk8355/paper2026/netcdf_daily_1april2024_31march2026/METOP-B_20240412_TUP_CLD.nc
Saved: /perm/dnk8355/paper2026/netcdf_daily_1april2024_31march2026/METOP-B_20240412_FG_DEP.nc
Saved: /perm/dnk8355/paper2026/netcdf_daily_1april2024_31march2026/METOP-B_20240412_AN_DEP.nc
Saved summary: /perm/dnk8355/paper2026/netcdf_daily_1april2024_31march2026/METOP-C_20240412_summary.txt
Saved: /perm/dnk8355/paper2026/netcdf_daily_1april2024_31march2026/METOP-C_20240412_OBSVALUE.nc
Saved: /perm/dnk8355/paper2026/netcdf_daily_1april2024_31march2026/METOP-C_20240412_EMIS_WATER.nc
Saved: /perm/dnk8355/paper2026/netcdf_daily_1april2024_31march2026/METOP-C_20240412_TAUSFC.nc
Saved: /perm/dnk8355/paper2026/netcdf_daily_1april2024_31march2026/METOP-C_20240412_TDOWN.nc
Saved: /perm/dnk8355/paper2026/netcdf_daily_1april2024_31march2026/METOP-C_20240412_TUP.nc
Saved: /perm/dnk8355/paper2026/netcdf_daily_1april2024_31march2026/METOP-C_20240412_TAUSFC_CLD.nc
Saved: /perm/dnk8355/paper2026/netcdf_daily_1april2024_31march2026/METOP-C_20240412_TDOWN_CLD.nc
Saved: /perm/dnk8355/paper2026/netcdf_daily_1april2024_31march2026/METOP-C_20240412_TUP_CLD.nc
Saved: /perm/dnk8355/paper2026/netcdf_daily_1april2024_31march2026/METOP-C_20240412_FG_DEP.nc
Saved: /perm/dnk8355/paper2026/netcdf_daily_1april2024_31march2026/METOP-C_20240412_AN_DEP.nc
[445380] Saved daily NetCDFs for amsua_ofb_lwda_20240412_NH_SH_variables_filtered_lsm_lower02.odb
Saved summary: /perm/dnk8355/paper2026/netcdf_daily_1april2024_31march2026/METOP-B_20240413_summary.txt
Saved: /perm/dnk8355/paper2026/netcdf_daily_1april2024_31march2026/METOP-B_20240413_OBSVALUE.nc
Saved: /perm/dnk8355/paper2026/netcdf_daily_1april2024_31march2026/METOP-B_20240413_EMIS_WATER.nc
Saved: /perm/dnk8355/paper2026/netcdf_daily_1april2024_31march2026/METOP-B_20240413_TAUSFC.nc
Saved: /perm/dnk8355/paper2026/netcdf_daily_1april2024_31march2026/METOP-B_20240413_TDOWN.nc
Saved: /perm/dnk8355/paper2026/netcdf_daily_1april2024_31march2026/METOP-B_20240413_TUP.nc
Saved: /perm/dnk8355/paper2026/netcdf_daily_1april2024_31march2026/METOP-B_20240413_TAUSFC_CLD.nc
Saved: /perm/dnk8355/paper2026/netcdf_daily_1april2024_31march2026/METOP-B_20240413_TDOWN_CLD.nc
Saved: /perm/dnk8355/paper2026/netcdf_daily_1april2024_31march2026/METOP-B_20240413_TUP_CLD.nc
Saved: /perm/dnk8355/paper2026/netcdf_daily_1april2024_31march2026/METOP-B_20240413_FG_DEP.nc
Saved: /perm/dnk8355/paper2026/netcdf_daily_1april2024_31march2026/METOP-B_20240413_AN_DEP.nc
Saved summary: /perm/dnk8355/paper2026/netcdf_daily_1april2024_31march2026/METOP-C_20240413_summary.txt
Saved: /perm/dnk8355/paper2026/netcdf_daily_1april2024_31march2026/METOP-C_20240413_OBSVALUE.nc
Saved: /perm/dnk8355/paper2026/netcdf_daily_1april2024_31march2026/METOP-C_20240413_EMIS_WATER.nc
Saved: /perm/dnk8355/paper2026/netcdf_daily_1april2024_31march2026/METOP-C_20240413_TAUSFC.nc
Saved: /perm/dnk8355/paper2026/netcdf_daily_1april2024_31march2026/METOP-C_20240413_TDOWN.nc
Saved: /perm/dnk8355/paper2026/netcdf_daily_1april2024_31march2026/METOP-C_20240413_TUP.nc
Saved: /perm/dnk8355/paper2026/netcdf_daily_1april2024_31march2026/METOP-C_20240413_TAUSFC_CLD.nc
Saved: /perm/dnk8355/paper2026/netcdf_daily_1april2024_31march2026/METOP-C_20240413_TDOWN_CLD.nc
Saved: /perm/dnk8355/paper2026/netcdf_daily_1april2024_31march2026/METOP-C_20240413_TUP_CLD.nc
Saved: /perm/dnk8355/paper2026/netcdf_daily_1april2024_31march2026/METOP-C_20240413_FG_DEP.nc
Saved: /perm/dnk8355/paper2026/netcdf_daily_1april2024_31march2026/METOP-C_20240413_AN_DEP.nc
[445380] Saved daily NetCDFs for amsua_ofb_lwda_20240413_NH_SH_variables_filtered_lsm_lower02.odb
Saved summary: /perm/dnk8355/paper2026/netcdf_daily_1april2024_31march2026/METOP-B_20240414_summary.txt
Saved: /perm/dnk8355/paper2026/netcdf_daily_1april2024_31march2026/METOP-B_20240414_OBSVALUE.nc
Saved: /perm/dnk8355/paper2026/netcdf_daily_1april2024_31march2026/METOP-B_20240414_EMIS_WATER.nc
Saved: /perm/dnk8355/paper2026/netcdf_daily_1april2024_31march2026/METOP-B_20240414_TAUSFC.nc
Saved: /perm/dnk8355/paper2026/netcdf_daily_1april2024_31march2026/METOP-B_20240414_TDOWN.nc
Saved: /perm/dnk8355/paper2026/netcdf_daily_1april2024_31march2026/METOP-B_20240414_TUP.nc
Saved: /perm/dnk8355/paper2026/netcdf_daily_1april2024_31march2026/METOP-B_20240414_TAUSFC_CLD.nc
Saved: /perm/dnk8355/paper2026/netcdf_daily_1april2024_31march2026/METOP-B_20240414_TDOWN_CLD.nc
Saved: /perm/dnk8355/paper2026/netcdf_daily_1april2024_31march2026/METOP-B_20240414_TUP_CLD.nc
Saved: /perm/dnk8355/paper2026/netcdf_daily_1april2024_31march2026/METOP-B_20240414_FG_DEP.nc
Saved: /perm/dnk8355/paper2026/netcdf_daily_1april2024_31march2026/METOP-B_20240414_AN_DEP.nc
Saved summary: /perm/dnk8355/paper2026/netcdf_daily_1april2024_31march2026/METOP-C_20240414_summary.txt
Saved: /perm/dnk8355/paper2026/netcdf_daily_1april2024_31march2026/METOP-C_20240414_OBSVALUE.nc
Saved: /perm/dnk8355/paper2026/netcdf_daily_1april2024_31march2026/METOP-C_20240414_EMIS_WATER.nc
Saved: /perm/dnk8355/paper2026/netcdf_daily_1april2024_31march2026/METOP-C_20240414_TAUSFC.nc
Saved: /perm/dnk8355/paper2026/netcdf_daily_1april2024_31march2026/METOP-C_20240414_TDOWN.nc
Saved: /perm/dnk8355/paper2026/netcdf_daily_1april2024_31march2026/METOP-C_20240414_TUP.nc
Saved: /perm/dnk8355/paper2026/netcdf_daily_1april2024_31march2026/METOP-C_20240414_TAUSFC_CLD.nc
Saved: /perm/dnk8355/paper2026/netcdf_daily_1april2024_31march2026/METOP-C_20240414_TDOWN_CLD.nc
Saved: /perm/dnk8355/paper2026/netcdf_daily_1april2024_31march2026/METOP-C_20240414_TUP_CLD.nc
Saved: /perm/dnk8355/paper2026/netcdf_daily_1april2024_31march2026/METOP-C_20240414_FG_DEP.nc
Saved: /perm/dnk8355/paper2026/netcdf_daily_1april2024_31march2026/METOP-C_20240414_AN_DEP.nc
[445380] Saved daily NetCDFs for amsua_ofb_lwda_20240414_NH_SH_variables_filtered_lsm_lower02.odb
Saved summary: /perm/dnk8355/paper2026/netcdf_daily_1april2024_31march2026/METOP-B_20240415_summary.txt
Saved: /perm/dnk8355/paper2026/netcdf_daily_1april2024_31march2026/METOP-B_20240415_OBSVALUE.nc
Saved: /perm/dnk8355/paper2026/netcdf_daily_1april2024_31march2026/METOP-B_20240415_EMIS_WATER.nc
Saved: /perm/dnk8355/paper2026/netcdf_daily_1april2024_31march2026/METOP-B_20240415_TAUSFC.nc
Saved: /perm/dnk8355/paper2026/netcdf_daily_1april2024_31march2026/METOP-B_20240415_TDOWN.nc
Saved: /perm/dnk8355/paper2026/netcdf_daily_1april2024_31march2026/METOP-B_20240415_TUP.nc
Saved: /perm/dnk8355/paper2026/netcdf_daily_1april2024_31march2026/METOP-B_20240415_TAUSFC_CLD.nc
Saved: /perm/dnk8355/paper2026/netcdf_daily_1april2024_31march2026/METOP-B_20240415_TDOWN_CLD.nc
Saved: /perm/dnk8355/paper2026/netcdf_daily_1april2024_31march2026/METOP-B_20240415_TUP_CLD.nc
Saved: /perm/dnk8355/paper2026/netcdf_daily_1april2024_31march2026/METOP-B_20240415_FG_DEP.nc
Saved: /perm/dnk8355/paper2026/netcdf_daily_1april2024_31march2026/METOP-B_20240415_AN_DEP.nc
Saved summary: /perm/dnk8355/paper2026/netcdf_daily_1april2024_31march2026/METOP-C_20240415_summary.txt
Saved: /perm/dnk8355/paper2026/netcdf_daily_1april2024_31march2026/METOP-C_20240415_OBSVALUE.nc
Saved: /perm/dnk8355/paper2026/netcdf_daily_1april2024_31march2026/METOP-C_20240415_EMIS_WATER.nc
Saved: /perm/dnk8355/paper2026/netcdf_daily_1april2024_31march2026/METOP-C_20240415_TAUSFC.nc
Saved: /perm/dnk8355/paper2026/netcdf_daily_1april2024_31march2026/METOP-C_20240415_TDOWN.nc
Saved: /perm/dnk8355/paper2026/netcdf_daily_1april2024_31march2026/METOP-C_20240415_TUP.nc
Saved: /perm/dnk8355/paper2026/netcdf_daily_1april2024_31march2026/METOP-C_20240415_TAUSFC_CLD.nc
Saved: /perm/dnk8355/paper2026/netcdf_daily_1april2024_31march2026/METOP-C_20240415_TDOWN_CLD.nc
Saved: /perm/dnk8355/paper2026/netcdf_daily_1april2024_31march2026/METOP-C_20240415_TUP_CLD.nc
Saved: /perm/dnk8355/paper2026/netcdf_daily_1april2024_31march2026/METOP-C_20240415_FG_DEP.nc
Saved: /perm/dnk8355/paper2026/netcdf_daily_1april2024_31march2026/METOP-C_20240415_AN_DEP.nc
[445380] Saved daily NetCDFs for amsua_ofb_lwda_20240415_NH_SH_variables_filtered_lsm_lower02.odb
Saved summary: /perm/dnk8355/paper2026/netcdf_daily_1april2024_31march2026/METOP-B_20240416_summary.txt
Saved: /perm/dnk8355/paper2026/netcdf_daily_1april2024_31march2026/METOP-B_20240416_OBSVALUE.nc
Saved: /perm/dnk8355/paper2026/netcdf_daily_1april2024_31march2026/METOP-B_20240416_EMIS_WATER.nc
Saved: /perm/dnk8355/paper2026/netcdf_daily_1april2024_31march2026/METOP-B_20240416_TAUSFC.nc
Saved: /perm/dnk8355/paper2026/netcdf_daily_1april2024_31march2026/METOP-B_20240416_TDOWN.nc
Saved: /perm/dnk8355/paper2026/netcdf_daily_1april2024_31march2026/METOP-B_20240416_TUP.nc
Saved: /perm/dnk8355/paper2026/netcdf_daily_1april2024_31march2026/METOP-B_20240416_TAUSFC_CLD.nc
Saved: /perm/dnk8355/paper2026/netcdf_daily_1april2024_31march2026/METOP-B_20240416_TDOWN_CLD.nc
Saved: /perm/dnk8355/paper2026/netcdf_daily_1april2024_31march2026/METOP-B_20240416_TUP_CLD.nc
Saved: /perm/dnk8355/paper2026/netcdf_daily_1april2024_31march2026/METOP-B_20240416_FG_DEP.nc
Saved: /perm/dnk8355/paper2026/netcdf_daily_1april2024_31march2026/METOP-B_20240416_AN_DEP.nc
Saved summary: /perm/dnk8355/paper2026/netcdf_daily_1april2024_31march2026/METOP-C_20240416_summary.txt
Saved: /perm/dnk8355/paper2026/netcdf_daily_1april2024_31march2026/METOP-C_20240416_OBSVALUE.nc
Saved: /perm/dnk8355/paper2026/netcdf_daily_1april2024_31march2026/METOP-C_20240416_EMIS_WATER.nc
Saved: /perm/dnk8355/paper2026/netcdf_daily_1april2024_31march2026/METOP-C_20240416_TAUSFC.nc
Saved: /perm/dnk8355/paper2026/netcdf_daily_1april2024_31march2026/METOP-C_20240416_TDOWN.nc
Saved: /perm/dnk8355/paper2026/netcdf_daily_1april2024_31march2026/METOP-C_20240416_TUP.nc
Saved: /perm/dnk8355/paper2026/netcdf_daily_1april2024_31march2026/METOP-C_20240416_TAUSFC_CLD.nc
Saved: /perm/dnk8355/paper2026/netcdf_daily_1april2024_31march2026/METOP-C_20240416_TDOWN_CLD.nc
Saved: /perm/dnk8355/paper2026/netcdf_daily_1april2024_31march2026/METOP-C_20240416_TUP_CLD.nc
Saved: /perm/dnk8355/paper2026/netcdf_daily_1april2024_31march2026/METOP-C_20240416_FG_DEP.nc
Saved: /perm/dnk8355/paper2026/netcdf_daily_1april2024_31march2026/METOP-C_20240416_AN_DEP.nc
[445380] Saved daily NetCDFs for amsua_ofb_lwda_20240416_NH_SH_variables_filtered_lsm_lower02.odb
Saved summary: /perm/dnk8355/paper2026/netcdf_daily_1april2024_31march2026/METOP-B_20240417_summary.txt
Saved: /perm/dnk8355/paper2026/netcdf_daily_1april2024_31march2026/METOP-B_20240417_OBSVALUE.nc
Saved: /perm/dnk8355/paper2026/netcdf_daily_1april2024_31march2026/METOP-B_20240417_EMIS_WATER.nc
Saved: /perm/dnk8355/paper2026/netcdf_daily_1april2024_31march2026/METOP-B_20240417_TAUSFC.nc
Saved: /perm/dnk8355/paper2026/netcdf_daily_1april2024_31march2026/METOP-B_20240417_TDOWN.nc
Saved: /perm/dnk8355/paper2026/netcdf_daily_1april2024_31march2026/METOP-B_20240417_TUP.nc
Saved: /perm/dnk8355/paper2026/netcdf_daily_1april2024_31march2026/METOP-B_20240417_TAUSFC_CLD.nc
Saved: /perm/dnk8355/paper2026/netcdf_daily_1april2024_31march2026/METOP-B_20240417_TDOWN_CLD.nc
Saved: /perm/dnk8355/paper2026/netcdf_daily_1april2024_31march2026/METOP-B_20240417_TUP_CLD.nc
Saved: /perm/dnk8355/paper2026/netcdf_daily_1april2024_31march2026/METOP-B_20240417_FG_DEP.nc
Saved: /perm/dnk8355/paper2026/netcdf_daily_1april2024_31march2026/METOP-B_20240417_AN_DEP.nc
Saved summary: /perm/dnk8355/paper2026/netcdf_daily_1april2024_31march2026/METOP-C_20240417_summary.txt
Saved: /perm/dnk8355/paper2026/netcdf_daily_1april2024_31march2026/METOP-C_20240417_OBSVALUE.nc
Saved: /perm/dnk8355/paper2026/netcdf_daily_1april2024_31march2026/METOP-C_20240417_EMIS_WATER.nc
Saved: /perm/dnk8355/paper2026/netcdf_daily_1april2024_31march2026/METOP-C_20240417_TAUSFC.nc
Saved: /perm/dnk8355/paper2026/netcdf_daily_1april2024_31march2026/METOP-C_20240417_TDOWN.nc
Saved: /perm/dnk8355/paper2026/netcdf_daily_1april2024_31march2026/METOP-C_20240417_TUP.nc
Saved: /perm/dnk8355/paper2026/netcdf_daily_1april2024_31march2026/METOP-C_20240417_TAUSFC_CLD.nc
Saved: /perm/dnk8355/paper2026/netcdf_daily_1april2024_31march2026/METOP-C_20240417_TDOWN_CLD.nc
Saved: /perm/dnk8355/paper2026/netcdf_daily_1april2024_31march2026/METOP-C_20240417_TUP_CLD.nc
Saved: /perm/dnk8355/paper2026/netcdf_daily_1april2024_31march2026/METOP-C_20240417_FG_DEP.nc
Saved: /perm/dnk8355/paper2026/netcdf_daily_1april2024_31march2026/METOP-C_20240417_AN_DEP.nc
[445380] Saved daily NetCDFs for amsua_ofb_lwda_20240417_NH_SH_variables_filtered_lsm_lower02.odb
Saved summary: /perm/dnk8355/paper2026/netcdf_daily_1april2024_31march2026/METOP-B_20240418_summary.txt
Saved: /perm/dnk8355/paper2026/netcdf_daily_1april2024_31march2026/METOP-B_20240418_OBSVALUE.nc
Saved: /perm/dnk8355/paper2026/netcdf_daily_1april2024_31march2026/METOP-B_20240418_EMIS_WATER.nc
Saved: /perm/dnk8355/paper2026/netcdf_daily_1april2024_31march2026/METOP-B_20240418_TAUSFC.nc
Saved: /perm/dnk8355/paper2026/netcdf_daily_1april2024_31march2026/METOP-B_20240418_TDOWN.nc
Saved: /perm/dnk8355/paper2026/netcdf_daily_1april2024_31march2026/METOP-B_20240418_TUP.nc
Saved: /perm/dnk8355/paper2026/netcdf_daily_1april2024_31march2026/METOP-B_20240418_TAUSFC_CLD.nc
Saved: /perm/dnk8355/paper2026/netcdf_daily_1april2024_31march2026/METOP-B_20240418_TDOWN_CLD.nc
Saved: /perm/dnk8355/paper2026/netcdf_daily_1april2024_31march2026/METOP-B_20240418_TUP_CLD.nc
Saved: /perm/dnk8355/paper2026/netcdf_daily_1april2024_31march2026/METOP-B_20240418_FG_DEP.nc
Saved: /perm/dnk8355/paper2026/netcdf_daily_1april2024_31march2026/METOP-B_20240418_AN_DEP.nc
Saved summary: /perm/dnk8355/paper2026/netcdf_daily_1april2024_31march2026/METOP-C_20240418_summary.txt
Saved: /perm/dnk8355/paper2026/netcdf_daily_1april2024_31march2026/METOP-C_20240418_OBSVALUE.nc
Saved: /perm/dnk8355/paper2026/netcdf_daily_1april2024_31march2026/METOP-C_20240418_EMIS_WATER.nc
Saved: /perm/dnk8355/paper2026/netcdf_daily_1april2024_31march2026/METOP-C_20240418_TAUSFC.nc
Saved: /perm/dnk8355/paper2026/netcdf_daily_1april2024_31march2026/METOP-C_20240418_TDOWN.nc
Saved: /perm/dnk8355/paper2026/netcdf_daily_1april2024_31march2026/METOP-C_20240418_TUP.nc
Saved: /perm/dnk8355/paper2026/netcdf_daily_1april2024_31march2026/METOP-C_20240418_TAUSFC_CLD.nc
Saved: /perm/dnk8355/paper2026/netcdf_daily_1april2024_31march2026/METOP-C_20240418_TDOWN_CLD.nc
Saved: /perm/dnk8355/paper2026/netcdf_daily_1april2024_31march2026/METOP-C_20240418_TUP_CLD.nc
Saved: /perm/dnk8355/paper2026/netcdf_daily_1april2024_31march2026/METOP-C_20240418_FG_DEP.nc
Saved: /perm/dnk8355/paper2026/netcdf_daily_1april2024_31march2026/METOP-C_20240418_AN_DEP.nc
[445380] Saved daily NetCDFs for amsua_ofb_lwda_20240418_NH_SH_variables_filtered_lsm_lower02.odb
Saved summary: /perm/dnk8355/paper2026/netcdf_daily_1april2024_31march2026/METOP-B_20240419_summary.txt
Saved: /perm/dnk8355/paper2026/netcdf_daily_1april2024_31march2026/METOP-B_20240419_OBSVALUE.nc
Saved: /perm/dnk8355/paper2026/netcdf_daily_1april2024_31march2026/METOP-B_20240419_EMIS_WATER.nc
Saved: /perm/dnk8355/paper2026/netcdf_daily_1april2024_31march2026/METOP-B_20240419_TAUSFC.nc
Saved: /perm/dnk8355/paper2026/netcdf_daily_1april2024_31march2026/METOP-B_20240419_TDOWN.nc
Saved: /perm/dnk8355/paper2026/netcdf_daily_1april2024_31march2026/METOP-B_20240419_TUP.nc
Saved: /perm/dnk8355/paper2026/netcdf_daily_1april2024_31march2026/METOP-B_20240419_TAUSFC_CLD.nc
Saved: /perm/dnk8355/paper2026/netcdf_daily_1april2024_31march2026/METOP-B_20240419_TDOWN_CLD.nc
Saved: /perm/dnk8355/paper2026/netcdf_daily_1april2024_31march2026/METOP-B_20240419_TUP_CLD.nc
Saved: /perm/dnk8355/paper2026/netcdf_daily_1april2024_31march2026/METOP-B_20240419_FG_DEP.nc
Saved: /perm/dnk8355/paper2026/netcdf_daily_1april2024_31march2026/METOP-B_20240419_AN_DEP.nc
Saved summary: /perm/dnk8355/paper2026/netcdf_daily_1april2024_31march2026/METOP-C_20240419_summary.txt
Saved: /perm/dnk8355/paper2026/netcdf_daily_1april2024_31march2026/METOP-C_20240419_OBSVALUE.nc
Saved: /perm/dnk8355/paper2026/netcdf_daily_1april2024_31march2026/METOP-C_20240419_EMIS_WATER.nc
Saved: /perm/dnk8355/paper2026/netcdf_daily_1april2024_31march2026/METOP-C_20240419_TAUSFC.nc
Saved: /perm/dnk8355/paper2026/netcdf_daily_1april2024_31march2026/METOP-C_20240419_TDOWN.nc
Saved: /perm/dnk8355/paper2026/netcdf_daily_1april2024_31march2026/METOP-C_20240419_TUP.nc
Saved: /perm/dnk8355/paper2026/netcdf_daily_1april2024_31march2026/METOP-C_20240419_TAUSFC_CLD.nc
Saved: /perm/dnk8355/paper2026/netcdf_daily_1april2024_31march2026/METOP-C_20240419_TDOWN_CLD.nc
Saved: /perm/dnk8355/paper2026/netcdf_daily_1april2024_31march2026/METOP-C_20240419_TUP_CLD.nc
Saved: /perm/dnk8355/paper2026/netcdf_daily_1april2024_31march2026/METOP-C_20240419_FG_DEP.nc
Saved: /perm/dnk8355/paper2026/netcdf_daily_1april2024_31march2026/METOP-C_20240419_AN_DEP.nc
[445380] Saved daily NetCDFs for amsua_ofb_lwda_20240419_NH_SH_variables_filtered_lsm_lower02.odb
Saved summary: /perm/dnk8355/paper2026/netcdf_daily_1april2024_31march2026/METOP-B_20240420_summary.txt
Saved: /perm/dnk8355/paper2026/netcdf_daily_1april2024_31march2026/METOP-B_20240420_OBSVALUE.nc
Saved: /perm/dnk8355/paper2026/netcdf_daily_1april2024_31march2026/METOP-B_20240420_EMIS_WATER.nc
Saved: /perm/dnk8355/paper2026/netcdf_daily_1april2024_31march2026/METOP-B_20240420_TAUSFC.nc
Saved: /perm/dnk8355/paper2026/netcdf_daily_1april2024_31march2026/METOP-B_20240420_TDOWN.nc
Saved: /perm/dnk8355/paper2026/netcdf_daily_1april2024_31march2026/METOP-B_20240420_TUP.nc
Saved: /perm/dnk8355/paper2026/netcdf_daily_1april2024_31march2026/METOP-B_20240420_TAUSFC_CLD.nc
Saved: /perm/dnk8355/paper2026/netcdf_daily_1april2024_31march2026/METOP-B_20240420_TDOWN_CLD.nc
Saved: /perm/dnk8355/paper2026/netcdf_daily_1april2024_31march2026/METOP-B_20240420_TUP_CLD.nc
Saved: /perm/dnk8355/paper2026/netcdf_daily_1april2024_31march2026/METOP-B_20240420_FG_DEP.nc
Saved: /perm/dnk8355/paper2026/netcdf_daily_1april2024_31march2026/METOP-B_20240420_AN_DEP.nc
Saved summary: /perm/dnk8355/paper2026/netcdf_daily_1april2024_31march2026/METOP-C_20240420_summary.txt
Saved: /perm/dnk8355/paper2026/netcdf_daily_1april2024_31march2026/METOP-C_20240420_OBSVALUE.nc
Saved: /perm/dnk8355/paper2026/netcdf_daily_1april2024_31march2026/METOP-C_20240420_EMIS_WATER.nc
Saved: /perm/dnk8355/paper2026/netcdf_daily_1april2024_31march2026/METOP-C_20240420_TAUSFC.nc
Saved: /perm/dnk8355/paper2026/netcdf_daily_1april2024_31march2026/METOP-C_20240420_TDOWN.nc
Saved: /perm/dnk8355/paper2026/netcdf_daily_1april2024_31march2026/METOP-C_20240420_TUP.nc
Saved: /perm/dnk8355/paper2026/netcdf_daily_1april2024_31march2026/METOP-C_20240420_TAUSFC_CLD.nc
Saved: /perm/dnk8355/paper2026/netcdf_daily_1april2024_31march2026/METOP-C_20240420_TDOWN_CLD.nc
Saved: /perm/dnk8355/paper2026/netcdf_daily_1april2024_31march2026/METOP-C_20240420_TUP_CLD.nc
Saved: /perm/dnk8355/paper2026/netcdf_daily_1april2024_31march2026/METOP-C_20240420_FG_DEP.nc
Saved: /perm/dnk8355/paper2026/netcdf_daily_1april2024_31march2026/METOP-C_20240420_AN_DEP.nc
[445380] Saved daily NetCDFs for amsua_ofb_lwda_20240420_NH_SH_variables_filtered_lsm_lower02.odb
Saved summary: /perm/dnk8355/paper2026/netcdf_daily_1april2024_31march2026/METOP-B_20240421_summary.txt
Saved: /perm/dnk8355/paper2026/netcdf_daily_1april2024_31march2026/METOP-B_20240421_OBSVALUE.nc
Saved: /perm/dnk8355/paper2026/netcdf_daily_1april2024_31march2026/METOP-B_20240421_EMIS_WATER.nc
Saved: /perm/dnk8355/paper2026/netcdf_daily_1april2024_31march2026/METOP-B_20240421_TAUSFC.nc
Saved: /perm/dnk8355/paper2026/netcdf_daily_1april2024_31march2026/METOP-B_20240421_TDOWN.nc
Saved: /perm/dnk8355/paper2026/netcdf_daily_1april2024_31march2026/METOP-B_20240421_TUP.nc
Saved: /perm/dnk8355/paper2026/netcdf_daily_1april2024_31march2026/METOP-B_20240421_TAUSFC_CLD.nc
Saved: /perm/dnk8355/paper2026/netcdf_daily_1april2024_31march2026/METOP-B_20240421_TDOWN_CLD.nc
Saved: /perm/dnk8355/paper2026/netcdf_daily_1april2024_31march2026/METOP-B_20240421_TUP_CLD.nc
Saved: /perm/dnk8355/paper2026/netcdf_daily_1april2024_31march2026/METOP-B_20240421_FG_DEP.nc
Saved: /perm/dnk8355/paper2026/netcdf_daily_1april2024_31march2026/METOP-B_20240421_AN_DEP.nc
Saved summary: /perm/dnk8355/paper2026/netcdf_daily_1april2024_31march2026/METOP-C_20240421_summary.txt
Saved: /perm/dnk8355/paper2026/netcdf_daily_1april2024_31march2026/METOP-C_20240421_OBSVALUE.nc
Saved: /perm/dnk8355/paper2026/netcdf_daily_1april2024_31march2026/METOP-C_20240421_EMIS_WATER.nc
Saved: /perm/dnk8355/paper2026/netcdf_daily_1april2024_31march2026/METOP-C_20240421_TAUSFC.nc
Saved: /perm/dnk8355/paper2026/netcdf_daily_1april2024_31march2026/METOP-C_20240421_TDOWN.nc
Saved: /perm/dnk8355/paper2026/netcdf_daily_1april2024_31march2026/METOP-C_20240421_TUP.nc
Saved: /perm/dnk8355/paper2026/netcdf_daily_1april2024_31march2026/METOP-C_20240421_TAUSFC_CLD.nc
Saved: /perm/dnk8355/paper2026/netcdf_daily_1april2024_31march2026/METOP-C_20240421_TDOWN_CLD.nc
Saved: /perm/dnk8355/paper2026/netcdf_daily_1april2024_31march2026/METOP-C_20240421_TUP_CLD.nc
Saved: /perm/dnk8355/paper2026/netcdf_daily_1april2024_31march2026/METOP-C_20240421_FG_DEP.nc
Saved: /perm/dnk8355/paper2026/netcdf_daily_1april2024_31march2026/METOP-C_20240421_AN_DEP.nc
[445380] Saved daily NetCDFs for amsua_ofb_lwda_20240421_NH_SH_variables_filtered_lsm_lower02.odb
Saved summary: /perm/dnk8355/paper2026/netcdf_daily_1april2024_31march2026/METOP-B_20240422_summary.txt
Saved: /perm/dnk8355/paper2026/netcdf_daily_1april2024_31march2026/METOP-B_20240422_OBSVALUE.nc
Saved: /perm/dnk8355/paper2026/netcdf_daily_1april2024_31march2026/METOP-B_20240422_EMIS_WATER.nc
Saved: /perm/dnk8355/paper2026/netcdf_daily_1april2024_31march2026/METOP-B_20240422_TAUSFC.nc
Saved: /perm/dnk8355/paper2026/netcdf_daily_1april2024_31march2026/METOP-B_20240422_TDOWN.nc
Saved: /perm/dnk8355/paper2026/netcdf_daily_1april2024_31march2026/METOP-B_20240422_TUP.nc
Saved: /perm/dnk8355/paper2026/netcdf_daily_1april2024_31march2026/METOP-B_20240422_TAUSFC_CLD.nc
Saved: /perm/dnk8355/paper2026/netcdf_daily_1april2024_31march2026/METOP-B_20240422_TDOWN_CLD.nc
Saved: /perm/dnk8355/paper2026/netcdf_daily_1april2024_31march2026/METOP-B_20240422_TUP_CLD.nc
Saved: /perm/dnk8355/paper2026/netcdf_daily_1april2024_31march2026/METOP-B_20240422_FG_DEP.nc
Saved: /perm/dnk8355/paper2026/netcdf_daily_1april2024_31march2026/METOP-B_20240422_AN_DEP.nc
Saved summary: /perm/dnk8355/paper2026/netcdf_daily_1april2024_31march2026/METOP-C_20240422_summary.txt
Saved: /perm/dnk8355/paper2026/netcdf_daily_1april2024_31march2026/METOP-C_20240422_OBSVALUE.nc
Saved: /perm/dnk8355/paper2026/netcdf_daily_1april2024_31march2026/METOP-C_20240422_EMIS_WATER.nc
Saved: /perm/dnk8355/paper2026/netcdf_daily_1april2024_31march2026/METOP-C_20240422_TAUSFC.nc
Saved: /perm/dnk8355/paper2026/netcdf_daily_1april2024_31march2026/METOP-C_20240422_TDOWN.nc
Saved: /perm/dnk8355/paper2026/netcdf_daily_1april2024_31march2026/METOP-C_20240422_TUP.nc
Saved: /perm/dnk8355/paper2026/netcdf_daily_1april2024_31march2026/METOP-C_20240422_TAUSFC_CLD.nc
Saved: /perm/dnk8355/paper2026/netcdf_daily_1april2024_31march2026/METOP-C_20240422_TDOWN_CLD.nc
Saved: /perm/dnk8355/paper2026/netcdf_daily_1april2024_31march2026/METOP-C_20240422_TUP_CLD.nc
Saved: /perm/dnk8355/paper2026/netcdf_daily_1april2024_31march2026/METOP-C_20240422_FG_DEP.nc
Saved: /perm/dnk8355/paper2026/netcdf_daily_1april2024_31march2026/METOP-C_20240422_AN_DEP.nc
[445380] Saved daily NetCDFs for amsua_ofb_lwda_20240422_NH_SH_variables_filtered_lsm_lower02.odb
Saved summary: /perm/dnk8355/paper2026/netcdf_daily_1april2024_31march2026/METOP-B_20240423_summary.txt
Saved: /perm/dnk8355/paper2026/netcdf_daily_1april2024_31march2026/METOP-B_20240423_OBSVALUE.nc
Saved: /perm/dnk8355/paper2026/netcdf_daily_1april2024_31march2026/METOP-B_20240423_EMIS_WATER.nc
Saved: /perm/dnk8355/paper2026/netcdf_daily_1april2024_31march2026/METOP-B_20240423_TAUSFC.nc
Saved: /perm/dnk8355/paper2026/netcdf_daily_1april2024_31march2026/METOP-B_20240423_TDOWN.nc
Saved: /perm/dnk8355/paper2026/netcdf_daily_1april2024_31march2026/METOP-B_20240423_TUP.nc
Saved: /perm/dnk8355/paper2026/netcdf_daily_1april2024_31march2026/METOP-B_20240423_TAUSFC_CLD.nc
Saved: /perm/dnk8355/paper2026/netcdf_daily_1april2024_31march2026/METOP-B_20240423_TDOWN_CLD.nc
Saved: /perm/dnk8355/paper2026/netcdf_daily_1april2024_31march2026/METOP-B_20240423_TUP_CLD.nc
Saved: /perm/dnk8355/paper2026/netcdf_daily_1april2024_31march2026/METOP-B_20240423_FG_DEP.nc
Saved: /perm/dnk8355/paper2026/netcdf_daily_1april2024_31march2026/METOP-B_20240423_AN_DEP.nc
Saved summary: /perm/dnk8355/paper2026/netcdf_daily_1april2024_31march2026/METOP-C_20240423_summary.txt
Saved: /perm/dnk8355/paper2026/netcdf_daily_1april2024_31march2026/METOP-C_20240423_OBSVALUE.nc
Saved: /perm/dnk8355/paper2026/netcdf_daily_1april2024_31march2026/METOP-C_20240423_EMIS_WATER.nc
Saved: /perm/dnk8355/paper2026/netcdf_daily_1april2024_31march2026/METOP-C_20240423_TAUSFC.nc
Saved: /perm/dnk8355/paper2026/netcdf_daily_1april2024_31march2026/METOP-C_20240423_TDOWN.nc
Saved: /perm/dnk8355/paper2026/netcdf_daily_1april2024_31march2026/METOP-C_20240423_TUP.nc
Saved: /perm/dnk8355/paper2026/netcdf_daily_1april2024_31march2026/METOP-C_20240423_TAUSFC_CLD.nc
Saved: /perm/dnk8355/paper2026/netcdf_daily_1april2024_31march2026/METOP-C_20240423_TDOWN_CLD.nc
Saved: /perm/dnk8355/paper2026/netcdf_daily_1april2024_31march2026/METOP-C_20240423_TUP_CLD.nc
Saved: /perm/dnk8355/paper2026/netcdf_daily_1april2024_31march2026/METOP-C_20240423_FG_DEP.nc
Saved: /perm/dnk8355/paper2026/netcdf_daily_1april2024_31march2026/METOP-C_20240423_AN_DEP.nc
[445380] Saved daily NetCDFs for amsua_ofb_lwda_20240423_NH_SH_variables_filtered_lsm_lower02.odb
Saved summary: /perm/dnk8355/paper2026/netcdf_daily_1april2024_31march2026/METOP-B_20240424_summary.txt
Saved: /perm/dnk8355/paper2026/netcdf_daily_1april2024_31march2026/METOP-B_20240424_OBSVALUE.nc
Saved: /perm/dnk8355/paper2026/netcdf_daily_1april2024_31march2026/METOP-B_20240424_EMIS_WATER.nc
Saved: /perm/dnk8355/paper2026/netcdf_daily_1april2024_31march2026/METOP-B_20240424_TAUSFC.nc
Saved: /perm/dnk8355/paper2026/netcdf_daily_1april2024_31march2026/METOP-B_20240424_TDOWN.nc
Saved: /perm/dnk8355/paper2026/netcdf_daily_1april2024_31march2026/METOP-B_20240424_TUP.nc
Saved: /perm/dnk8355/paper2026/netcdf_daily_1april2024_31march2026/METOP-B_20240424_TAUSFC_CLD.nc
Saved: /perm/dnk8355/paper2026/netcdf_daily_1april2024_31march2026/METOP-B_20240424_TDOWN_CLD.nc
Saved: /perm/dnk8355/paper2026/netcdf_daily_1april2024_31march2026/METOP-B_20240424_TUP_CLD.nc
Saved: /perm/dnk8355/paper2026/netcdf_daily_1april2024_31march2026/METOP-B_20240424_FG_DEP.nc
Saved: /perm/dnk8355/paper2026/netcdf_daily_1april2024_31march2026/METOP-B_20240424_AN_DEP.nc
Saved summary: /perm/dnk8355/paper2026/netcdf_daily_1april2024_31march2026/METOP-C_20240424_summary.txt
Saved: /perm/dnk8355/paper2026/netcdf_daily_1april2024_31march2026/METOP-C_20240424_OBSVALUE.nc
Saved: /perm/dnk8355/paper2026/netcdf_daily_1april2024_31march2026/METOP-C_20240424_EMIS_WATER.nc
Saved: /perm/dnk8355/paper2026/netcdf_daily_1april2024_31march2026/METOP-C_20240424_TAUSFC.nc
Saved: /perm/dnk8355/paper2026/netcdf_daily_1april2024_31march2026/METOP-C_20240424_TDOWN.nc
Saved: /perm/dnk8355/paper2026/netcdf_daily_1april2024_31march2026/METOP-C_20240424_TUP.nc
Saved: /perm/dnk8355/paper2026/netcdf_daily_1april2024_31march2026/METOP-C_20240424_TAUSFC_CLD.nc
Saved: /perm/dnk8355/paper2026/netcdf_daily_1april2024_31march2026/METOP-C_20240424_TDOWN_CLD.nc
Saved: /perm/dnk8355/paper2026/netcdf_daily_1april2024_31march2026/METOP-C_20240424_TUP_CLD.nc
Saved: /perm/dnk8355/paper2026/netcdf_daily_1april2024_31march2026/METOP-C_20240424_FG_DEP.nc
Saved: /perm/dnk8355/paper2026/netcdf_daily_1april2024_31march2026/METOP-C_20240424_AN_DEP.nc
[445380] Saved daily NetCDFs for amsua_ofb_lwda_20240424_NH_SH_variables_filtered_lsm_lower02.odb
Saved summary: /perm/dnk8355/paper2026/netcdf_daily_1april2024_31march2026/METOP-B_20240425_summary.txt
Saved: /perm/dnk8355/paper2026/netcdf_daily_1april2024_31march2026/METOP-B_20240425_OBSVALUE.nc
Saved: /perm/dnk8355/paper2026/netcdf_daily_1april2024_31march2026/METOP-B_20240425_EMIS_WATER.nc
Saved: /perm/dnk8355/paper2026/netcdf_daily_1april2024_31march2026/METOP-B_20240425_TAUSFC.nc
Saved: /perm/dnk8355/paper2026/netcdf_daily_1april2024_31march2026/METOP-B_20240425_TDOWN.nc
Saved: /perm/dnk8355/paper2026/netcdf_daily_1april2024_31march2026/METOP-B_20240425_TUP.nc
Saved: /perm/dnk8355/paper2026/netcdf_daily_1april2024_31march2026/METOP-B_20240425_TAUSFC_CLD.nc
Saved: /perm/dnk8355/paper2026/netcdf_daily_1april2024_31march2026/METOP-B_20240425_TDOWN_CLD.nc
Saved: /perm/dnk8355/paper2026/netcdf_daily_1april2024_31march2026/METOP-B_20240425_TUP_CLD.nc
Saved: /perm/dnk8355/paper2026/netcdf_daily_1april2024_31march2026/METOP-B_20240425_FG_DEP.nc
Saved: /perm/dnk8355/paper2026/netcdf_daily_1april2024_31march2026/METOP-B_20240425_AN_DEP.nc
Saved summary: /perm/dnk8355/paper2026/netcdf_daily_1april2024_31march2026/METOP-C_20240425_summary.txt
Saved: /perm/dnk8355/paper2026/netcdf_daily_1april2024_31march2026/METOP-C_20240425_OBSVALUE.nc
Saved: /perm/dnk8355/paper2026/netcdf_daily_1april2024_31march2026/METOP-C_20240425_EMIS_WATER.nc
Saved: /perm/dnk8355/paper2026/netcdf_daily_1april2024_31march2026/METOP-C_20240425_TAUSFC.nc
Saved: /perm/dnk8355/paper2026/netcdf_daily_1april2024_31march2026/METOP-C_20240425_TDOWN.nc
Saved: /perm/dnk8355/paper2026/netcdf_daily_1april2024_31march2026/METOP-C_20240425_TUP.nc
Saved: /perm/dnk8355/paper2026/netcdf_daily_1april2024_31march2026/METOP-C_20240425_TAUSFC_CLD.nc
Saved: /perm/dnk8355/paper2026/netcdf_daily_1april2024_31march2026/METOP-C_20240425_TDOWN_CLD.nc
Saved: /perm/dnk8355/paper2026/netcdf_daily_1april2024_31march2026/METOP-C_20240425_TUP_CLD.nc
Saved: /perm/dnk8355/paper2026/netcdf_daily_1april2024_31march2026/METOP-C_20240425_FG_DEP.nc
Saved: /perm/dnk8355/paper2026/netcdf_daily_1april2024_31march2026/METOP-C_20240425_AN_DEP.nc
[445380] Saved daily NetCDFs for amsua_ofb_lwda_20240425_NH_SH_variables_filtered_lsm_lower02.odb
Saved summary: /perm/dnk8355/paper2026/netcdf_daily_1april2024_31march2026/METOP-B_20240426_summary.txt
Saved: /perm/dnk8355/paper2026/netcdf_daily_1april2024_31march2026/METOP-B_20240426_OBSVALUE.nc
Saved: /perm/dnk8355/paper2026/netcdf_daily_1april2024_31march2026/METOP-B_20240426_EMIS_WATER.nc
Saved: /perm/dnk8355/paper2026/netcdf_daily_1april2024_31march2026/METOP-B_20240426_TAUSFC.nc
Saved: /perm/dnk8355/paper2026/netcdf_daily_1april2024_31march2026/METOP-B_20240426_TDOWN.nc
Saved: /perm/dnk8355/paper2026/netcdf_daily_1april2024_31march2026/METOP-B_20240426_TUP.nc
Saved: /perm/dnk8355/paper2026/netcdf_daily_1april2024_31march2026/METOP-B_20240426_TAUSFC_CLD.nc
Saved: /perm/dnk8355/paper2026/netcdf_daily_1april2024_31march2026/METOP-B_20240426_TDOWN_CLD.nc
Saved: /perm/dnk8355/paper2026/netcdf_daily_1april2024_31march2026/METOP-B_20240426_TUP_CLD.nc
Saved: /perm/dnk8355/paper2026/netcdf_daily_1april2024_31march2026/METOP-B_20240426_FG_DEP.nc
Saved: /perm/dnk8355/paper2026/netcdf_daily_1april2024_31march2026/METOP-B_20240426_AN_DEP.nc
Saved summary: /perm/dnk8355/paper2026/netcdf_daily_1april2024_31march2026/METOP-C_20240426_summary.txt
Saved: /perm/dnk8355/paper2026/netcdf_daily_1april2024_31march2026/METOP-C_20240426_OBSVALUE.nc
Saved: /perm/dnk8355/paper2026/netcdf_daily_1april2024_31march2026/METOP-C_20240426_EMIS_WATER.nc
Saved: /perm/dnk8355/paper2026/netcdf_daily_1april2024_31march2026/METOP-C_20240426_TAUSFC.nc
Saved: /perm/dnk8355/paper2026/netcdf_daily_1april2024_31march2026/METOP-C_20240426_TDOWN.nc
Saved: /perm/dnk8355/paper2026/netcdf_daily_1april2024_31march2026/METOP-C_20240426_TUP.nc
Saved: /perm/dnk8355/paper2026/netcdf_daily_1april2024_31march2026/METOP-C_20240426_TAUSFC_CLD.nc
Saved: /perm/dnk8355/paper2026/netcdf_daily_1april2024_31march2026/METOP-C_20240426_TDOWN_CLD.nc
Saved: /perm/dnk8355/paper2026/netcdf_daily_1april2024_31march2026/METOP-C_20240426_TUP_CLD.nc
Saved: /perm/dnk8355/paper2026/netcdf_daily_1april2024_31march2026/METOP-C_20240426_FG_DEP.nc
Saved: /perm/dnk8355/paper2026/netcdf_daily_1april2024_31march2026/METOP-C_20240426_AN_DEP.nc
[445380] Saved daily NetCDFs for amsua_ofb_lwda_20240426_NH_SH_variables_filtered_lsm_lower02.odb
Saved summary: /perm/dnk8355/paper2026/netcdf_daily_1april2024_31march2026/METOP-B_20240427_summary.txt
Saved: /perm/dnk8355/paper2026/netcdf_daily_1april2024_31march2026/METOP-B_20240427_OBSVALUE.nc
Saved: /perm/dnk8355/paper2026/netcdf_daily_1april2024_31march2026/METOP-B_20240427_EMIS_WATER.nc
Saved: /perm/dnk8355/paper2026/netcdf_daily_1april2024_31march2026/METOP-B_20240427_TAUSFC.nc
Saved: /perm/dnk8355/paper2026/netcdf_daily_1april2024_31march2026/METOP-B_20240427_TDOWN.nc
Saved: /perm/dnk8355/paper2026/netcdf_daily_1april2024_31march2026/METOP-B_20240427_TUP.nc
Saved: /perm/dnk8355/paper2026/netcdf_daily_1april2024_31march2026/METOP-B_20240427_TAUSFC_CLD.nc
Saved: /perm/dnk8355/paper2026/netcdf_daily_1april2024_31march2026/METOP-B_20240427_TDOWN_CLD.nc
Saved: /perm/dnk8355/paper2026/netcdf_daily_1april2024_31march2026/METOP-B_20240427_TUP_CLD.nc
Saved: /perm/dnk8355/paper2026/netcdf_daily_1april2024_31march2026/METOP-B_20240427_FG_DEP.nc
Saved: /perm/dnk8355/paper2026/netcdf_daily_1april2024_31march2026/METOP-B_20240427_AN_DEP.nc
Saved summary: /perm/dnk8355/paper2026/netcdf_daily_1april2024_31march2026/METOP-C_20240427_summary.txt
Saved: /perm/dnk8355/paper2026/netcdf_daily_1april2024_31march2026/METOP-C_20240427_OBSVALUE.nc
Saved: /perm/dnk8355/paper2026/netcdf_daily_1april2024_31march2026/METOP-C_20240427_EMIS_WATER.nc
Saved: /perm/dnk8355/paper2026/netcdf_daily_1april2024_31march2026/METOP-C_20240427_TAUSFC.nc
Saved: /perm/dnk8355/paper2026/netcdf_daily_1april2024_31march2026/METOP-C_20240427_TDOWN.nc
Saved: /perm/dnk8355/paper2026/netcdf_daily_1april2024_31march2026/METOP-C_20240427_TUP.nc
Saved: /perm/dnk8355/paper2026/netcdf_daily_1april2024_31march2026/METOP-C_20240427_TAUSFC_CLD.nc
Saved: /perm/dnk8355/paper2026/netcdf_daily_1april2024_31march2026/METOP-C_20240427_TDOWN_CLD.nc
Saved: /perm/dnk8355/paper2026/netcdf_daily_1april2024_31march2026/METOP-C_20240427_TUP_CLD.nc
Saved: /perm/dnk8355/paper2026/netcdf_daily_1april2024_31march2026/METOP-C_20240427_FG_DEP.nc
Saved: /perm/dnk8355/paper2026/netcdf_daily_1april2024_31march2026/METOP-C_20240427_AN_DEP.nc
[445380] Saved daily NetCDFs for amsua_ofb_lwda_20240427_NH_SH_variables_filtered_lsm_lower02.odb
Saved summary: /perm/dnk8355/paper2026/netcdf_daily_1april2024_31march2026/METOP-B_20240428_summary.txt
Saved: /perm/dnk8355/paper2026/netcdf_daily_1april2024_31march2026/METOP-B_20240428_OBSVALUE.nc
Saved: /perm/dnk8355/paper2026/netcdf_daily_1april2024_31march2026/METOP-B_20240428_EMIS_WATER.nc
Saved: /perm/dnk8355/paper2026/netcdf_daily_1april2024_31march2026/METOP-B_20240428_TAUSFC.nc
Saved: /perm/dnk8355/paper2026/netcdf_daily_1april2024_31march2026/METOP-B_20240428_TDOWN.nc
Saved: /perm/dnk8355/paper2026/netcdf_daily_1april2024_31march2026/METOP-B_20240428_TUP.nc
Saved: /perm/dnk8355/paper2026/netcdf_daily_1april2024_31march2026/METOP-B_20240428_TAUSFC_CLD.nc
Saved: /perm/dnk8355/paper2026/netcdf_daily_1april2024_31march2026/METOP-B_20240428_TDOWN_CLD.nc
Saved: /perm/dnk8355/paper2026/netcdf_daily_1april2024_31march2026/METOP-B_20240428_TUP_CLD.nc
Saved: /perm/dnk8355/paper2026/netcdf_daily_1april2024_31march2026/METOP-B_20240428_FG_DEP.nc
Saved: /perm/dnk8355/paper2026/netcdf_daily_1april2024_31march2026/METOP-B_20240428_AN_DEP.nc
Saved summary: /perm/dnk8355/paper2026/netcdf_daily_1april2024_31march2026/METOP-C_20240428_summary.txt
Saved: /perm/dnk8355/paper2026/netcdf_daily_1april2024_31march2026/METOP-C_20240428_OBSVALUE.nc
Saved: /perm/dnk8355/paper2026/netcdf_daily_1april2024_31march2026/METOP-C_20240428_EMIS_WATER.nc
Saved: /perm/dnk8355/paper2026/netcdf_daily_1april2024_31march2026/METOP-C_20240428_TAUSFC.nc
Saved: /perm/dnk8355/paper2026/netcdf_daily_1april2024_31march2026/METOP-C_20240428_TDOWN.nc
Saved: /perm/dnk8355/paper2026/netcdf_daily_1april2024_31march2026/METOP-C_20240428_TUP.nc
Saved: /perm/dnk8355/paper2026/netcdf_daily_1april2024_31march2026/METOP-C_20240428_TAUSFC_CLD.nc
Saved: /perm/dnk8355/paper2026/netcdf_daily_1april2024_31march2026/METOP-C_20240428_TDOWN_CLD.nc
Saved: /perm/dnk8355/paper2026/netcdf_daily_1april2024_31march2026/METOP-C_20240428_TUP_CLD.nc
Saved: /perm/dnk8355/paper2026/netcdf_daily_1april2024_31march2026/METOP-C_20240428_FG_DEP.nc
Saved: /perm/dnk8355/paper2026/netcdf_daily_1april2024_31march2026/METOP-C_20240428_AN_DEP.nc
[445380] Saved daily NetCDFs for amsua_ofb_lwda_20240428_NH_SH_variables_filtered_lsm_lower02.odb
Saved summary: /perm/dnk8355/paper2026/netcdf_daily_1april2024_31march2026/METOP-B_20240429_summary.txt
Saved: /perm/dnk8355/paper2026/netcdf_daily_1april2024_31march2026/METOP-B_20240429_OBSVALUE.nc
Saved: /perm/dnk8355/paper2026/netcdf_daily_1april2024_31march2026/METOP-B_20240429_EMIS_WATER.nc
Saved: /perm/dnk8355/paper2026/netcdf_daily_1april2024_31march2026/METOP-B_20240429_TAUSFC.nc
Saved: /perm/dnk8355/paper2026/netcdf_daily_1april2024_31march2026/METOP-B_20240429_TDOWN.nc
Saved: /perm/dnk8355/paper2026/netcdf_daily_1april2024_31march2026/METOP-B_20240429_TUP.nc
Saved: /perm/dnk8355/paper2026/netcdf_daily_1april2024_31march2026/METOP-B_20240429_TAUSFC_CLD.nc
Saved: /perm/dnk8355/paper2026/netcdf_daily_1april2024_31march2026/METOP-B_20240429_TDOWN_CLD.nc
Saved: /perm/dnk8355/paper2026/netcdf_daily_1april2024_31march2026/METOP-B_20240429_TUP_CLD.nc
Saved: /perm/dnk8355/paper2026/netcdf_daily_1april2024_31march2026/METOP-B_20240429_FG_DEP.nc
Saved: /perm/dnk8355/paper2026/netcdf_daily_1april2024_31march2026/METOP-B_20240429_AN_DEP.nc
Saved summary: /perm/dnk8355/paper2026/netcdf_daily_1april2024_31march2026/METOP-C_20240429_summary.txt
Saved: /perm/dnk8355/paper2026/netcdf_daily_1april2024_31march2026/METOP-C_20240429_OBSVALUE.nc
Saved: /perm/dnk8355/paper2026/netcdf_daily_1april2024_31march2026/METOP-C_20240429_EMIS_WATER.nc
Saved: /perm/dnk8355/paper2026/netcdf_daily_1april2024_31march2026/METOP-C_20240429_TAUSFC.nc
Saved: /perm/dnk8355/paper2026/netcdf_daily_1april2024_31march2026/METOP-C_20240429_TDOWN.nc
Saved: /perm/dnk8355/paper2026/netcdf_daily_1april2024_31march2026/METOP-C_20240429_TUP.nc
Saved: /perm/dnk8355/paper2026/netcdf_daily_1april2024_31march2026/METOP-C_20240429_TAUSFC_CLD.nc
Saved: /perm/dnk8355/paper2026/netcdf_daily_1april2024_31march2026/METOP-C_20240429_TDOWN_CLD.nc
Saved: /perm/dnk8355/paper2026/netcdf_daily_1april2024_31march2026/METOP-C_20240429_TUP_CLD.nc
Saved: /perm/dnk8355/paper2026/netcdf_daily_1april2024_31march2026/METOP-C_20240429_FG_DEP.nc
Saved: /perm/dnk8355/paper2026/netcdf_daily_1april2024_31march2026/METOP-C_20240429_AN_DEP.nc
[445380] Saved daily NetCDFs for amsua_ofb_lwda_20240429_NH_SH_variables_filtered_lsm_lower02.odb
Saved summary: /perm/dnk8355/paper2026/netcdf_daily_1april2024_31march2026/METOP-B_20240430_summary.txt
Saved: /perm/dnk8355/paper2026/netcdf_daily_1april2024_31march2026/METOP-B_20240430_OBSVALUE.nc
Saved: /perm/dnk8355/paper2026/netcdf_daily_1april2024_31march2026/METOP-B_20240430_EMIS_WATER.nc
Saved: /perm/dnk8355/paper2026/netcdf_daily_1april2024_31march2026/METOP-B_20240430_TAUSFC.nc
Saved: /perm/dnk8355/paper2026/netcdf_daily_1april2024_31march2026/METOP-B_20240430_TDOWN.nc
Saved: /perm/dnk8355/paper2026/netcdf_daily_1april2024_31march2026/METOP-B_20240430_TUP.nc
Saved: /perm/dnk8355/paper2026/netcdf_daily_1april2024_31march2026/METOP-B_20240430_TAUSFC_CLD.nc
Saved: /perm/dnk8355/paper2026/netcdf_daily_1april2024_31march2026/METOP-B_20240430_TDOWN_CLD.nc
Saved: /perm/dnk8355/paper2026/netcdf_daily_1april2024_31march2026/METOP-B_20240430_TUP_CLD.nc
Saved: /perm/dnk8355/paper2026/netcdf_daily_1april2024_31march2026/METOP-B_20240430_FG_DEP.nc
Saved: /perm/dnk8355/paper2026/netcdf_daily_1april2024_31march2026/METOP-B_20240430_AN_DEP.nc
Saved summary: /perm/dnk8355/paper2026/netcdf_daily_1april2024_31march2026/METOP-C_20240430_summary.txt
Saved: /perm/dnk8355/paper2026/netcdf_daily_1april2024_31march2026/METOP-C_20240430_OBSVALUE.nc
Saved summary: /perm/dnk8355/paper2026/netcdf_daily_1april2024_31march2026/METOP-B_20240517_summary.txt
Saved: /perm/dnk8355/paper2026/netcdf_daily_1april2024_31march2026/METOP-B_20240517_OBSVALUE.nc
Saved: /perm/dnk8355/paper2026/netcdf_daily_1april2024_31march2026/METOP-B_20240517_EMIS_WATER.nc
Saved: /perm/dnk8355/paper2026/netcdf_daily_1april2024_31march2026/METOP-B_20240517_TAUSFC.nc
Saved: /perm/dnk8355/paper2026/netcdf_daily_1april2024_31march2026/METOP-B_20240517_TDOWN.nc
Saved: /perm/dnk8355/paper2026/netcdf_daily_1april2024_31march2026/METOP-B_20240517_TUP.nc
Saved: /perm/dnk8355/paper2026/netcdf_daily_1april2024_31march2026/METOP-B_20240517_TAUSFC_CLD.nc
Saved: /perm/dnk8355/paper2026/netcdf_daily_1april2024_31march2026/METOP-B_20240517_TDOWN_CLD.nc
Saved: /perm/dnk8355/paper2026/netcdf_daily_1april2024_31march2026/METOP-B_20240517_TUP_CLD.nc
Saved: /perm/dnk8355/paper2026/netcdf_daily_1april2024_31march2026/METOP-B_20240517_FG_DEP.nc
Saved: /perm/dnk8355/paper2026/netcdf_daily_1april2024_31march2026/METOP-B_20240517_AN_DEP.nc
Saved summary: /perm/dnk8355/paper2026/netcdf_daily_1april2024_31march2026/METOP-C_20240517_summary.txt
Saved: /perm/dnk8355/paper2026/netcdf_daily_1april2024_31march2026/METOP-C_20240517_OBSVALUE.nc
Saved: /perm/dnk8355/paper2026/netcdf_daily_1april2024_31march2026/METOP-C_20240517_EMIS_WATER.nc
Saved: /perm/dnk8355/paper2026/netcdf_daily_1april2024_31march2026/METOP-C_20240517_TAUSFC.nc
Saved: /perm/dnk8355/paper2026/netcdf_daily_1april2024_31march2026/METOP-C_20240517_TDOWN.nc
Saved: /perm/dnk8355/paper2026/netcdf_daily_1april2024_31march2026/METOP-C_20240517_TUP.nc
Saved: /perm/dnk8355/paper2026/netcdf_daily_1april2024_31march2026/METOP-C_20240517_TAUSFC_CLD.nc
Saved: /perm/dnk8355/paper2026/netcdf_daily_1april2024_31march2026/METOP-C_20240517_TDOWN_CLD.nc
Saved: /perm/dnk8355/paper2026/netcdf_daily_1april2024_31march2026/METOP-C_20240517_TUP_CLD.nc
Saved: /perm/dnk8355/paper2026/netcdf_daily_1april2024_31march2026/METOP-C_20240517_FG_DEP.nc
Saved: /perm/dnk8355/paper2026/netcdf_daily_1april2024_31march2026/METOP-C_20240517_AN_DEP.nc
[445381] Saved daily NetCDFs for amsua_ofb_lwda_20240517_NH_SH_variables_filtered_lsm_lower02.odb
Saved summary: /perm/dnk8355/paper2026/netcdf_daily_1april2024_31march2026/METOP-B_20240518_summary.txt
Saved: /perm/dnk8355/paper2026/netcdf_daily_1april2024_31march2026/METOP-B_20240518_OBSVALUE.nc
Saved: /perm/dnk8355/paper2026/netcdf_daily_1april2024_31march2026/METOP-B_20240518_EMIS_WATER.nc
Saved: /perm/dnk8355/paper2026/netcdf_daily_1april2024_31march2026/METOP-B_20240518_TAUSFC.nc
Saved: /perm/dnk8355/paper2026/netcdf_daily_1april2024_31march2026/METOP-B_20240518_TDOWN.nc
Saved: /perm/dnk8355/paper2026/netcdf_daily_1april2024_31march2026/METOP-B_20240518_TUP.nc
Saved: /perm/dnk8355/paper2026/netcdf_daily_1april2024_31march2026/METOP-B_20240518_TAUSFC_CLD.nc
Saved: /perm/dnk8355/paper2026/netcdf_daily_1april2024_31march2026/METOP-B_20240518_TDOWN_CLD.nc
Saved: /perm/dnk8355/paper2026/netcdf_daily_1april2024_31march2026/METOP-B_20240518_TUP_CLD.nc
Saved: /perm/dnk8355/paper2026/netcdf_daily_1april2024_31march2026/METOP-B_20240518_FG_DEP.nc
Saved: /perm/dnk8355/paper2026/netcdf_daily_1april2024_31march2026/METOP-B_20240518_AN_DEP.nc
Saved summary: /perm/dnk8355/paper2026/netcdf_daily_1april2024_31march2026/METOP-C_20240518_summary.txt
Saved: /perm/dnk8355/paper2026/netcdf_daily_1april2024_31march2026/METOP-C_20240518_OBSVALUE.nc
Saved: /perm/dnk8355/paper2026/netcdf_daily_1april2024_31march2026/METOP-C_20240518_EMIS_WATER.nc
Saved: /perm/dnk8355/paper2026/netcdf_daily_1april2024_31march2026/METOP-C_20240518_TAUSFC.nc
Saved: /perm/dnk8355/paper2026/netcdf_daily_1april2024_31march2026/METOP-C_20240518_TDOWN.nc
Saved: /perm/dnk8355/paper2026/netcdf_daily_1april2024_31march2026/METOP-C_20240518_TUP.nc
Saved: /perm/dnk8355/paper2026/netcdf_daily_1april2024_31march2026/METOP-C_20240518_TAUSFC_CLD.nc
Saved: /perm/dnk8355/paper2026/netcdf_daily_1april2024_31march2026/METOP-C_20240518_TDOWN_CLD.nc
Saved: /perm/dnk8355/paper2026/netcdf_daily_1april2024_31march2026/METOP-C_20240518_TUP_CLD.nc
Saved: /perm/dnk8355/paper2026/netcdf_daily_1april2024_31march2026/METOP-C_20240518_FG_DEP.nc
Saved: /perm/dnk8355/paper2026/netcdf_daily_1april2024_31march2026/METOP-C_20240518_AN_DEP.nc
[445381] Saved daily NetCDFs for amsua_ofb_lwda_20240518_NH_SH_variables_filtered_lsm_lower02.odb
Saved summary: /perm/dnk8355/paper2026/netcdf_daily_1april2024_31march2026/METOP-B_20240519_summary.txt
Saved: /perm/dnk8355/paper2026/netcdf_daily_1april2024_31march2026/METOP-B_20240519_OBSVALUE.nc
Saved: /perm/dnk8355/paper2026/netcdf_daily_1april2024_31march2026/METOP-B_20240519_EMIS_WATER.nc
Saved: /perm/dnk8355/paper2026/netcdf_daily_1april2024_31march2026/METOP-B_20240519_TAUSFC.nc
Saved: /perm/dnk8355/paper2026/netcdf_daily_1april2024_31march2026/METOP-B_20240519_TDOWN.nc
Saved: /perm/dnk8355/paper2026/netcdf_daily_1april2024_31march2026/METOP-B_20240519_TUP.nc
Saved: /perm/dnk8355/paper2026/netcdf_daily_1april2024_31march2026/METOP-B_20240519_TAUSFC_CLD.nc
Saved: /perm/dnk8355/paper2026/netcdf_daily_1april2024_31march2026/METOP-B_20240519_TDOWN_CLD.nc
Saved: /perm/dnk8355/paper2026/netcdf_daily_1april2024_31march2026/METOP-B_20240519_TUP_CLD.nc
Saved: /perm/dnk8355/paper2026/netcdf_daily_1april2024_31march2026/METOP-B_20240519_FG_DEP.nc
Saved: /perm/dnk8355/paper2026/netcdf_daily_1april2024_31march2026/METOP-B_20240519_AN_DEP.nc
Saved summary: /perm/dnk8355/paper2026/netcdf_daily_1april2024_31march2026/METOP-C_20240519_summary.txt
Saved: /perm/dnk8355/paper2026/netcdf_daily_1april2024_31march2026/METOP-C_20240519_OBSVALUE.nc
Saved: /perm/dnk8355/paper2026/netcdf_daily_1april2024_31march2026/METOP-C_20240519_EMIS_WATER.nc
Saved: /perm/dnk8355/paper2026/netcdf_daily_1april2024_31march2026/METOP-C_20240519_TAUSFC.nc
Saved: /perm/dnk8355/paper2026/netcdf_daily_1april2024_31march2026/METOP-C_20240519_TDOWN.nc
Saved: /perm/dnk8355/paper2026/netcdf_daily_1april2024_31march2026/METOP-C_20240519_TUP.nc
Saved: /perm/dnk8355/paper2026/netcdf_daily_1april2024_31march2026/METOP-C_20240519_TAUSFC_CLD.nc
Saved: /perm/dnk8355/paper2026/netcdf_daily_1april2024_31march2026/METOP-C_20240519_TDOWN_CLD.nc
Saved: /perm/dnk8355/paper2026/netcdf_daily_1april2024_31march2026/METOP-C_20240519_TUP_CLD.nc
Saved: /perm/dnk8355/paper2026/netcdf_daily_1april2024_31march2026/METOP-C_20240519_FG_DEP.nc
Saved: /perm/dnk8355/paper2026/netcdf_daily_1april2024_31march2026/METOP-C_20240519_AN_DEP.nc
[445381] Saved daily NetCDFs for amsua_ofb_lwda_20240519_NH_SH_variables_filtered_lsm_lower02.odb
Saved summary: /perm/dnk8355/paper2026/netcdf_daily_1april2024_31march2026/METOP-B_20240520_summary.txt
Saved: /perm/dnk8355/paper2026/netcdf_daily_1april2024_31march2026/METOP-B_20240520_OBSVALUE.nc
Saved: /perm/dnk8355/paper2026/netcdf_daily_1april2024_31march2026/METOP-B_20240520_EMIS_WATER.nc
Saved: /perm/dnk8355/paper2026/netcdf_daily_1april2024_31march2026/METOP-B_20240520_TAUSFC.nc
Saved: /perm/dnk8355/paper2026/netcdf_daily_1april2024_31march2026/METOP-B_20240520_TDOWN.nc
Saved: /perm/dnk8355/paper2026/netcdf_daily_1april2024_31march2026/METOP-B_20240520_TUP.nc
Saved: /perm/dnk8355/paper2026/netcdf_daily_1april2024_31march2026/METOP-B_20240520_TAUSFC_CLD.nc
Saved: /perm/dnk8355/paper2026/netcdf_daily_1april2024_31march2026/METOP-B_20240520_TDOWN_CLD.nc
Saved: /perm/dnk8355/paper2026/netcdf_daily_1april2024_31march2026/METOP-B_20240520_TUP_CLD.nc
Saved: /perm/dnk8355/paper2026/netcdf_daily_1april2024_31march2026/METOP-B_20240520_FG_DEP.nc
Saved: /perm/dnk8355/paper2026/netcdf_daily_1april2024_31march2026/METOP-B_20240520_AN_DEP.nc
Saved summary: /perm/dnk8355/paper2026/netcdf_daily_1april2024_31march2026/METOP-C_20240520_summary.txt
Saved: /perm/dnk8355/paper2026/netcdf_daily_1april2024_31march2026/METOP-C_20240520_OBSVALUE.nc
Saved: /perm/dnk8355/paper2026/netcdf_daily_1april2024_31march2026/METOP-C_20240520_EMIS_WATER.nc
Saved: /perm/dnk8355/paper2026/netcdf_daily_1april2024_31march2026/METOP-C_20240520_TAUSFC.nc
Saved: /perm/dnk8355/paper2026/netcdf_daily_1april2024_31march2026/METOP-C_20240520_TDOWN.nc
Saved: /perm/dnk8355/paper2026/netcdf_daily_1april2024_31march2026/METOP-C_20240520_TUP.nc
Saved: /perm/dnk8355/paper2026/netcdf_daily_1april2024_31march2026/METOP-C_20240520_TAUSFC_CLD.nc
Saved: /perm/dnk8355/paper2026/netcdf_daily_1april2024_31march2026/METOP-C_20240520_TDOWN_CLD.nc
Saved: /perm/dnk8355/paper2026/netcdf_daily_1april2024_31march2026/METOP-C_20240520_TUP_CLD.nc
Saved: /perm/dnk8355/paper2026/netcdf_daily_1april2024_31march2026/METOP-C_20240520_FG_DEP.nc
Saved: /perm/dnk8355/paper2026/netcdf_daily_1april2024_31march2026/METOP-C_20240520_AN_DEP.nc
[445381] Saved daily NetCDFs for amsua_ofb_lwda_20240520_NH_SH_variables_filtered_lsm_lower02.odb
Saved summary: /perm/dnk8355/paper2026/netcdf_daily_1april2024_31march2026/METOP-B_20240521_summary.txt
Saved: /perm/dnk8355/paper2026/netcdf_daily_1april2024_31march2026/METOP-B_20240521_OBSVALUE.nc
Saved: /perm/dnk8355/paper2026/netcdf_daily_1april2024_31march2026/METOP-B_20240521_EMIS_WATER.nc
Saved: /perm/dnk8355/paper2026/netcdf_daily_1april2024_31march2026/METOP-B_20240521_TAUSFC.nc
Saved: /perm/dnk8355/paper2026/netcdf_daily_1april2024_31march2026/METOP-B_20240521_TDOWN.nc
Saved: /perm/dnk8355/paper2026/netcdf_daily_1april2024_31march2026/METOP-B_20240521_TUP.nc
Saved: /perm/dnk8355/paper2026/netcdf_daily_1april2024_31march2026/METOP-B_20240521_TAUSFC_CLD.nc
Saved: /perm/dnk8355/paper2026/netcdf_daily_1april2024_31march2026/METOP-B_20240521_TDOWN_CLD.nc
Saved: /perm/dnk8355/paper2026/netcdf_daily_1april2024_31march2026/METOP-B_20240521_TUP_CLD.nc
Saved: /perm/dnk8355/paper2026/netcdf_daily_1april2024_31march2026/METOP-B_20240521_FG_DEP.nc
Saved: /perm/dnk8355/paper2026/netcdf_daily_1april2024_31march2026/METOP-B_20240521_AN_DEP.nc
Saved summary: /perm/dnk8355/paper2026/netcdf_daily_1april2024_31march2026/METOP-C_20240521_summary.txt
Saved: /perm/dnk8355/paper2026/netcdf_daily_1april2024_31march2026/METOP-C_20240521_OBSVALUE.nc
Saved: /perm/dnk8355/paper2026/netcdf_daily_1april2024_31march2026/METOP-C_20240521_EMIS_WATER.nc
Saved: /perm/dnk8355/paper2026/netcdf_daily_1april2024_31march2026/METOP-C_20240521_TAUSFC.nc
Saved: /perm/dnk8355/paper2026/netcdf_daily_1april2024_31march2026/METOP-C_20240521_TDOWN.nc
Saved: /perm/dnk8355/paper2026/netcdf_daily_1april2024_31march2026/METOP-C_20240521_TUP.nc
Saved: /perm/dnk8355/paper2026/netcdf_daily_1april2024_31march2026/METOP-C_20240521_TAUSFC_CLD.nc
Saved: /perm/dnk8355/paper2026/netcdf_daily_1april2024_31march2026/METOP-C_20240521_TDOWN_CLD.nc
Saved: /perm/dnk8355/paper2026/netcdf_daily_1april2024_31march2026/METOP-C_20240521_TUP_CLD.nc
Saved: /perm/dnk8355/paper2026/netcdf_daily_1april2024_31march2026/METOP-C_20240521_FG_DEP.nc
Saved: /perm/dnk8355/paper2026/netcdf_daily_1april2024_31march2026/METOP-C_20240521_AN_DEP.nc
[445381] Saved daily NetCDFs for amsua_ofb_lwda_20240521_NH_SH_variables_filtered_lsm_lower02.odb
Saved summary: /perm/dnk8355/paper2026/netcdf_daily_1april2024_31march2026/METOP-B_20240522_summary.txt
Saved: /perm/dnk8355/paper2026/netcdf_daily_1april2024_31march2026/METOP-B_20240522_OBSVALUE.nc
Saved: /perm/dnk8355/paper2026/netcdf_daily_1april2024_31march2026/METOP-B_20240522_EMIS_WATER.nc
Saved: /perm/dnk8355/paper2026/netcdf_daily_1april2024_31march2026/METOP-B_20240522_TAUSFC.nc
Saved: /perm/dnk8355/paper2026/netcdf_daily_1april2024_31march2026/METOP-B_20240522_TDOWN.nc
Saved: /perm/dnk8355/paper2026/netcdf_daily_1april2024_31march2026/METOP-B_20240522_TUP.nc
Saved: /perm/dnk8355/paper2026/netcdf_daily_1april2024_31march2026/METOP-B_20240522_TAUSFC_CLD.nc
Saved: /perm/dnk8355/paper2026/netcdf_daily_1april2024_31march2026/METOP-B_20240522_TDOWN_CLD.nc
Saved: /perm/dnk8355/paper2026/netcdf_daily_1april2024_31march2026/METOP-B_20240522_TUP_CLD.nc
Saved: /perm/dnk8355/paper2026/netcdf_daily_1april2024_31march2026/METOP-B_20240522_FG_DEP.nc
Saved: /perm/dnk8355/paper2026/netcdf_daily_1april2024_31march2026/METOP-B_20240522_AN_DEP.nc
Saved summary: /perm/dnk8355/paper2026/netcdf_daily_1april2024_31march2026/METOP-C_20240522_summary.txt
Saved: /perm/dnk8355/paper2026/netcdf_daily_1april2024_31march2026/METOP-C_20240522_OBSVALUE.nc
Saved: /perm/dnk8355/paper2026/netcdf_daily_1april2024_31march2026/METOP-C_20240522_EMIS_WATER.nc
Saved: /perm/dnk8355/paper2026/netcdf_daily_1april2024_31march2026/METOP-C_20240522_TAUSFC.nc
Saved: /perm/dnk8355/paper2026/netcdf_daily_1april2024_31march2026/METOP-C_20240522_TDOWN.nc
Saved: /perm/dnk8355/paper2026/netcdf_daily_1april2024_31march2026/METOP-C_20240522_TUP.nc
Saved: /perm/dnk8355/paper2026/netcdf_daily_1april2024_31march2026/METOP-C_20240522_TAUSFC_CLD.nc
Saved: /perm/dnk8355/paper2026/netcdf_daily_1april2024_31march2026/METOP-C_20240522_TDOWN_CLD.nc
Saved: /perm/dnk8355/paper2026/netcdf_daily_1april2024_31march2026/METOP-C_20240522_TUP_CLD.nc
Saved: /perm/dnk8355/paper2026/netcdf_daily_1april2024_31march2026/METOP-C_20240522_FG_DEP.nc
Saved: /perm/dnk8355/paper2026/netcdf_daily_1april2024_31march2026/METOP-C_20240522_AN_DEP.nc
[445381] Saved daily NetCDFs for amsua_ofb_lwda_20240522_NH_SH_variables_filtered_lsm_lower02.odb
Saved summary: /perm/dnk8355/paper2026/netcdf_daily_1april2024_31march2026/METOP-B_20240523_summary.txt
Saved: /perm/dnk8355/paper2026/netcdf_daily_1april2024_31march2026/METOP-B_20240523_OBSVALUE.nc
Saved: /perm/dnk8355/paper2026/netcdf_daily_1april2024_31march2026/METOP-B_20240523_EMIS_WATER.nc
Saved: /perm/dnk8355/paper2026/netcdf_daily_1april2024_31march2026/METOP-B_20240523_TAUSFC.nc
Saved: /perm/dnk8355/paper2026/netcdf_daily_1april2024_31march2026/METOP-B_20240523_TDOWN.nc
Saved: /perm/dnk8355/paper2026/netcdf_daily_1april2024_31march2026/METOP-B_20240523_TUP.nc
Saved: /perm/dnk8355/paper2026/netcdf_daily_1april2024_31march2026/METOP-B_20240523_TAUSFC_CLD.nc
Saved: /perm/dnk8355/paper2026/netcdf_daily_1april2024_31march2026/METOP-B_20240523_TDOWN_CLD.nc
Saved: /perm/dnk8355/paper2026/netcdf_daily_1april2024_31march2026/METOP-B_20240523_TUP_CLD.nc
Saved: /perm/dnk8355/paper2026/netcdf_daily_1april2024_31march2026/METOP-B_20240523_FG_DEP.nc
Saved: /perm/dnk8355/paper2026/netcdf_daily_1april2024_31march2026/METOP-B_20240523_AN_DEP.nc
Saved summary: /perm/dnk8355/paper2026/netcdf_daily_1april2024_31march2026/METOP-C_20240523_summary.txt
Saved: /perm/dnk8355/paper2026/netcdf_daily_1april2024_31march2026/METOP-C_20240523_OBSVALUE.nc
Saved: /perm/dnk8355/paper2026/netcdf_daily_1april2024_31march2026/METOP-C_20240523_EMIS_WATER.nc
Saved: /perm/dnk8355/paper2026/netcdf_daily_1april2024_31march2026/METOP-C_20240523_TAUSFC.nc
Saved: /perm/dnk8355/paper2026/netcdf_daily_1april2024_31march2026/METOP-C_20240523_TDOWN.nc
Saved: /perm/dnk8355/paper2026/netcdf_daily_1april2024_31march2026/METOP-C_20240523_TUP.nc
Saved: /perm/dnk8355/paper2026/netcdf_daily_1april2024_31march2026/METOP-C_20240523_TAUSFC_CLD.nc
Saved: /perm/dnk8355/paper2026/netcdf_daily_1april2024_31march2026/METOP-C_20240523_TDOWN_CLD.nc
Saved: /perm/dnk8355/paper2026/netcdf_daily_1april2024_31march2026/METOP-C_20240523_TUP_CLD.nc
Saved: /perm/dnk8355/paper2026/netcdf_daily_1april2024_31march2026/METOP-C_20240523_FG_DEP.nc
Saved: /perm/dnk8355/paper2026/netcdf_daily_1april2024_31march2026/METOP-C_20240523_AN_DEP.nc
[445381] Saved daily NetCDFs for amsua_ofb_lwda_20240523_NH_SH_variables_filtered_lsm_lower02.odb
Saved summary: /perm/dnk8355/paper2026/netcdf_daily_1april2024_31march2026/METOP-B_20240524_summary.txt
Saved: /perm/dnk8355/paper2026/netcdf_daily_1april2024_31march2026/METOP-B_20240524_OBSVALUE.nc
Saved: /perm/dnk8355/paper2026/netcdf_daily_1april2024_31march2026/METOP-B_20240524_EMIS_WATER.nc
Saved: /perm/dnk8355/paper2026/netcdf_daily_1april2024_31march2026/METOP-B_20240524_TAUSFC.nc
Saved: /perm/dnk8355/paper2026/netcdf_daily_1april2024_31march2026/METOP-B_20240524_TDOWN.nc
Saved: /perm/dnk8355/paper2026/netcdf_daily_1april2024_31march2026/METOP-B_20240524_TUP.nc
Saved: /perm/dnk8355/paper2026/netcdf_daily_1april2024_31march2026/METOP-B_20240524_TAUSFC_CLD.nc
Saved: /perm/dnk8355/paper2026/netcdf_daily_1april2024_31march2026/METOP-B_20240524_TDOWN_CLD.nc
Saved: /perm/dnk8355/paper2026/netcdf_daily_1april2024_31march2026/METOP-B_20240524_TUP_CLD.nc
Saved: /perm/dnk8355/paper2026/netcdf_daily_1april2024_31march2026/METOP-B_20240524_FG_DEP.nc
Saved: /perm/dnk8355/paper2026/netcdf_daily_1april2024_31march2026/METOP-B_20240524_AN_DEP.nc
Saved summary: /perm/dnk8355/paper2026/netcdf_daily_1april2024_31march2026/METOP-C_20240524_summary.txt
Saved: /perm/dnk8355/paper2026/netcdf_daily_1april2024_31march2026/METOP-C_20240524_OBSVALUE.nc
Saved: /perm/dnk8355/paper2026/netcdf_daily_1april2024_31march2026/METOP-C_20240524_EMIS_WATER.nc
Saved: /perm/dnk8355/paper2026/netcdf_daily_1april2024_31march2026/METOP-C_20240524_TAUSFC.nc
Saved: /perm/dnk8355/paper2026/netcdf_daily_1april2024_31march2026/METOP-C_20240524_TDOWN.nc
Saved: /perm/dnk8355/paper2026/netcdf_daily_1april2024_31march2026/METOP-C_20240524_TUP.nc
Saved: /perm/dnk8355/paper2026/netcdf_daily_1april2024_31march2026/METOP-C_20240524_TAUSFC_CLD.nc
Saved: /perm/dnk8355/paper2026/netcdf_daily_1april2024_31march2026/METOP-C_20240524_TDOWN_CLD.nc
Saved: /perm/dnk8355/paper2026/netcdf_daily_1april2024_31march2026/METOP-C_20240524_TUP_CLD.nc
Saved: /perm/dnk8355/paper2026/netcdf_daily_1april2024_31march2026/METOP-C_20240524_FG_DEP.nc
Saved: /perm/dnk8355/paper2026/netcdf_daily_1april2024_31march2026/METOP-C_20240524_AN_DEP.nc
[445381] Saved daily NetCDFs for amsua_ofb_lwda_20240524_NH_SH_variables_filtered_lsm_lower02.odb
Saved summary: /perm/dnk8355/paper2026/netcdf_daily_1april2024_31march2026/METOP-B_20240525_summary.txt
Saved: /perm/dnk8355/paper2026/netcdf_daily_1april2024_31march2026/METOP-B_20240525_OBSVALUE.nc
Saved: /perm/dnk8355/paper2026/netcdf_daily_1april2024_31march2026/METOP-B_20240525_EMIS_WATER.nc
Saved: /perm/dnk8355/paper2026/netcdf_daily_1april2024_31march2026/METOP-B_20240525_TAUSFC.nc
Saved: /perm/dnk8355/paper2026/netcdf_daily_1april2024_31march2026/METOP-B_20240525_TDOWN.nc
Saved: /perm/dnk8355/paper2026/netcdf_daily_1april2024_31march2026/METOP-B_20240525_TUP.nc
Saved: /perm/dnk8355/paper2026/netcdf_daily_1april2024_31march2026/METOP-B_20240525_TAUSFC_CLD.nc
Saved: /perm/dnk8355/paper2026/netcdf_daily_1april2024_31march2026/METOP-B_20240525_TDOWN_CLD.nc
Saved: /perm/dnk8355/paper2026/netcdf_daily_1april2024_31march2026/METOP-B_20240525_TUP_CLD.nc
Saved: /perm/dnk8355/paper2026/netcdf_daily_1april2024_31march2026/METOP-B_20240525_FG_DEP.nc
Saved: /perm/dnk8355/paper2026/netcdf_daily_1april2024_31march2026/METOP-B_20240525_AN_DEP.nc
Saved summary: /perm/dnk8355/paper2026/netcdf_daily_1april2024_31march2026/METOP-C_20240525_summary.txt
Saved: /perm/dnk8355/paper2026/netcdf_daily_1april2024_31march2026/METOP-C_20240525_OBSVALUE.nc
Saved: /perm/dnk8355/paper2026/netcdf_daily_1april2024_31march2026/METOP-C_20240525_EMIS_WATER.nc
Saved: /perm/dnk8355/paper2026/netcdf_daily_1april2024_31march2026/METOP-C_20240525_TAUSFC.nc
Saved: /perm/dnk8355/paper2026/netcdf_daily_1april2024_31march2026/METOP-C_20240525_TDOWN.nc
Saved: /perm/dnk8355/paper2026/netcdf_daily_1april2024_31march2026/METOP-C_20240525_TUP.nc
Saved: /perm/dnk8355/paper2026/netcdf_daily_1april2024_31march2026/METOP-C_20240525_TAUSFC_CLD.nc
Saved: /perm/dnk8355/paper2026/netcdf_daily_1april2024_31march2026/METOP-C_20240525_TDOWN_CLD.nc
Saved: /perm/dnk8355/paper2026/netcdf_daily_1april2024_31march2026/METOP-C_20240525_TUP_CLD.nc
Saved: /perm/dnk8355/paper2026/netcdf_daily_1april2024_31march2026/METOP-C_20240525_FG_DEP.nc
Saved: /perm/dnk8355/paper2026/netcdf_daily_1april2024_31march2026/METOP-C_20240525_AN_DEP.nc
[445381] Saved daily NetCDFs for amsua_ofb_lwda_20240525_NH_SH_variables_filtered_lsm_lower02.odb
Saved summary: /perm/dnk8355/paper2026/netcdf_daily_1april2024_31march2026/METOP-B_20240526_summary.txt
Saved: /perm/dnk8355/paper2026/netcdf_daily_1april2024_31march2026/METOP-B_20240526_OBSVALUE.nc
Saved: /perm/dnk8355/paper2026/netcdf_daily_1april2024_31march2026/METOP-B_20240526_EMIS_WATER.nc
Saved: /perm/dnk8355/paper2026/netcdf_daily_1april2024_31march2026/METOP-B_20240526_TAUSFC.nc
Saved: /perm/dnk8355/paper2026/netcdf_daily_1april2024_31march2026/METOP-B_20240526_TDOWN.nc
Saved: /perm/dnk8355/paper2026/netcdf_daily_1april2024_31march2026/METOP-B_20240526_TUP.nc
Saved: /perm/dnk8355/paper2026/netcdf_daily_1april2024_31march2026/METOP-B_20240526_TAUSFC_CLD.nc
Saved: /perm/dnk8355/paper2026/netcdf_daily_1april2024_31march2026/METOP-B_20240526_TDOWN_CLD.nc
Saved: /perm/dnk8355/paper2026/netcdf_daily_1april2024_31march2026/METOP-B_20240526_TUP_CLD.nc
Saved: /perm/dnk8355/paper2026/netcdf_daily_1april2024_31march2026/METOP-B_20240526_FG_DEP.nc
Saved: /perm/dnk8355/paper2026/netcdf_daily_1april2024_31march2026/METOP-B_20240526_AN_DEP.nc
Saved summary: /perm/dnk8355/paper2026/netcdf_daily_1april2024_31march2026/METOP-C_20240526_summary.txt
Saved: /perm/dnk8355/paper2026/netcdf_daily_1april2024_31march2026/METOP-C_20240526_OBSVALUE.nc
Saved: /perm/dnk8355/paper2026/netcdf_daily_1april2024_31march2026/METOP-C_20240526_EMIS_WATER.nc
Saved: /perm/dnk8355/paper2026/netcdf_daily_1april2024_31march2026/METOP-C_20240526_TAUSFC.nc
Saved: /perm/dnk8355/paper2026/netcdf_daily_1april2024_31march2026/METOP-C_20240526_TDOWN.nc
Saved: /perm/dnk8355/paper2026/netcdf_daily_1april2024_31march2026/METOP-C_20240526_TUP.nc
Saved: /perm/dnk8355/paper2026/netcdf_daily_1april2024_31march2026/METOP-C_20240526_TAUSFC_CLD.nc
Saved: /perm/dnk8355/paper2026/netcdf_daily_1april2024_31march2026/METOP-C_20240526_TDOWN_CLD.nc
Saved: /perm/dnk8355/paper2026/netcdf_daily_1april2024_31march2026/METOP-C_20240526_TUP_CLD.nc
Saved: /perm/dnk8355/paper2026/netcdf_daily_1april2024_31march2026/METOP-C_20240526_FG_DEP.nc
Saved: /perm/dnk8355/paper2026/netcdf_daily_1april2024_31march2026/METOP-C_20240526_AN_DEP.nc
[445381] Saved daily NetCDFs for amsua_ofb_lwda_20240526_NH_SH_variables_filtered_lsm_lower02.odb
Saved summary: /perm/dnk8355/paper2026/netcdf_daily_1april2024_31march2026/METOP-B_20240527_summary.txt
Saved: /perm/dnk8355/paper2026/netcdf_daily_1april2024_31march2026/METOP-B_20240527_OBSVALUE.nc
Saved: /perm/dnk8355/paper2026/netcdf_daily_1april2024_31march2026/METOP-B_20240527_EMIS_WATER.nc
Saved: /perm/dnk8355/paper2026/netcdf_daily_1april2024_31march2026/METOP-B_20240527_TAUSFC.nc
Saved: /perm/dnk8355/paper2026/netcdf_daily_1april2024_31march2026/METOP-B_20240527_TDOWN.nc
Saved: /perm/dnk8355/paper2026/netcdf_daily_1april2024_31march2026/METOP-B_20240527_TUP.nc
Saved: /perm/dnk8355/paper2026/netcdf_daily_1april2024_31march2026/METOP-B_20240527_TAUSFC_CLD.nc
Saved: /perm/dnk8355/paper2026/netcdf_daily_1april2024_31march2026/METOP-B_20240527_TDOWN_CLD.nc
Saved: /perm/dnk8355/paper2026/netcdf_daily_1april2024_31march2026/METOP-B_20240527_TUP_CLD.nc
Saved: /perm/dnk8355/paper2026/netcdf_daily_1april2024_31march2026/METOP-B_20240527_FG_DEP.nc
Saved: /perm/dnk8355/paper2026/netcdf_daily_1april2024_31march2026/METOP-B_20240527_AN_DEP.nc
Saved summary: /perm/dnk8355/paper2026/netcdf_daily_1april2024_31march2026/METOP-C_20240527_summary.txt
Saved: /perm/dnk8355/paper2026/netcdf_daily_1april2024_31march2026/METOP-C_20240527_OBSVALUE.nc
Saved: /perm/dnk8355/paper2026/netcdf_daily_1april2024_31march2026/METOP-C_20240527_EMIS_WATER.nc
Saved: /perm/dnk8355/paper2026/netcdf_daily_1april2024_31march2026/METOP-C_20240527_TAUSFC.nc
Saved: /perm/dnk8355/paper2026/netcdf_daily_1april2024_31march2026/METOP-C_20240527_TDOWN.nc
Saved: /perm/dnk8355/paper2026/netcdf_daily_1april2024_31march2026/METOP-C_20240527_TUP.nc
Saved: /perm/dnk8355/paper2026/netcdf_daily_1april2024_31march2026/METOP-C_20240527_TAUSFC_CLD.nc
Saved: /perm/dnk8355/paper2026/netcdf_daily_1april2024_31march2026/METOP-C_20240527_TDOWN_CLD.nc
Saved: /perm/dnk8355/paper2026/netcdf_daily_1april2024_31march2026/METOP-C_20240527_TUP_CLD.nc
Saved: /perm/dnk8355/paper2026/netcdf_daily_1april2024_31march2026/METOP-C_20240527_FG_DEP.nc
Saved: /perm/dnk8355/paper2026/netcdf_daily_1april2024_31march2026/METOP-C_20240527_AN_DEP.nc
[445381] Saved daily NetCDFs for amsua_ofb_lwda_20240527_NH_SH_variables_filtered_lsm_lower02.odb
Saved summary: /perm/dnk8355/paper2026/netcdf_daily_1april2024_31march2026/METOP-B_20240528_summary.txt
Saved: /perm/dnk8355/paper2026/netcdf_daily_1april2024_31march2026/METOP-B_20240528_OBSVALUE.nc
Saved: /perm/dnk8355/paper2026/netcdf_daily_1april2024_31march2026/METOP-B_20240528_EMIS_WATER.nc
Saved: /perm/dnk8355/paper2026/netcdf_daily_1april2024_31march2026/METOP-B_20240528_TAUSFC.nc
Saved: /perm/dnk8355/paper2026/netcdf_daily_1april2024_31march2026/METOP-B_20240528_TDOWN.nc
Saved: /perm/dnk8355/paper2026/netcdf_daily_1april2024_31march2026/METOP-B_20240528_TUP.nc
Saved: /perm/dnk8355/paper2026/netcdf_daily_1april2024_31march2026/METOP-B_20240528_TAUSFC_CLD.nc
Saved: /perm/dnk8355/paper2026/netcdf_daily_1april2024_31march2026/METOP-B_20240528_TDOWN_CLD.nc
Saved: /perm/dnk8355/paper2026/netcdf_daily_1april2024_31march2026/METOP-B_20240528_TUP_CLD.nc
Saved: /perm/dnk8355/paper2026/netcdf_daily_1april2024_31march2026/METOP-B_20240528_FG_DEP.nc
Saved: /perm/dnk8355/paper2026/netcdf_daily_1april2024_31march2026/METOP-B_20240528_AN_DEP.nc
Saved summary: /perm/dnk8355/paper2026/netcdf_daily_1april2024_31march2026/METOP-C_20240528_summary.txt
Saved: /perm/dnk8355/paper2026/netcdf_daily_1april2024_31march2026/METOP-C_20240528_OBSVALUE.nc
Saved: /perm/dnk8355/paper2026/netcdf_daily_1april2024_31march2026/METOP-C_20240528_EMIS_WATER.nc
Saved: /perm/dnk8355/paper2026/netcdf_daily_1april2024_31march2026/METOP-C_20240528_TAUSFC.nc
Saved: /perm/dnk8355/paper2026/netcdf_daily_1april2024_31march2026/METOP-C_20240528_TDOWN.nc
Saved: /perm/dnk8355/paper2026/netcdf_daily_1april2024_31march2026/METOP-C_20240528_TUP.nc
Saved: /perm/dnk8355/paper2026/netcdf_daily_1april2024_31march2026/METOP-C_20240528_TAUSFC_CLD.nc
Saved: /perm/dnk8355/paper2026/netcdf_daily_1april2024_31march2026/METOP-C_20240528_TDOWN_CLD.nc
Saved: /perm/dnk8355/paper2026/netcdf_daily_1april2024_31march2026/METOP-C_20240528_TUP_CLD.nc
Saved: /perm/dnk8355/paper2026/netcdf_daily_1april2024_31march2026/METOP-C_20240528_FG_DEP.nc
Saved: /perm/dnk8355/paper2026/netcdf_daily_1april2024_31march2026/METOP-C_20240528_AN_DEP.nc
[445381] Saved daily NetCDFs for amsua_ofb_lwda_20240528_NH_SH_variables_filtered_lsm_lower02.odb
Saved summary: /perm/dnk8355/paper2026/netcdf_daily_1april2024_31march2026/METOP-B_20240529_summary.txt
Saved: /perm/dnk8355/paper2026/netcdf_daily_1april2024_31march2026/METOP-B_20240529_OBSVALUE.nc
Saved: /perm/dnk8355/paper2026/netcdf_daily_1april2024_31march2026/METOP-B_20240529_EMIS_WATER.nc
Saved: /perm/dnk8355/paper2026/netcdf_daily_1april2024_31march2026/METOP-B_20240529_TAUSFC.nc
Saved: /perm/dnk8355/paper2026/netcdf_daily_1april2024_31march2026/METOP-B_20240529_TDOWN.nc
Saved: /perm/dnk8355/paper2026/netcdf_daily_1april2024_31march2026/METOP-B_20240529_TUP.nc
Saved: /perm/dnk8355/paper2026/netcdf_daily_1april2024_31march2026/METOP-B_20240529_TAUSFC_CLD.nc
Saved: /perm/dnk8355/paper2026/netcdf_daily_1april2024_31march2026/METOP-B_20240529_TDOWN_CLD.nc
Saved: /perm/dnk8355/paper2026/netcdf_daily_1april2024_31march2026/METOP-B_20240529_TUP_CLD.nc
Saved: /perm/dnk8355/paper2026/netcdf_daily_1april2024_31march2026/METOP-B_20240529_FG_DEP.nc
Saved: /perm/dnk8355/paper2026/netcdf_daily_1april2024_31march2026/METOP-B_20240529_AN_DEP.nc
Saved summary: /perm/dnk8355/paper2026/netcdf_daily_1april2024_31march2026/METOP-C_20240529_summary.txt
Saved: /perm/dnk8355/paper2026/netcdf_daily_1april2024_31march2026/METOP-C_20240529_OBSVALUE.nc
Saved: /perm/dnk8355/paper2026/netcdf_daily_1april2024_31march2026/METOP-C_20240529_EMIS_WATER.nc
Saved: /perm/dnk8355/paper2026/netcdf_daily_1april2024_31march2026/METOP-C_20240529_TAUSFC.nc
Saved: /perm/dnk8355/paper2026/netcdf_daily_1april2024_31march2026/METOP-C_20240529_TDOWN.nc
Saved: /perm/dnk8355/paper2026/netcdf_daily_1april2024_31march2026/METOP-C_20240529_TUP.nc
Saved: /perm/dnk8355/paper2026/netcdf_daily_1april2024_31march2026/METOP-C_20240529_TAUSFC_CLD.nc
Saved: /perm/dnk8355/paper2026/netcdf_daily_1april2024_31march2026/METOP-C_20240529_TDOWN_CLD.nc
Saved: /perm/dnk8355/paper2026/netcdf_daily_1april2024_31march2026/METOP-C_20240529_TUP_CLD.nc
Saved: /perm/dnk8355/paper2026/netcdf_daily_1april2024_31march2026/METOP-C_20240529_FG_DEP.nc
Saved: /perm/dnk8355/paper2026/netcdf_daily_1april2024_31march2026/METOP-C_20240529_AN_DEP.nc
[445381] Saved daily NetCDFs for amsua_ofb_lwda_20240529_NH_SH_variables_filtered_lsm_lower02.odb
Saved summary: /perm/dnk8355/paper2026/netcdf_daily_1april2024_31march2026/METOP-B_20240530_summary.txt
Saved: /perm/dnk8355/paper2026/netcdf_daily_1april2024_31march2026/METOP-B_20240530_OBSVALUE.nc
Saved: /perm/dnk8355/paper2026/netcdf_daily_1april2024_31march2026/METOP-B_20240530_EMIS_WATER.nc
Saved: /perm/dnk8355/paper2026/netcdf_daily_1april2024_31march2026/METOP-B_20240530_TAUSFC.nc
Saved: /perm/dnk8355/paper2026/netcdf_daily_1april2024_31march2026/METOP-B_20240530_TDOWN.nc
Saved: /perm/dnk8355/paper2026/netcdf_daily_1april2024_31march2026/METOP-B_20240530_TUP.nc
Saved: /perm/dnk8355/paper2026/netcdf_daily_1april2024_31march2026/METOP-B_20240530_TAUSFC_CLD.nc
Saved: /perm/dnk8355/paper2026/netcdf_daily_1april2024_31march2026/METOP-B_20240530_TDOWN_CLD.nc
Saved: /perm/dnk8355/paper2026/netcdf_daily_1april2024_31march2026/METOP-B_20240530_TUP_CLD.nc
Saved: /perm/dnk8355/paper2026/netcdf_daily_1april2024_31march2026/METOP-B_20240530_FG_DEP.nc
Saved: /perm/dnk8355/paper2026/netcdf_daily_1april2024_31march2026/METOP-B_20240530_AN_DEP.nc
Saved summary: /perm/dnk8355/paper2026/netcdf_daily_1april2024_31march2026/METOP-C_20240530_summary.txt
Saved: /perm/dnk8355/paper2026/netcdf_daily_1april2024_31march2026/METOP-C_20240530_OBSVALUE.nc
Saved: /perm/dnk8355/paper2026/netcdf_daily_1april2024_31march2026/METOP-C_20240530_EMIS_WATER.nc
Saved: /perm/dnk8355/paper2026/netcdf_daily_1april2024_31march2026/METOP-C_20240530_TAUSFC.nc
Saved: /perm/dnk8355/paper2026/netcdf_daily_1april2024_31march2026/METOP-C_20240530_TDOWN.nc
Saved: /perm/dnk8355/paper2026/netcdf_daily_1april2024_31march2026/METOP-C_20240530_TUP.nc
Saved: /perm/dnk8355/paper2026/netcdf_daily_1april2024_31march2026/METOP-C_20240530_TAUSFC_CLD.nc
Saved: /perm/dnk8355/paper2026/netcdf_daily_1april2024_31march2026/METOP-C_20240530_TDOWN_CLD.nc
Saved: /perm/dnk8355/paper2026/netcdf_daily_1april2024_31march2026/METOP-C_20240530_TUP_CLD.nc
Saved: /perm/dnk8355/paper2026/netcdf_daily_1april2024_31march2026/METOP-C_20240530_FG_DEP.nc
Saved: /perm/dnk8355/paper2026/netcdf_daily_1april2024_31march2026/METOP-C_20240530_AN_DEP.nc
[445381] Saved daily NetCDFs for amsua_ofb_lwda_20240530_NH_SH_variables_filtered_lsm_lower02.odb
Saved summary: /perm/dnk8355/paper2026/netcdf_daily_1april2024_31march2026/METOP-B_20240531_summary.txt
Saved: /perm/dnk8355/paper2026/netcdf_daily_1april2024_31march2026/METOP-B_20240531_OBSVALUE.nc
Saved: /perm/dnk8355/paper2026/netcdf_daily_1april2024_31march2026/METOP-B_20240531_EMIS_WATER.nc
Saved: /perm/dnk8355/paper2026/netcdf_daily_1april2024_31march2026/METOP-B_20240531_TAUSFC.nc
Saved: /perm/dnk8355/paper2026/netcdf_daily_1april2024_31march2026/METOP-B_20240531_TDOWN.nc
Saved: /perm/dnk8355/paper2026/netcdf_daily_1april2024_31march2026/METOP-B_20240531_TUP.nc
Saved: /perm/dnk8355/paper2026/netcdf_daily_1april2024_31march2026/METOP-B_20240531_TAUSFC_CLD.nc
Saved: /perm/dnk8355/paper2026/netcdf_daily_1april2024_31march2026/METOP-B_20240531_TDOWN_CLD.nc
Saved: /perm/dnk8355/paper2026/netcdf_daily_1april2024_31march2026/METOP-B_20240531_TUP_CLD.nc
Saved: /perm/dnk8355/paper2026/netcdf_daily_1april2024_31march2026/METOP-B_20240531_FG_DEP.nc
Saved: /perm/dnk8355/paper2026/netcdf_daily_1april2024_31march2026/METOP-B_20240531_AN_DEP.nc
Saved summary: /perm/dnk8355/paper2026/netcdf_daily_1april2024_31march2026/METOP-C_20240531_summary.txt
Saved: /perm/dnk8355/paper2026/netcdf_daily_1april2024_31march2026/METOP-C_20240531_OBSVALUE.nc
Saved: /perm/dnk8355/paper2026/netcdf_daily_1april2024_31march2026/METOP-C_20240531_EMIS_WATER.nc
Saved: /perm/dnk8355/paper2026/netcdf_daily_1april2024_31march2026/METOP-C_20240531_TAUSFC.nc
Saved: /perm/dnk8355/paper2026/netcdf_daily_1april2024_31march2026/METOP-C_20240531_TDOWN.nc
Saved: /perm/dnk8355/paper2026/netcdf_daily_1april2024_31march2026/METOP-C_20240531_TUP.nc
Saved: /perm/dnk8355/paper2026/netcdf_daily_1april2024_31march2026/METOP-C_20240531_TAUSFC_CLD.nc
Saved: /perm/dnk8355/paper2026/netcdf_daily_1april2024_31march2026/METOP-C_20240531_TDOWN_CLD.nc
Saved: /perm/dnk8355/paper2026/netcdf_daily_1april2024_31march2026/METOP-C_20240531_TUP_CLD.nc
Saved: /perm/dnk8355/paper2026/netcdf_daily_1april2024_31march2026/METOP-C_20240531_FG_DEP.nc
Saved: /perm/dnk8355/paper2026/netcdf_daily_1april2024_31march2026/METOP-C_20240531_AN_DEP.nc
[445381] Saved daily NetCDFs for amsua_ofb_lwda_20240531_NH_SH_variables_filtered_lsm_lower02.odb
Saved summary: /perm/dnk8355/paper2026/netcdf_daily_1april2024_31march2026/METOP-B_20240601_summary.txt
Saved: /perm/dnk8355/paper2026/netcdf_daily_1april2024_31march2026/METOP-B_20240601_OBSVALUE.nc
Saved: /perm/dnk8355/paper2026/netcdf_daily_1april2024_31march2026/METOP-B_20240601_EMIS_WATER.nc
Saved: /perm/dnk8355/paper2026/netcdf_daily_1april2024_31march2026/METOP-B_20240601_TAUSFC.nc
Saved: /perm/dnk8355/paper2026/netcdf_daily_1april2024_31march2026/METOP-B_20240601_TDOWN.nc
Saved: /perm/dnk8355/paper2026/netcdf_daily_1april2024_31march2026/METOP-B_20240601_TUP.nc
Saved: /perm/dnk8355/paper2026/netcdf_daily_1april2024_31march2026/METOP-B_20240601_TAUSFC_CLD.nc
Saved: /perm/dnk8355/paper2026/netcdf_daily_1april2024_31march2026/METOP-B_20240601_TDOWN_CLD.nc
Saved: /perm/dnk8355/paper2026/netcdf_daily_1april2024_31march2026/METOP-B_20240601_TUP_CLD.nc
Saved: /perm/dnk8355/paper2026/netcdf_daily_1april2024_31march2026/METOP-B_20240601_FG_DEP.nc
Saved: /perm/dnk8355/paper2026/netcdf_daily_1april2024_31march2026/METOP-B_20240601_AN_DEP.nc
Saved summary: /perm/dnk8355/paper2026/netcdf_daily_1april2024_31march2026/METOP-C_20240601_summary.txt
Saved: /perm/dnk8355/paper2026/netcdf_daily_1april2024_31march2026/METOP-C_20240601_OBSVALUE.nc
Saved: /perm/dnk8355/paper2026/netcdf_daily_1april2024_31march2026/METOP-C_20240601_EMIS_WATER.nc
Saved: /perm/dnk8355/paper2026/netcdf_daily_1april2024_31march2026/METOP-C_20240601_TAUSFC.nc
Saved: /perm/dnk8355/paper2026/netcdf_daily_1april2024_31march2026/METOP-C_20240601_TDOWN.nc
Saved: /perm/dnk8355/paper2026/netcdf_daily_1april2024_31march2026/METOP-C_20240601_TUP.nc
Saved: /perm/dnk8355/paper2026/netcdf_daily_1april2024_31march2026/METOP-C_20240601_TAUSFC_CLD.nc
Saved: /perm/dnk8355/paper2026/netcdf_daily_1april2024_31march2026/METOP-C_20240601_TDOWN_CLD.nc
Saved: /perm/dnk8355/paper2026/netcdf_daily_1april2024_31march2026/METOP-C_20240601_TUP_CLD.nc
Saved: /perm/dnk8355/paper2026/netcdf_daily_1april2024_31march2026/METOP-C_20240601_FG_DEP.nc
Saved: /perm/dnk8355/paper2026/netcdf_daily_1april2024_31march2026/METOP-C_20240601_AN_DEP.nc
[445381] Saved daily NetCDFs for amsua_ofb_lwda_20240601_NH_SH_variables_filtered_lsm_lower02.odb
Saved summary: /perm/dnk8355/paper2026/netcdf_daily_1april2024_31march2026/METOP-B_20240602_summary.txt
Saved: /perm/dnk8355/paper2026/netcdf_daily_1april2024_31march2026/METOP-B_20240602_OBSVALUE.nc
Saved: /perm/dnk8355/paper2026/netcdf_daily_1april2024_31march2026/METOP-B_20240602_EMIS_WATER.nc
Saved: /perm/dnk8355/paper2026/netcdf_daily_1april2024_31march2026/METOP-B_20240602_TAUSFC.nc
Saved: /perm/dnk8355/paper2026/netcdf_daily_1april2024_31march2026/METOP-B_20240602_TDOWN.nc
Saved: /perm/dnk8355/paper2026/netcdf_daily_1april2024_31march2026/METOP-B_20240602_TUP.nc
Saved: /perm/dnk8355/paper2026/netcdf_daily_1april2024_31march2026/METOP-B_20240602_TAUSFC_CLD.nc
Saved: /perm/dnk8355/paper2026/netcdf_daily_1april2024_31march2026/METOP-B_20240602_TDOWN_CLD.nc
Saved: /perm/dnk8355/paper2026/netcdf_daily_1april2024_31march2026/METOP-B_20240602_TUP_CLD.nc
Saved: /perm/dnk8355/paper2026/netcdf_daily_1april2024_31march2026/METOP-B_20240602_FG_DEP.nc
Saved: /perm/dnk8355/paper2026/netcdf_daily_1april2024_31march2026/METOP-B_20240602_AN_DEP.nc
Saved summary: /perm/dnk8355/paper2026/netcdf_daily_1april2024_31march2026/METOP-C_20240602_summary.txt
Saved: /perm/dnk8355/paper2026/netcdf_daily_1april2024_31march2026/METOP-C_20240602_OBSVALUE.nc
Saved: /perm/dnk8355/paper2026/netcdf_daily_1april2024_31march2026/METOP-C_20240602_EMIS_WATER.nc
Saved: /perm/dnk8355/paper2026/netcdf_daily_1april2024_31march2026/METOP-C_20240602_TAUSFC.nc
Saved: /perm/dnk8355/paper2026/netcdf_daily_1april2024_31march2026/METOP-C_20240602_TDOWN.nc
Saved: /perm/dnk8355/paper2026/netcdf_daily_1april2024_31march2026/METOP-C_20240602_TUP.nc
Saved: /perm/dnk8355/paper2026/netcdf_daily_1april2024_31march2026/METOP-C_20240602_TAUSFC_CLD.nc
Saved: /perm/dnk8355/paper2026/netcdf_daily_1april2024_31march2026/METOP-C_20240602_TDOWN_CLD.nc
Saved: /perm/dnk8355/paper2026/netcdf_daily_1april2024_31march2026/METOP-C_20240602_TUP_CLD.nc
Saved: /perm/dnk8355/paper2026/netcdf_daily_1april2024_31march2026/METOP-C_20240602_FG_DEP.nc
Saved: /perm/dnk8355/paper2026/netcdf_daily_1april2024_31march2026/METOP-C_20240602_AN_DEP.nc
[445381] Saved daily NetCDFs for amsua_ofb_lwda_20240602_NH_SH_variables_filtered_lsm_lower02.odb
Saved summary: /perm/dnk8355/paper2026/netcdf_daily_1april2024_31march2026/METOP-B_20240603_summary.txt
Saved: /perm/dnk8355/paper2026/netcdf_daily_1april2024_31march2026/METOP-B_20240603_OBSVALUE.nc
Saved: /perm/dnk8355/paper2026/netcdf_daily_1april2024_31march2026/METOP-B_20240603_EMIS_WATER.nc
Saved: /perm/dnk8355/paper2026/netcdf_daily_1april2024_31march2026/METOP-B_20240603_TAUSFC.nc
Saved: /perm/dnk8355/paper2026/netcdf_daily_1april2024_31march2026/METOP-B_20240603_TDOWN.nc
Saved: /perm/dnk8355/paper2026/netcdf_daily_1april2024_31march2026/METOP-B_20240603_TUP.nc
Saved: /perm/dnk8355/paper2026/netcdf_daily_1april2024_31march2026/METOP-B_20240603_TAUSFC_CLD.nc
Saved: /perm/dnk8355/paper2026/netcdf_daily_1april2024_31march2026/METOP-B_20240603_TDOWN_CLD.nc
Saved: /perm/dnk8355/paper2026/netcdf_daily_1april2024_31march2026/METOP-B_20240603_TUP_CLD.nc
Saved: /perm/dnk8355/paper2026/netcdf_daily_1april2024_31march2026/METOP-B_20240603_FG_DEP.nc
Saved: /perm/dnk8355/paper2026/netcdf_daily_1april2024_31march2026/METOP-B_20240603_AN_DEP.nc
Saved summary: /perm/dnk8355/paper2026/netcdf_daily_1april2024_31march2026/METOP-C_20240603_summary.txt
Saved: /perm/dnk8355/paper2026/netcdf_daily_1april2024_31march2026/METOP-C_20240603_OBSVALUE.nc
Saved: /perm/dnk8355/paper2026/netcdf_daily_1april2024_31march2026/METOP-C_20240603_EMIS_WATER.nc
Saved: /perm/dnk8355/paper2026/netcdf_daily_1april2024_31march2026/METOP-C_20240603_TAUSFC.nc
Saved: /perm/dnk8355/paper2026/netcdf_daily_1april2024_31march2026/METOP-C_20240603_TDOWN.nc
Saved: /perm/dnk8355/paper2026/netcdf_daily_1april2024_31march2026/METOP-C_20240603_TUP.nc
Saved: /perm/dnk8355/paper2026/netcdf_daily_1april2024_31march2026/METOP-C_20240603_TAUSFC_CLD.nc
Saved: /perm/dnk8355/paper2026/netcdf_daily_1april2024_31march2026/METOP-C_20240603_TDOWN_CLD.nc
Saved: /perm/dnk8355/paper2026/netcdf_daily_1april2024_31march2026/METOP-C_20240603_TUP_CLD.nc
Saved: /perm/dnk8355/paper2026/netcdf_daily_1april2024_31march2026/METOP-C_20240603_FG_DEP.nc
Saved: /perm/dnk8355/paper2026/netcdf_daily_1april2024_31march2026/METOP-C_20240603_AN_DEP.nc
[445381] Saved daily NetCDFs for amsua_ofb_lwda_20240603_NH_SH_variables_filtered_lsm_lower02.odb
Saved summary: /perm/dnk8355/paper2026/netcdf_daily_1april2024_31march2026/METOP-B_20240604_summary.txt
Saved: /perm/dnk8355/paper2026/netcdf_daily_1april2024_31march2026/METOP-B_20240604_OBSVALUE.nc
Saved: /perm/dnk8355/paper2026/netcdf_daily_1april2024_31march2026/METOP-B_20240604_EMIS_WATER.nc
Saved: /perm/dnk8355/paper2026/netcdf_daily_1april2024_31march2026/METOP-B_20240604_TAUSFC.nc
Saved: /perm/dnk8355/paper2026/netcdf_daily_1april2024_31march2026/METOP-B_20240604_TDOWN.nc
Saved: /perm/dnk8355/paper2026/netcdf_daily_1april2024_31march2026/METOP-B_20240604_TUP.nc
Saved: /perm/dnk8355/paper2026/netcdf_daily_1april2024_31march2026/METOP-B_20240604_TAUSFC_CLD.nc
Saved: /perm/dnk8355/paper2026/netcdf_daily_1april2024_31march2026/METOP-B_20240604_TDOWN_CLD.nc
Saved: /perm/dnk8355/paper2026/netcdf_daily_1april2024_31march2026/METOP-B_20240604_TUP_CLD.nc
Saved: /perm/dnk8355/paper2026/netcdf_daily_1april2024_31march2026/METOP-B_20240604_FG_DEP.nc
Saved: /perm/dnk8355/paper2026/netcdf_daily_1april2024_31march2026/METOP-B_20240604_AN_DEP.nc
Saved summary: /perm/dnk8355/paper2026/netcdf_daily_1april2024_31march2026/METOP-C_20240604_summary.txt
Saved: /perm/dnk8355/paper2026/netcdf_daily_1april2024_31march2026/METOP-C_20240604_OBSVALUE.nc
Saved: /perm/dnk8355/paper2026/netcdf_daily_1april2024_31march2026/METOP-C_20240604_EMIS_WATER.nc
Saved: /perm/dnk8355/paper2026/netcdf_daily_1april2024_31march2026/METOP-C_20240604_TAUSFC.nc
Saved: /perm/dnk8355/paper2026/netcdf_daily_1april2024_31march2026/METOP-C_20240604_TDOWN.nc
Saved: /perm/dnk8355/paper2026/netcdf_daily_1april2024_31march2026/METOP-C_20240604_TUP.nc
Saved: /perm/dnk8355/paper2026/netcdf_daily_1april2024_31march2026/METOP-C_20240604_TAUSFC_CLD.nc
Saved: /perm/dnk8355/paper2026/netcdf_daily_1april2024_31march2026/METOP-C_20240604_TDOWN_CLD.nc
Saved: /perm/dnk8355/paper2026/netcdf_daily_1april2024_31march2026/METOP-C_20240604_TUP_CLD.nc
Saved: /perm/dnk8355/paper2026/netcdf_daily_1april2024_31march2026/METOP-C_20240604_FG_DEP.nc
Saved: /perm/dnk8355/paper2026/netcdf_daily_1april2024_31march2026/METOP-C_20240604_AN_DEP.nc
[445381] Saved daily NetCDFs for amsua_ofb_lwda_20240604_NH_SH_variables_filtered_lsm_lower02.odb
Saved summary: /perm/dnk8355/paper2026/netcdf_daily_1april2024_31march2026/METOP-B_20240605_summary.txt
Saved: /perm/dnk8355/paper2026/netcdf_daily_1april2024_31march2026/METOP-B_20240605_OBSVALUE.nc
Saved: /perm/dnk8355/paper2026/netcdf_daily_1april2024_31march2026/METOP-B_20240605_EMIS_WATER.nc
Saved: /perm/dnk8355/paper2026/netcdf_daily_1april2024_31march2026/METOP-B_20240605_TAUSFC.nc
Saved: /perm/dnk8355/paper2026/netcdf_daily_1april2024_31march2026/METOP-B_20240605_TDOWN.nc
Saved: /perm/dnk8355/paper2026/netcdf_daily_1april2024_31march2026/METOP-B_20240605_TUP.nc
Saved: /perm/dnk8355/paper2026/netcdf_daily_1april2024_31march2026/METOP-B_20240605_TAUSFC_CLD.nc
Saved: /perm/dnk8355/paper2026/netcdf_daily_1april2024_31march2026/METOP-B_20240605_TDOWN_CLD.nc
Saved: /perm/dnk8355/paper2026/netcdf_daily_1april2024_31march2026/METOP-B_20240605_TUP_CLD.nc
Saved: /perm/dnk8355/paper2026/netcdf_daily_1april2024_31march2026/METOP-B_20240605_FG_DEP.nc
Saved: /perm/dnk8355/paper2026/netcdf_daily_1april2024_31march2026/METOP-B_20240605_AN_DEP.nc
Saved summary: /perm/dnk8355/paper2026/netcdf_daily_1april2024_31march2026/METOP-C_20240605_summary.txt
Saved: /perm/dnk8355/paper2026/netcdf_daily_1april2024_31march2026/METOP-C_20240605_OBSVALUE.nc
Saved: /perm/dnk8355/paper2026/netcdf_daily_1april2024_31march2026/METOP-C_20240605_EMIS_WATER.nc
Saved: /perm/dnk8355/paper2026/netcdf_daily_1april2024_31march2026/METOP-C_20240605_TAUSFC.nc
Saved: /perm/dnk8355/paper2026/netcdf_daily_1april2024_31march2026/METOP-C_20240605_TDOWN.nc
Saved: /perm/dnk8355/paper2026/netcdf_daily_1april2024_31march2026/METOP-C_20240605_TUP.nc
Saved: /perm/dnk8355/paper2026/netcdf_daily_1april2024_31march2026/METOP-C_20240605_TAUSFC_CLD.nc
Saved: /perm/dnk8355/paper2026/netcdf_daily_1april2024_31march2026/METOP-C_20240605_TDOWN_CLD.nc
Saved: /perm/dnk8355/paper2026/netcdf_daily_1april2024_31march2026/METOP-C_20240605_TUP_CLD.nc
Saved: /perm/dnk8355/paper2026/netcdf_daily_1april2024_31march2026/METOP-C_20240605_FG_DEP.nc
Saved: /perm/dnk8355/paper2026/netcdf_daily_1april2024_31march2026/METOP-C_20240605_AN_DEP.nc
[445381] Saved daily NetCDFs for amsua_ofb_lwda_20240605_NH_SH_variables_filtered_lsm_lower02.odb
Saved summary: /perm/dnk8355/paper2026/netcdf_daily_1april2024_31march2026/METOP-B_20240606_summary.txt
Saved: /perm/dnk8355/paper2026/netcdf_daily_1april2024_31march2026/METOP-B_20240606_OBSVALUE.nc
Saved: /perm/dnk8355/paper2026/netcdf_daily_1april2024_31march2026/METOP-B_20240606_EMIS_WATER.nc
Saved: /perm/dnk8355/paper2026/netcdf_daily_1april2024_31march2026/METOP-B_20240606_TAUSFC.nc
Saved: /perm/dnk8355/paper2026/netcdf_daily_1april2024_31march2026/METOP-B_20240606_TDOWN.nc
Saved: /perm/dnk8355/paper2026/netcdf_daily_1april2024_31march2026/METOP-B_20240606_TUP.nc
Saved: /perm/dnk8355/paper2026/netcdf_daily_1april2024_31march2026/METOP-B_20240606_TAUSFC_CLD.nc
Saved: /perm/dnk8355/paper2026/netcdf_daily_1april2024_31march2026/METOP-B_20240606_TDOWN_CLD.nc
Saved: /perm/dnk8355/paper2026/netcdf_daily_1april2024_31march2026/METOP-B_20240606_TUP_CLD.nc
Saved: /perm/dnk8355/paper2026/netcdf_daily_1april2024_31march2026/METOP-B_20240606_FG_DEP.nc
Saved: /perm/dnk8355/paper2026/netcdf_daily_1april2024_31march2026/METOP-B_20240606_AN_DEP.nc
Saved summary: /perm/dnk8355/paper2026/netcdf_daily_1april2024_31march2026/METOP-C_20240606_summary.txt
Saved: /perm/dnk8355/paper2026/netcdf_daily_1april2024_31march2026/METOP-C_20240606_OBSVALUE.nc
Saved: /perm/dnk8355/paper2026/netcdf_daily_1april2024_31march2026/METOP-C_20240606_EMIS_WATER.nc
Saved: /perm/dnk8355/paper2026/netcdf_daily_1april2024_31march2026/METOP-C_20240606_TAUSFC.nc
Saved: /perm/dnk8355/paper2026/netcdf_daily_1april2024_31march2026/METOP-C_20240606_TDOWN.nc
Saved: /perm/dnk8355/paper2026/netcdf_daily_1april2024_31march2026/METOP-C_20240606_TUP.nc
Saved: /perm/dnk8355/paper2026/netcdf_daily_1april2024_31march2026/METOP-C_20240606_TAUSFC_CLD.nc
Saved: /perm/dnk8355/paper2026/netcdf_daily_1april2024_31march2026/METOP-C_20240606_TDOWN_CLD.nc
Saved: /perm/dnk8355/paper2026/netcdf_daily_1april2024_31march2026/METOP-C_20240606_TUP_CLD.nc
Saved: /perm/dnk8355/paper2026/netcdf_daily_1april2024_31march2026/METOP-C_20240606_FG_DEP.nc
Saved: /perm/dnk8355/paper2026/netcdf_daily_1april2024_31march2026/METOP-C_20240606_AN_DEP.nc
[445381] Saved daily NetCDFs for amsua_ofb_lwda_20240606_NH_SH_variables_filtered_lsm_lower02.odb
Saved summary: /perm/dnk8355/paper2026/netcdf_daily_1april2024_31march2026/METOP-B_20240607_summary.txt
Saved: /perm/dnk8355/paper2026/netcdf_daily_1april2024_31march2026/METOP-B_20240607_OBSVALUE.nc
Saved: /perm/dnk8355/paper2026/netcdf_daily_1april2024_31march2026/METOP-B_20240607_EMIS_WATER.nc
Saved: /perm/dnk8355/paper2026/netcdf_daily_1april2024_31march2026/METOP-B_20240607_TAUSFC.nc
Saved: /perm/dnk8355/paper2026/netcdf_daily_1april2024_31march2026/METOP-B_20240607_TDOWN.nc
Saved: /perm/dnk8355/paper2026/netcdf_daily_1april2024_31march2026/METOP-B_20240607_TUP.nc
Saved: /perm/dnk8355/paper2026/netcdf_daily_1april2024_31march2026/METOP-B_20240607_TAUSFC_CLD.nc
Saved: /perm/dnk8355/paper2026/netcdf_daily_1april2024_31march2026/METOP-B_20240607_TDOWN_CLD.nc
Saved: /perm/dnk8355/paper2026/netcdf_daily_1april2024_31march2026/METOP-B_20240607_TUP_CLD.nc
Saved: /perm/dnk8355/paper2026/netcdf_daily_1april2024_31march2026/METOP-B_20240607_FG_DEP.nc
Saved: /perm/dnk8355/paper2026/netcdf_daily_1april2024_31march2026/METOP-B_20240607_AN_DEP.nc
Saved summary: /perm/dnk8355/paper2026/netcdf_daily_1april2024_31march2026/METOP-C_20240607_summary.txt
Saved: /perm/dnk8355/paper2026/netcdf_daily_1april2024_31march2026/METOP-C_20240607_OBSVALUE.nc
Saved: /perm/dnk8355/paper2026/netcdf_daily_1april2024_31march2026/METOP-C_20240607_EMIS_WATER.nc
Saved: /perm/dnk8355/paper2026/netcdf_daily_1april2024_31march2026/METOP-C_20240607_TAUSFC.nc
Saved: /perm/dnk8355/paper2026/netcdf_daily_1april2024_31march2026/METOP-C_20240607_TDOWN.nc
Saved: /perm/dnk8355/paper2026/netcdf_daily_1april2024_31march2026/METOP-C_20240607_TUP.nc
Saved: /perm/dnk8355/paper2026/netcdf_daily_1april2024_31march2026/METOP-C_20240607_TAUSFC_CLD.nc
Saved: /perm/dnk8355/paper2026/netcdf_daily_1april2024_31march2026/METOP-C_20240607_TDOWN_CLD.nc
Saved: /perm/dnk8355/paper2026/netcdf_daily_1april2024_31march2026/METOP-C_20240607_TUP_CLD.nc
Saved: /perm/dnk8355/paper2026/netcdf_daily_1april2024_31march2026/METOP-C_20240607_FG_DEP.nc
Saved: /perm/dnk8355/paper2026/netcdf_daily_1april2024_31march2026/METOP-C_20240607_AN_DEP.nc
[445381] Saved daily NetCDFs for amsua_ofb_lwda_20240607_NH_SH_variables_filtered_lsm_lower02.odb
Saved summary: /perm/dnk8355/paper2026/netcdf_daily_1april2024_31march2026/METOP-B_20240608_summary.txt
Saved: /perm/dnk8355/paper2026/netcdf_daily_1april2024_31march2026/METOP-B_20240608_OBSVALUE.nc
Saved: /perm/dnk8355/paper2026/netcdf_daily_1april2024_31march2026/METOP-B_20240608_EMIS_WATER.nc
Saved: /perm/dnk8355/paper2026/netcdf_daily_1april2024_31march2026/METOP-B_20240608_TAUSFC.nc
Saved: /perm/dnk8355/paper2026/netcdf_daily_1april2024_31march2026/METOP-B_20240608_TDOWN.nc
Saved: /perm/dnk8355/paper2026/netcdf_daily_1april2024_31march2026/METOP-B_20240608_TUP.nc
Saved: /perm/dnk8355/paper2026/netcdf_daily_1april2024_31march2026/METOP-B_20240608_TAUSFC_CLD.nc
Saved: /perm/dnk8355/paper2026/netcdf_daily_1april2024_31march2026/METOP-B_20240608_TDOWN_CLD.nc
Saved: /perm/dnk8355/paper2026/netcdf_daily_1april2024_31march2026/METOP-B_20240608_TUP_CLD.nc
Saved: /perm/dnk8355/paper2026/netcdf_daily_1april2024_31march2026/METOP-B_20240608_FG_DEP.nc
Saved: /perm/dnk8355/paper2026/netcdf_daily_1april2024_31march2026/METOP-B_20240608_AN_DEP.nc
Saved summary: /perm/dnk8355/paper2026/netcdf_daily_1april2024_31march2026/METOP-C_20240608_summary.txt
Saved: /perm/dnk8355/paper2026/netcdf_daily_1april2024_31march2026/METOP-C_20240608_OBSVALUE.nc
Saved: /perm/dnk8355/paper2026/netcdf_daily_1april2024_31march2026/METOP-C_20240608_EMIS_WATER.nc
Saved: /perm/dnk8355/paper2026/netcdf_daily_1april2024_31march2026/METOP-C_20240608_TAUSFC.nc
Saved: /perm/dnk8355/paper2026/netcdf_daily_1april2024_31march2026/METOP-C_20240608_TDOWN.nc
Saved: /perm/dnk8355/paper2026/netcdf_daily_1april2024_31march2026/METOP-C_20240608_TUP.nc
Saved: /perm/dnk8355/paper2026/netcdf_daily_1april2024_31march2026/METOP-C_20240608_TAUSFC_CLD.nc
Saved: /perm/dnk8355/paper2026/netcdf_daily_1april2024_31march2026/METOP-C_20240608_TDOWN_CLD.nc
Saved: /perm/dnk8355/paper2026/netcdf_daily_1april2024_31march2026/METOP-C_20240608_TUP_CLD.nc
Saved: /perm/dnk8355/paper2026/netcdf_daily_1april2024_31march2026/METOP-C_20240608_FG_DEP.nc
Saved: /perm/dnk8355/paper2026/netcdf_daily_1april2024_31march2026/METOP-C_20240608_AN_DEP.nc
[445381] Saved daily NetCDFs for amsua_ofb_lwda_20240608_NH_SH_variables_filtered_lsm_lower02.odb
Saved summary: /perm/dnk8355/paper2026/netcdf_daily_1april2024_31march2026/METOP-B_20240609_summary.txt
Saved: /perm/dnk8355/paper2026/netcdf_daily_1april2024_31march2026/METOP-B_20240609_OBSVALUE.nc
Saved: /perm/dnk8355/paper2026/netcdf_daily_1april2024_31march2026/METOP-B_20240609_EMIS_WATER.nc
Saved: /perm/dnk8355/paper2026/netcdf_daily_1april2024_31march2026/METOP-B_20240609_TAUSFC.nc
Saved: /perm/dnk8355/paper2026/netcdf_daily_1april2024_31march2026/METOP-B_20240609_TDOWN.nc
Saved: /perm/dnk8355/paper2026/netcdf_daily_1april2024_31march2026/METOP-B_20240609_TUP.nc
Saved: /perm/dnk8355/paper2026/netcdf_daily_1april2024_31march2026/METOP-B_20240609_TAUSFC_CLD.nc
Saved: /perm/dnk8355/paper2026/netcdf_daily_1april2024_31march2026/METOP-B_20240609_TDOWN_CLD.nc
Saved: /perm/dnk8355/paper2026/netcdf_daily_1april2024_31march2026/METOP-B_20240609_TUP_CLD.nc
Saved: /perm/dnk8355/paper2026/netcdf_daily_1april2024_31march2026/METOP-B_20240609_FG_DEP.nc
Saved: /perm/dnk8355/paper2026/netcdf_daily_1april2024_31march2026/METOP-B_20240609_AN_DEP.nc
Saved summary: /perm/dnk8355/paper2026/netcdf_daily_1april2024_31march2026/METOP-C_20240609_summary.txt
Saved: /perm/dnk8355/paper2026/netcdf_daily_1april2024_31march2026/METOP-C_20240609_OBSVALUE.nc
Saved: /perm/dnk8355/paper2026/netcdf_daily_1april2024_31march2026/METOP-C_20240609_EMIS_WATER.nc
Saved: /perm/dnk8355/paper2026/netcdf_daily_1april2024_31march2026/METOP-C_20240609_TAUSFC.nc
Saved: /perm/dnk8355/paper2026/netcdf_daily_1april2024_31march2026/METOP-C_20240609_TDOWN.nc
Saved: /perm/dnk8355/paper2026/netcdf_daily_1april2024_31march2026/METOP-C_20240609_TUP.nc
Saved: /perm/dnk8355/paper2026/netcdf_daily_1april2024_31march2026/METOP-C_20240609_TAUSFC_CLD.nc
Saved: /perm/dnk8355/paper2026/netcdf_daily_1april2024_31march2026/METOP-C_20240609_TDOWN_CLD.nc
Saved: /perm/dnk8355/paper2026/netcdf_daily_1april2024_31march2026/METOP-C_20240609_TUP_CLD.nc
Saved: /perm/dnk8355/paper2026/netcdf_daily_1april2024_31march2026/METOP-C_20240609_FG_DEP.nc
Saved: /perm/dnk8355/paper2026/netcdf_daily_1april2024_31march2026/METOP-C_20240609_AN_DEP.nc
[445381] Saved daily NetCDFs for amsua_ofb_lwda_20240609_NH_SH_variables_filtered_lsm_lower02.odb
Saved summary: /perm/dnk8355/paper2026/netcdf_daily_1april2024_31march2026/METOP-B_20240610_summary.txt
Saved: /perm/dnk8355/paper2026/netcdf_daily_1april2024_31march2026/METOP-B_20240610_OBSVALUE.nc
Saved: /perm/dnk8355/paper2026/netcdf_daily_1april2024_31march2026/METOP-B_20240610_EMIS_WATER.nc
Saved: /perm/dnk8355/paper2026/netcdf_daily_1april2024_31march2026/METOP-B_20240610_TAUSFC.nc
Saved: /perm/dnk8355/paper2026/netcdf_daily_1april2024_31march2026/METOP-B_20240610_TDOWN.nc
Saved: /perm/dnk8355/paper2026/netcdf_daily_1april2024_31march2026/METOP-B_20240610_TUP.nc
Saved: /perm/dnk8355/paper2026/netcdf_daily_1april2024_31march2026/METOP-B_20240610_TAUSFC_CLD.nc
Saved: /perm/dnk8355/paper2026/netcdf_daily_1april2024_31march2026/METOP-B_20240610_TDOWN_CLD.nc
Saved: /perm/dnk8355/paper2026/netcdf_daily_1april2024_31march2026/METOP-B_20240610_TUP_CLD.nc
Saved: /perm/dnk8355/paper2026/netcdf_daily_1april2024_31march2026/METOP-B_20240610_FG_DEP.nc
Saved: /perm/dnk8355/paper2026/netcdf_daily_1april2024_31march2026/METOP-B_20240610_AN_DEP.nc
Saved summary: /perm/dnk8355/paper2026/netcdf_daily_1april2024_31march2026/METOP-C_20240610_summary.txt
Saved: /perm/dnk8355/paper2026/netcdf_daily_1april2024_31march2026/METOP-C_20240610_OBSVALUE.nc
Saved: /perm/dnk8355/paper2026/netcdf_daily_1april2024_31march2026/METOP-C_20240610_EMIS_WATER.nc
Saved: /perm/dnk8355/paper2026/netcdf_daily_1april2024_31march2026/METOP-C_20240610_TAUSFC.nc
Saved: /perm/dnk8355/paper2026/netcdf_daily_1april2024_31march2026/METOP-C_20240610_TDOWN.nc
Saved: /perm/dnk8355/paper2026/netcdf_daily_1april2024_31march2026/METOP-C_20240610_TUP.nc
Saved: /perm/dnk8355/paper2026/netcdf_daily_1april2024_31march2026/METOP-C_20240610_TAUSFC_CLD.nc
Saved: /perm/dnk8355/paper2026/netcdf_daily_1april2024_31march2026/METOP-C_20240610_TDOWN_CLD.nc
Saved: /perm/dnk8355/paper2026/netcdf_daily_1april2024_31march2026/METOP-C_20240610_TUP_CLD.nc
Saved: /perm/dnk8355/paper2026/netcdf_daily_1april2024_31march2026/METOP-C_20240610_FG_DEP.nc
Saved: /perm/dnk8355/paper2026/netcdf_daily_1april2024_31march2026/METOP-C_20240610_AN_DEP.nc
[445381] Saved daily NetCDFs for amsua_ofb_lwda_20240610_NH_SH_variables_filtered_lsm_lower02.odb
Saved summary: /perm/dnk8355/paper2026/netcdf_daily_1april2024_31march2026/METOP-B_20240611_summary.txt
Saved: /perm/dnk8355/paper2026/netcdf_daily_1april2024_31march2026/METOP-B_20240611_OBSVALUE.nc
Saved: /perm/dnk8355/paper2026/netcdf_daily_1april2024_31march2026/METOP-B_20240611_EMIS_WATER.nc
Saved: /perm/dnk8355/paper2026/netcdf_daily_1april2024_31march2026/METOP-B_20240611_TAUSFC.nc
Saved: /perm/dnk8355/paper2026/netcdf_daily_1april2024_31march2026/METOP-B_20240611_TDOWN.nc
Saved: /perm/dnk8355/paper2026/netcdf_daily_1april2024_31march2026/METOP-B_20240611_TUP.nc
Saved: /perm/dnk8355/paper2026/netcdf_daily_1april2024_31march2026/METOP-B_20240611_TAUSFC_CLD.nc
Saved: /perm/dnk8355/paper2026/netcdf_daily_1april2024_31march2026/METOP-B_20240611_TDOWN_CLD.nc
Saved: /perm/dnk8355/paper2026/netcdf_daily_1april2024_31march2026/METOP-B_20240611_TUP_CLD.nc
Saved: /perm/dnk8355/paper2026/netcdf_daily_1april2024_31march2026/METOP-B_20240611_FG_DEP.nc
Saved: /perm/dnk8355/paper2026/netcdf_daily_1april2024_31march2026/METOP-B_20240611_AN_DEP.nc
Saved summary: /perm/dnk8355/paper2026/netcdf_daily_1april2024_31march2026/METOP-C_20240611_summary.txt
Saved: /perm/dnk8355/paper2026/netcdf_daily_1april2024_31march2026/METOP-C_20240611_OBSVALUE.nc
Saved: /perm/dnk8355/paper2026/netcdf_daily_1april2024_31march2026/METOP-C_20240611_EMIS_WATER.nc
Saved: /perm/dnk8355/paper2026/netcdf_daily_1april2024_31march2026/METOP-C_20240611_TAUSFC.nc
Saved: /perm/dnk8355/paper2026/netcdf_daily_1april2024_31march2026/METOP-C_20240611_TDOWN.nc
Saved: /perm/dnk8355/paper2026/netcdf_daily_1april2024_31march2026/METOP-C_20240611_TUP.nc
Saved: /perm/dnk8355/paper2026/netcdf_daily_1april2024_31march2026/METOP-C_20240611_TAUSFC_CLD.nc
Saved: /perm/dnk8355/paper2026/netcdf_daily_1april2024_31march2026/METOP-C_20240611_TDOWN_CLD.nc
Saved: /perm/dnk8355/paper2026/netcdf_daily_1april2024_31march2026/METOP-C_20240611_TUP_CLD.nc
Saved: /perm/dnk8355/paper2026/netcdf_daily_1april2024_31march2026/METOP-C_20240611_FG_DEP.nc
Saved: /perm/dnk8355/paper2026/netcdf_daily_1april2024_31march2026/METOP-C_20240611_AN_DEP.nc
[445381] Saved daily NetCDFs for amsua_ofb_lwda_20240611_NH_SH_variables_filtered_lsm_lower02.odb
Saved summary: /perm/dnk8355/paper2026/netcdf_daily_1april2024_31march2026/METOP-B_20240612_summary.txt
Saved: /perm/dnk8355/paper2026/netcdf_daily_1april2024_31march2026/METOP-B_20240612_OBSVALUE.nc
Saved: /perm/dnk8355/paper2026/netcdf_daily_1april2024_31march2026/METOP-B_20240612_EMIS_WATER.nc
Saved: /perm/dnk8355/paper2026/netcdf_daily_1april2024_31march2026/METOP-B_20240612_TAUSFC.nc
Saved: /perm/dnk8355/paper2026/netcdf_daily_1april2024_31march2026/METOP-B_20240612_TDOWN.nc
Saved: /perm/dnk8355/paper2026/netcdf_daily_1april2024_31march2026/METOP-B_20240612_TUP.nc
Saved: /perm/dnk8355/paper2026/netcdf_daily_1april2024_31march2026/METOP-B_20240612_TAUSFC_CLD.nc
Saved: /perm/dnk8355/paper2026/netcdf_daily_1april2024_31march2026/METOP-B_20240612_TDOWN_CLD.nc
Saved: /perm/dnk8355/paper2026/netcdf_daily_1april2024_31march2026/METOP-B_20240612_TUP_CLD.nc
Saved: /perm/dnk8355/paper2026/netcdf_daily_1april2024_31march2026/METOP-B_20240612_FG_DEP.nc
Saved: /perm/dnk8355/paper2026/netcdf_daily_1april2024_31march2026/METOP-B_20240612_AN_DEP.nc
Saved summary: /perm/dnk8355/paper2026/netcdf_daily_1april2024_31march2026/METOP-C_20240612_summary.txt
Saved: /perm/dnk8355/paper2026/netcdf_daily_1april2024_31march2026/METOP-C_20240612_OBSVALUE.nc
Saved: /perm/dnk8355/paper2026/netcdf_daily_1april2024_31march2026/METOP-C_20240612_EMIS_WATER.nc
Saved: /perm/dnk8355/paper2026/netcdf_daily_1april2024_31march2026/METOP-C_20240612_TAUSFC.nc
Saved: /perm/dnk8355/paper2026/netcdf_daily_1april2024_31march2026/METOP-C_20240612_TDOWN.nc
Saved: /perm/dnk8355/paper2026/netcdf_daily_1april2024_31march2026/METOP-C_20240612_TUP.nc
Saved: /perm/dnk8355/paper2026/netcdf_daily_1april2024_31march2026/METOP-C_20240612_TAUSFC_CLD.nc
Saved: /perm/dnk8355/paper2026/netcdf_daily_1april2024_31march2026/METOP-C_20240612_TDOWN_CLD.nc
Saved: /perm/dnk8355/paper2026/netcdf_daily_1april2024_31march2026/METOP-C_20240612_TUP_CLD.nc
Saved: /perm/dnk8355/paper2026/netcdf_daily_1april2024_31march2026/METOP-C_20240612_FG_DEP.nc
Saved: /perm/dnk8355/paper2026/netcdf_daily_1april2024_31march2026/METOP-C_20240612_AN_DEP.nc
[445381] Saved daily NetCDFs for amsua_ofb_lwda_20240612_NH_SH_variables_filtered_lsm_lower02.odb
Saved summary: /perm/dnk8355/paper2026/netcdf_daily_1april2024_31march2026/METOP-B_20240613_summary.txt
Saved: /perm/dnk8355/paper2026/netcdf_daily_1april2024_31march2026/METOP-B_20240613_OBSVALUE.nc
Saved: /perm/dnk8355/paper2026/netcdf_daily_1april2024_31march2026/METOP-B_20240613_EMIS_WATER.nc
Saved: /perm/dnk8355/paper2026/netcdf_daily_1april2024_31march2026/METOP-B_20240613_TAUSFC.nc
Saved: /perm/dnk8355/paper2026/netcdf_daily_1april2024_31march2026/METOP-B_20240613_TDOWN.nc
Saved: /perm/dnk8355/paper2026/netcdf_daily_1april2024_31march2026/METOP-B_20240613_TUP.nc
Saved: /perm/dnk8355/paper2026/netcdf_daily_1april2024_31march2026/METOP-B_20240613_TAUSFC_CLD.nc
Saved: /perm/dnk8355/paper2026/netcdf_daily_1april2024_31march2026/METOP-B_20240613_TDOWN_CLD.nc
Saved: /perm/dnk8355/paper2026/netcdf_daily_1april2024_31march2026/METOP-B_20240613_TUP_CLD.nc
Saved: /perm/dnk8355/paper2026/netcdf_daily_1april2024_31march2026/METOP-B_20240613_FG_DEP.nc
Saved: /perm/dnk8355/paper2026/netcdf_daily_1april2024_31march2026/METOP-B_20240613_AN_DEP.nc
Saved summary: /perm/dnk8355/paper2026/netcdf_daily_1april2024_31march2026/METOP-C_20240613_summary.txt
Saved: /perm/dnk8355/paper2026/netcdf_daily_1april2024_31march2026/METOP-C_20240613_OBSVALUE.nc
Saved: /perm/dnk8355/paper2026/netcdf_daily_1april2024_31march2026/METOP-C_20240613_EMIS_WATER.nc
Saved: /perm/dnk8355/paper2026/netcdf_daily_1april2024_31march2026/METOP-C_20240613_TAUSFC.nc
Saved: /perm/dnk8355/paper2026/netcdf_daily_1april2024_31march2026/METOP-C_20240613_TDOWN.nc
Saved: /perm/dnk8355/paper2026/netcdf_daily_1april2024_31march2026/METOP-C_20240613_TUP.nc
Saved: /perm/dnk8355/paper2026/netcdf_daily_1april2024_31march2026/METOP-C_20240613_TAUSFC_CLD.nc
Saved: /perm/dnk8355/paper2026/netcdf_daily_1april2024_31march2026/METOP-C_20240613_TDOWN_CLD.nc
Saved: /perm/dnk8355/paper2026/netcdf_daily_1april2024_31march2026/METOP-C_20240613_TUP_CLD.nc
Saved: /perm/dnk8355/paper2026/netcdf_daily_1april2024_31march2026/METOP-C_20240613_FG_DEP.nc
Saved: /perm/dnk8355/paper2026/netcdf_daily_1april2024_31march2026/METOP-C_20240613_AN_DEP.nc
[445381] Saved daily NetCDFs for amsua_ofb_lwda_20240613_NH_SH_variables_filtered_lsm_lower02.odb
Saved summary: /perm/dnk8355/paper2026/netcdf_daily_1april2024_31march2026/METOP-B_20240614_summary.txt
Saved: /perm/dnk8355/paper2026/netcdf_daily_1april2024_31march2026/METOP-B_20240614_OBSVALUE.nc
Saved: /perm/dnk8355/paper2026/netcdf_daily_1april2024_31march2026/METOP-B_20240614_EMIS_WATER.nc
Saved: /perm/dnk8355/paper2026/netcdf_daily_1april2024_31march2026/METOP-B_20240614_TAUSFC.nc
Saved: /perm/dnk8355/paper2026/netcdf_daily_1april2024_31march2026/METOP-B_20240614_TDOWN.nc
Saved: /perm/dnk8355/paper2026/netcdf_daily_1april2024_31march2026/METOP-B_20240614_TUP.nc
Saved: /perm/dnk8355/paper2026/netcdf_daily_1april2024_31march2026/METOP-B_20240614_TAUSFC_CLD.nc
Saved: /perm/dnk8355/paper2026/netcdf_daily_1april2024_31march2026/METOP-B_20240614_TDOWN_CLD.nc
Saved: /perm/dnk8355/paper2026/netcdf_daily_1april2024_31march2026/METOP-B_20240614_TUP_CLD.nc
Saved: /perm/dnk8355/paper2026/netcdf_daily_1april2024_31march2026/METOP-B_20240614_FG_DEP.nc
Saved: /perm/dnk8355/paper2026/netcdf_daily_1april2024_31march2026/METOP-B_20240614_AN_DEP.nc
Saved summary: /perm/dnk8355/paper2026/netcdf_daily_1april2024_31march2026/METOP-C_20240614_summary.txt
Saved: /perm/dnk8355/paper2026/netcdf_daily_1april2024_31march2026/METOP-C_20240614_OBSVALUE.nc
Saved: /perm/dnk8355/paper2026/netcdf_daily_1april2024_31march2026/METOP-C_20240614_EMIS_WATER.nc
Saved: /perm/dnk8355/paper2026/netcdf_daily_1april2024_31march2026/METOP-C_20240614_TAUSFC.nc
Saved: /perm/dnk8355/paper2026/netcdf_daily_1april2024_31march2026/METOP-C_20240614_TDOWN.nc
Saved: /perm/dnk8355/paper2026/netcdf_daily_1april2024_31march2026/METOP-C_20240614_TUP.nc
Saved: /perm/dnk8355/paper2026/netcdf_daily_1april2024_31march2026/METOP-C_20240614_TAUSFC_CLD.nc
Saved: /perm/dnk8355/paper2026/netcdf_daily_1april2024_31march2026/METOP-C_20240614_TDOWN_CLD.nc
Saved: /perm/dnk8355/paper2026/netcdf_daily_1april2024_31march2026/METOP-C_20240614_TUP_CLD.nc
Saved: /perm/dnk8355/paper2026/netcdf_daily_1april2024_31march2026/METOP-C_20240614_FG_DEP.nc
Saved: /perm/dnk8355/paper2026/netcdf_daily_1april2024_31march2026/METOP-C_20240614_AN_DEP.nc
[445381] Saved daily NetCDFs for amsua_ofb_lwda_20240614_NH_SH_variables_filtered_lsm_lower02.odb
Saved summary: /perm/dnk8355/paper2026/netcdf_daily_1april2024_31march2026/METOP-B_20240615_summary.txt
Saved: /perm/dnk8355/paper2026/netcdf_daily_1april2024_31march2026/METOP-B_20240615_OBSVALUE.nc
Saved: /perm/dnk8355/paper2026/netcdf_daily_1april2024_31march2026/METOP-B_20240615_EMIS_WATER.nc
Saved: /perm/dnk8355/paper2026/netcdf_daily_1april2024_31march2026/METOP-B_20240615_TAUSFC.nc
Saved: /perm/dnk8355/paper2026/netcdf_daily_1april2024_31march2026/METOP-B_20240615_TDOWN.nc
Saved: /perm/dnk8355/paper2026/netcdf_daily_1april2024_31march2026/METOP-B_20240615_TUP.nc
Saved: /perm/dnk8355/paper2026/netcdf_daily_1april2024_31march2026/METOP-B_20240615_TAUSFC_CLD.nc
Saved: /perm/dnk8355/paper2026/netcdf_daily_1april2024_31march2026/METOP-B_20240615_TDOWN_CLD.nc
Saved: /perm/dnk8355/paper2026/netcdf_daily_1april2024_31march2026/METOP-B_20240615_TUP_CLD.nc
Saved: /perm/dnk8355/paper2026/netcdf_daily_1april2024_31march2026/METOP-B_20240615_FG_DEP.nc
Saved: /perm/dnk8355/paper2026/netcdf_daily_1april2024_31march2026/METOP-B_20240615_AN_DEP.nc
Saved summary: /perm/dnk8355/paper2026/netcdf_daily_1april2024_31march2026/METOP-C_20240615_summary.txt
Saved: /perm/dnk8355/paper2026/netcdf_daily_1april2024_31march2026/METOP-C_20240615_OBSVALUE.nc
Saved summary: /perm/dnk8355/paper2026/netcdf_daily_1april2024_31march2026/METOP-B_20240702_summary.txt
Saved: /perm/dnk8355/paper2026/netcdf_daily_1april2024_31march2026/METOP-B_20240702_OBSVALUE.nc
Saved: /perm/dnk8355/paper2026/netcdf_daily_1april2024_31march2026/METOP-B_20240702_EMIS_WATER.nc
Saved: /perm/dnk8355/paper2026/netcdf_daily_1april2024_31march2026/METOP-B_20240702_TAUSFC.nc
Saved: /perm/dnk8355/paper2026/netcdf_daily_1april2024_31march2026/METOP-B_20240702_TDOWN.nc
Saved: /perm/dnk8355/paper2026/netcdf_daily_1april2024_31march2026/METOP-B_20240702_TUP.nc
Saved: /perm/dnk8355/paper2026/netcdf_daily_1april2024_31march2026/METOP-B_20240702_TAUSFC_CLD.nc
Saved: /perm/dnk8355/paper2026/netcdf_daily_1april2024_31march2026/METOP-B_20240702_TDOWN_CLD.nc
Saved: /perm/dnk8355/paper2026/netcdf_daily_1april2024_31march2026/METOP-B_20240702_TUP_CLD.nc
Saved: /perm/dnk8355/paper2026/netcdf_daily_1april2024_31march2026/METOP-B_20240702_FG_DEP.nc
Saved: /perm/dnk8355/paper2026/netcdf_daily_1april2024_31march2026/METOP-B_20240702_AN_DEP.nc
Saved summary: /perm/dnk8355/paper2026/netcdf_daily_1april2024_31march2026/METOP-C_20240702_summary.txt
Saved: /perm/dnk8355/paper2026/netcdf_daily_1april2024_31march2026/METOP-C_20240702_OBSVALUE.nc
Saved: /perm/dnk8355/paper2026/netcdf_daily_1april2024_31march2026/METOP-C_20240702_EMIS_WATER.nc
Saved: /perm/dnk8355/paper2026/netcdf_daily_1april2024_31march2026/METOP-C_20240702_TAUSFC.nc
Saved: /perm/dnk8355/paper2026/netcdf_daily_1april2024_31march2026/METOP-C_20240702_TDOWN.nc
Saved: /perm/dnk8355/paper2026/netcdf_daily_1april2024_31march2026/METOP-C_20240702_TUP.nc
Saved: /perm/dnk8355/paper2026/netcdf_daily_1april2024_31march2026/METOP-C_20240702_TAUSFC_CLD.nc
Saved: /perm/dnk8355/paper2026/netcdf_daily_1april2024_31march2026/METOP-C_20240702_TDOWN_CLD.nc
Saved: /perm/dnk8355/paper2026/netcdf_daily_1april2024_31march2026/METOP-C_20240702_TUP_CLD.nc
Saved: /perm/dnk8355/paper2026/netcdf_daily_1april2024_31march2026/METOP-C_20240702_FG_DEP.nc
Saved: /perm/dnk8355/paper2026/netcdf_daily_1april2024_31march2026/METOP-C_20240702_AN_DEP.nc
[445382] Saved daily NetCDFs for amsua_ofb_lwda_20240702_NH_SH_variables_filtered_lsm_lower02.odb
Saved summary: /perm/dnk8355/paper2026/netcdf_daily_1april2024_31march2026/METOP-B_20240703_summary.txt
Saved: /perm/dnk8355/paper2026/netcdf_daily_1april2024_31march2026/METOP-B_20240703_OBSVALUE.nc
Saved: /perm/dnk8355/paper2026/netcdf_daily_1april2024_31march2026/METOP-B_20240703_EMIS_WATER.nc
Saved: /perm/dnk8355/paper2026/netcdf_daily_1april2024_31march2026/METOP-B_20240703_TAUSFC.nc
Saved: /perm/dnk8355/paper2026/netcdf_daily_1april2024_31march2026/METOP-B_20240703_TDOWN.nc
Saved: /perm/dnk8355/paper2026/netcdf_daily_1april2024_31march2026/METOP-B_20240703_TUP.nc
Saved: /perm/dnk8355/paper2026/netcdf_daily_1april2024_31march2026/METOP-B_20240703_TAUSFC_CLD.nc
Saved: /perm/dnk8355/paper2026/netcdf_daily_1april2024_31march2026/METOP-B_20240703_TDOWN_CLD.nc
Saved: /perm/dnk8355/paper2026/netcdf_daily_1april2024_31march2026/METOP-B_20240703_TUP_CLD.nc
Saved: /perm/dnk8355/paper2026/netcdf_daily_1april2024_31march2026/METOP-B_20240703_FG_DEP.nc
Saved: /perm/dnk8355/paper2026/netcdf_daily_1april2024_31march2026/METOP-B_20240703_AN_DEP.nc
Saved summary: /perm/dnk8355/paper2026/netcdf_daily_1april2024_31march2026/METOP-C_20240703_summary.txt
Saved: /perm/dnk8355/paper2026/netcdf_daily_1april2024_31march2026/METOP-C_20240703_OBSVALUE.nc
Saved: /perm/dnk8355/paper2026/netcdf_daily_1april2024_31march2026/METOP-C_20240703_EMIS_WATER.nc
Saved: /perm/dnk8355/paper2026/netcdf_daily_1april2024_31march2026/METOP-C_20240703_TAUSFC.nc
Saved: /perm/dnk8355/paper2026/netcdf_daily_1april2024_31march2026/METOP-C_20240703_TDOWN.nc
Saved: /perm/dnk8355/paper2026/netcdf_daily_1april2024_31march2026/METOP-C_20240703_TUP.nc
Saved: /perm/dnk8355/paper2026/netcdf_daily_1april2024_31march2026/METOP-C_20240703_TAUSFC_CLD.nc
Saved: /perm/dnk8355/paper2026/netcdf_daily_1april2024_31march2026/METOP-C_20240703_TDOWN_CLD.nc
Saved: /perm/dnk8355/paper2026/netcdf_daily_1april2024_31march2026/METOP-C_20240703_TUP_CLD.nc
Saved: /perm/dnk8355/paper2026/netcdf_daily_1april2024_31march2026/METOP-C_20240703_FG_DEP.nc
Saved: /perm/dnk8355/paper2026/netcdf_daily_1april2024_31march2026/METOP-C_20240703_AN_DEP.nc
[445382] Saved daily NetCDFs for amsua_ofb_lwda_20240703_NH_SH_variables_filtered_lsm_lower02.odb
Saved summary: /perm/dnk8355/paper2026/netcdf_daily_1april2024_31march2026/METOP-B_20240704_summary.txt
Saved: /perm/dnk8355/paper2026/netcdf_daily_1april2024_31march2026/METOP-B_20240704_OBSVALUE.nc
Saved: /perm/dnk8355/paper2026/netcdf_daily_1april2024_31march2026/METOP-B_20240704_EMIS_WATER.nc
Saved: /perm/dnk8355/paper2026/netcdf_daily_1april2024_31march2026/METOP-B_20240704_TAUSFC.nc
Saved: /perm/dnk8355/paper2026/netcdf_daily_1april2024_31march2026/METOP-B_20240704_TDOWN.nc
Saved: /perm/dnk8355/paper2026/netcdf_daily_1april2024_31march2026/METOP-B_20240704_TUP.nc
Saved: /perm/dnk8355/paper2026/netcdf_daily_1april2024_31march2026/METOP-B_20240704_TAUSFC_CLD.nc
Saved: /perm/dnk8355/paper2026/netcdf_daily_1april2024_31march2026/METOP-B_20240704_TDOWN_CLD.nc
Saved: /perm/dnk8355/paper2026/netcdf_daily_1april2024_31march2026/METOP-B_20240704_TUP_CLD.nc
Saved: /perm/dnk8355/paper2026/netcdf_daily_1april2024_31march2026/METOP-B_20240704_FG_DEP.nc
Saved: /perm/dnk8355/paper2026/netcdf_daily_1april2024_31march2026/METOP-B_20240704_AN_DEP.nc
Saved summary: /perm/dnk8355/paper2026/netcdf_daily_1april2024_31march2026/METOP-C_20240704_summary.txt
Saved: /perm/dnk8355/paper2026/netcdf_daily_1april2024_31march2026/METOP-C_20240704_OBSVALUE.nc
Saved: /perm/dnk8355/paper2026/netcdf_daily_1april2024_31march2026/METOP-C_20240704_EMIS_WATER.nc
Saved: /perm/dnk8355/paper2026/netcdf_daily_1april2024_31march2026/METOP-C_20240704_TAUSFC.nc
Saved: /perm/dnk8355/paper2026/netcdf_daily_1april2024_31march2026/METOP-C_20240704_TDOWN.nc
Saved: /perm/dnk8355/paper2026/netcdf_daily_1april2024_31march2026/METOP-C_20240704_TUP.nc
Saved: /perm/dnk8355/paper2026/netcdf_daily_1april2024_31march2026/METOP-C_20240704_TAUSFC_CLD.nc
Saved: /perm/dnk8355/paper2026/netcdf_daily_1april2024_31march2026/METOP-C_20240704_TDOWN_CLD.nc
Saved: /perm/dnk8355/paper2026/netcdf_daily_1april2024_31march2026/METOP-C_20240704_TUP_CLD.nc
Saved: /perm/dnk8355/paper2026/netcdf_daily_1april2024_31march2026/METOP-C_20240704_FG_DEP.nc
Saved: /perm/dnk8355/paper2026/netcdf_daily_1april2024_31march2026/METOP-C_20240704_AN_DEP.nc
[445382] Saved daily NetCDFs for amsua_ofb_lwda_20240704_NH_SH_variables_filtered_lsm_lower02.odb
Saved summary: /perm/dnk8355/paper2026/netcdf_daily_1april2024_31march2026/METOP-B_20240705_summary.txt
Saved: /perm/dnk8355/paper2026/netcdf_daily_1april2024_31march2026/METOP-B_20240705_OBSVALUE.nc
Saved: /perm/dnk8355/paper2026/netcdf_daily_1april2024_31march2026/METOP-B_20240705_EMIS_WATER.nc
Saved: /perm/dnk8355/paper2026/netcdf_daily_1april2024_31march2026/METOP-B_20240705_TAUSFC.nc
Saved: /perm/dnk8355/paper2026/netcdf_daily_1april2024_31march2026/METOP-B_20240705_TDOWN.nc
Saved: /perm/dnk8355/paper2026/netcdf_daily_1april2024_31march2026/METOP-B_20240705_TUP.nc
Saved: /perm/dnk8355/paper2026/netcdf_daily_1april2024_31march2026/METOP-B_20240705_TAUSFC_CLD.nc
Saved: /perm/dnk8355/paper2026/netcdf_daily_1april2024_31march2026/METOP-B_20240705_TDOWN_CLD.nc
Saved: /perm/dnk8355/paper2026/netcdf_daily_1april2024_31march2026/METOP-B_20240705_TUP_CLD.nc
Saved: /perm/dnk8355/paper2026/netcdf_daily_1april2024_31march2026/METOP-B_20240705_FG_DEP.nc
Saved: /perm/dnk8355/paper2026/netcdf_daily_1april2024_31march2026/METOP-B_20240705_AN_DEP.nc
Saved summary: /perm/dnk8355/paper2026/netcdf_daily_1april2024_31march2026/METOP-C_20240705_summary.txt
Saved: /perm/dnk8355/paper2026/netcdf_daily_1april2024_31march2026/METOP-C_20240705_OBSVALUE.nc
Saved: /perm/dnk8355/paper2026/netcdf_daily_1april2024_31march2026/METOP-C_20240705_EMIS_WATER.nc
Saved: /perm/dnk8355/paper2026/netcdf_daily_1april2024_31march2026/METOP-C_20240705_TAUSFC.nc
Saved: /perm/dnk8355/paper2026/netcdf_daily_1april2024_31march2026/METOP-C_20240705_TDOWN.nc
Saved: /perm/dnk8355/paper2026/netcdf_daily_1april2024_31march2026/METOP-C_20240705_TUP.nc
Saved: /perm/dnk8355/paper2026/netcdf_daily_1april2024_31march2026/METOP-C_20240705_TAUSFC_CLD.nc
Saved: /perm/dnk8355/paper2026/netcdf_daily_1april2024_31march2026/METOP-C_20240705_TDOWN_CLD.nc
Saved: /perm/dnk8355/paper2026/netcdf_daily_1april2024_31march2026/METOP-C_20240705_TUP_CLD.nc
Saved: /perm/dnk8355/paper2026/netcdf_daily_1april2024_31march2026/METOP-C_20240705_FG_DEP.nc
Saved: /perm/dnk8355/paper2026/netcdf_daily_1april2024_31march2026/METOP-C_20240705_AN_DEP.nc
[445382] Saved daily NetCDFs for amsua_ofb_lwda_20240705_NH_SH_variables_filtered_lsm_lower02.odb
Saved summary: /perm/dnk8355/paper2026/netcdf_daily_1april2024_31march2026/METOP-B_20240706_summary.txt
Saved: /perm/dnk8355/paper2026/netcdf_daily_1april2024_31march2026/METOP-B_20240706_OBSVALUE.nc
Saved: /perm/dnk8355/paper2026/netcdf_daily_1april2024_31march2026/METOP-B_20240706_EMIS_WATER.nc
Saved: /perm/dnk8355/paper2026/netcdf_daily_1april2024_31march2026/METOP-B_20240706_TAUSFC.nc
Saved: /perm/dnk8355/paper2026/netcdf_daily_1april2024_31march2026/METOP-B_20240706_TDOWN.nc
Saved: /perm/dnk8355/paper2026/netcdf_daily_1april2024_31march2026/METOP-B_20240706_TUP.nc
Saved: /perm/dnk8355/paper2026/netcdf_daily_1april2024_31march2026/METOP-B_20240706_TAUSFC_CLD.nc
Saved: /perm/dnk8355/paper2026/netcdf_daily_1april2024_31march2026/METOP-B_20240706_TDOWN_CLD.nc
Saved: /perm/dnk8355/paper2026/netcdf_daily_1april2024_31march2026/METOP-B_20240706_TUP_CLD.nc
Saved: /perm/dnk8355/paper2026/netcdf_daily_1april2024_31march2026/METOP-B_20240706_FG_DEP.nc
Saved: /perm/dnk8355/paper2026/netcdf_daily_1april2024_31march2026/METOP-B_20240706_AN_DEP.nc
Saved summary: /perm/dnk8355/paper2026/netcdf_daily_1april2024_31march2026/METOP-C_20240706_summary.txt
Saved: /perm/dnk8355/paper2026/netcdf_daily_1april2024_31march2026/METOP-C_20240706_OBSVALUE.nc
Saved: /perm/dnk8355/paper2026/netcdf_daily_1april2024_31march2026/METOP-C_20240706_EMIS_WATER.nc
Saved: /perm/dnk8355/paper2026/netcdf_daily_1april2024_31march2026/METOP-C_20240706_TAUSFC.nc
Saved: /perm/dnk8355/paper2026/netcdf_daily_1april2024_31march2026/METOP-C_20240706_TDOWN.nc
Saved: /perm/dnk8355/paper2026/netcdf_daily_1april2024_31march2026/METOP-C_20240706_TUP.nc
Saved: /perm/dnk8355/paper2026/netcdf_daily_1april2024_31march2026/METOP-C_20240706_TAUSFC_CLD.nc
Saved: /perm/dnk8355/paper2026/netcdf_daily_1april2024_31march2026/METOP-C_20240706_TDOWN_CLD.nc
Saved: /perm/dnk8355/paper2026/netcdf_daily_1april2024_31march2026/METOP-C_20240706_TUP_CLD.nc
Saved: /perm/dnk8355/paper2026/netcdf_daily_1april2024_31march2026/METOP-C_20240706_FG_DEP.nc
Saved: /perm/dnk8355/paper2026/netcdf_daily_1april2024_31march2026/METOP-C_20240706_AN_DEP.nc
[445382] Saved daily NetCDFs for amsua_ofb_lwda_20240706_NH_SH_variables_filtered_lsm_lower02.odb
Saved summary: /perm/dnk8355/paper2026/netcdf_daily_1april2024_31march2026/METOP-B_20240707_summary.txt
Saved: /perm/dnk8355/paper2026/netcdf_daily_1april2024_31march2026/METOP-B_20240707_OBSVALUE.nc
Saved: /perm/dnk8355/paper2026/netcdf_daily_1april2024_31march2026/METOP-B_20240707_EMIS_WATER.nc
Saved: /perm/dnk8355/paper2026/netcdf_daily_1april2024_31march2026/METOP-B_20240707_TAUSFC.nc
Saved: /perm/dnk8355/paper2026/netcdf_daily_1april2024_31march2026/METOP-B_20240707_TDOWN.nc
Saved: /perm/dnk8355/paper2026/netcdf_daily_1april2024_31march2026/METOP-B_20240707_TUP.nc
Saved: /perm/dnk8355/paper2026/netcdf_daily_1april2024_31march2026/METOP-B_20240707_TAUSFC_CLD.nc
Saved: /perm/dnk8355/paper2026/netcdf_daily_1april2024_31march2026/METOP-B_20240707_TDOWN_CLD.nc
Saved: /perm/dnk8355/paper2026/netcdf_daily_1april2024_31march2026/METOP-B_20240707_TUP_CLD.nc
Saved: /perm/dnk8355/paper2026/netcdf_daily_1april2024_31march2026/METOP-B_20240707_FG_DEP.nc
Saved: /perm/dnk8355/paper2026/netcdf_daily_1april2024_31march2026/METOP-B_20240707_AN_DEP.nc
Saved summary: /perm/dnk8355/paper2026/netcdf_daily_1april2024_31march2026/METOP-C_20240707_summary.txt
Saved: /perm/dnk8355/paper2026/netcdf_daily_1april2024_31march2026/METOP-C_20240707_OBSVALUE.nc
Saved: /perm/dnk8355/paper2026/netcdf_daily_1april2024_31march2026/METOP-C_20240707_EMIS_WATER.nc
Saved: /perm/dnk8355/paper2026/netcdf_daily_1april2024_31march2026/METOP-C_20240707_TAUSFC.nc
Saved: /perm/dnk8355/paper2026/netcdf_daily_1april2024_31march2026/METOP-C_20240707_TDOWN.nc
Saved: /perm/dnk8355/paper2026/netcdf_daily_1april2024_31march2026/METOP-C_20240707_TUP.nc
Saved: /perm/dnk8355/paper2026/netcdf_daily_1april2024_31march2026/METOP-C_20240707_TAUSFC_CLD.nc
Saved: /perm/dnk8355/paper2026/netcdf_daily_1april2024_31march2026/METOP-C_20240707_TDOWN_CLD.nc
Saved: /perm/dnk8355/paper2026/netcdf_daily_1april2024_31march2026/METOP-C_20240707_TUP_CLD.nc
Saved: /perm/dnk8355/paper2026/netcdf_daily_1april2024_31march2026/METOP-C_20240707_FG_DEP.nc
Saved: /perm/dnk8355/paper2026/netcdf_daily_1april2024_31march2026/METOP-C_20240707_AN_DEP.nc
[445382] Saved daily NetCDFs for amsua_ofb_lwda_20240707_NH_SH_variables_filtered_lsm_lower02.odb
Saved summary: /perm/dnk8355/paper2026/netcdf_daily_1april2024_31march2026/METOP-B_20240708_summary.txt
Saved: /perm/dnk8355/paper2026/netcdf_daily_1april2024_31march2026/METOP-B_20240708_OBSVALUE.nc
Saved: /perm/dnk8355/paper2026/netcdf_daily_1april2024_31march2026/METOP-B_20240708_EMIS_WATER.nc
Saved: /perm/dnk8355/paper2026/netcdf_daily_1april2024_31march2026/METOP-B_20240708_TAUSFC.nc
Saved: /perm/dnk8355/paper2026/netcdf_daily_1april2024_31march2026/METOP-B_20240708_TDOWN.nc
Saved: /perm/dnk8355/paper2026/netcdf_daily_1april2024_31march2026/METOP-B_20240708_TUP.nc
Saved: /perm/dnk8355/paper2026/netcdf_daily_1april2024_31march2026/METOP-B_20240708_TAUSFC_CLD.nc
Saved: /perm/dnk8355/paper2026/netcdf_daily_1april2024_31march2026/METOP-B_20240708_TDOWN_CLD.nc
Saved: /perm/dnk8355/paper2026/netcdf_daily_1april2024_31march2026/METOP-B_20240708_TUP_CLD.nc
Saved: /perm/dnk8355/paper2026/netcdf_daily_1april2024_31march2026/METOP-B_20240708_FG_DEP.nc
Saved: /perm/dnk8355/paper2026/netcdf_daily_1april2024_31march2026/METOP-B_20240708_AN_DEP.nc
Saved summary: /perm/dnk8355/paper2026/netcdf_daily_1april2024_31march2026/METOP-C_20240708_summary.txt
Saved: /perm/dnk8355/paper2026/netcdf_daily_1april2024_31march2026/METOP-C_20240708_OBSVALUE.nc
Saved: /perm/dnk8355/paper2026/netcdf_daily_1april2024_31march2026/METOP-C_20240708_EMIS_WATER.nc
Saved: /perm/dnk8355/paper2026/netcdf_daily_1april2024_31march2026/METOP-C_20240708_TAUSFC.nc
Saved: /perm/dnk8355/paper2026/netcdf_daily_1april2024_31march2026/METOP-C_20240708_TDOWN.nc
Saved: /perm/dnk8355/paper2026/netcdf_daily_1april2024_31march2026/METOP-C_20240708_TUP.nc
Saved: /perm/dnk8355/paper2026/netcdf_daily_1april2024_31march2026/METOP-C_20240708_TAUSFC_CLD.nc
Saved: /perm/dnk8355/paper2026/netcdf_daily_1april2024_31march2026/METOP-C_20240708_TDOWN_CLD.nc
Saved: /perm/dnk8355/paper2026/netcdf_daily_1april2024_31march2026/METOP-C_20240708_TUP_CLD.nc
Saved: /perm/dnk8355/paper2026/netcdf_daily_1april2024_31march2026/METOP-C_20240708_FG_DEP.nc
Saved: /perm/dnk8355/paper2026/netcdf_daily_1april2024_31march2026/METOP-C_20240708_AN_DEP.nc
[445382] Saved daily NetCDFs for amsua_ofb_lwda_20240708_NH_SH_variables_filtered_lsm_lower02.odb
Saved summary: /perm/dnk8355/paper2026/netcdf_daily_1april2024_31march2026/METOP-B_20240709_summary.txt
Saved: /perm/dnk8355/paper2026/netcdf_daily_1april2024_31march2026/METOP-B_20240709_OBSVALUE.nc
Saved: /perm/dnk8355/paper2026/netcdf_daily_1april2024_31march2026/METOP-B_20240709_EMIS_WATER.nc
Saved: /perm/dnk8355/paper2026/netcdf_daily_1april2024_31march2026/METOP-B_20240709_TAUSFC.nc
Saved: /perm/dnk8355/paper2026/netcdf_daily_1april2024_31march2026/METOP-B_20240709_TDOWN.nc
Saved: /perm/dnk8355/paper2026/netcdf_daily_1april2024_31march2026/METOP-B_20240709_TUP.nc
Saved: /perm/dnk8355/paper2026/netcdf_daily_1april2024_31march2026/METOP-B_20240709_TAUSFC_CLD.nc
Saved: /perm/dnk8355/paper2026/netcdf_daily_1april2024_31march2026/METOP-B_20240709_TDOWN_CLD.nc
Saved: /perm/dnk8355/paper2026/netcdf_daily_1april2024_31march2026/METOP-B_20240709_TUP_CLD.nc
Saved: /perm/dnk8355/paper2026/netcdf_daily_1april2024_31march2026/METOP-B_20240709_FG_DEP.nc
Saved: /perm/dnk8355/paper2026/netcdf_daily_1april2024_31march2026/METOP-B_20240709_AN_DEP.nc
Saved summary: /perm/dnk8355/paper2026/netcdf_daily_1april2024_31march2026/METOP-C_20240709_summary.txt
Saved: /perm/dnk8355/paper2026/netcdf_daily_1april2024_31march2026/METOP-C_20240709_OBSVALUE.nc
Saved: /perm/dnk8355/paper2026/netcdf_daily_1april2024_31march2026/METOP-C_20240709_EMIS_WATER.nc
Saved: /perm/dnk8355/paper2026/netcdf_daily_1april2024_31march2026/METOP-C_20240709_TAUSFC.nc
Saved: /perm/dnk8355/paper2026/netcdf_daily_1april2024_31march2026/METOP-C_20240709_TDOWN.nc
Saved: /perm/dnk8355/paper2026/netcdf_daily_1april2024_31march2026/METOP-C_20240709_TUP.nc
Saved: /perm/dnk8355/paper2026/netcdf_daily_1april2024_31march2026/METOP-C_20240709_TAUSFC_CLD.nc
Saved: /perm/dnk8355/paper2026/netcdf_daily_1april2024_31march2026/METOP-C_20240709_TDOWN_CLD.nc
Saved: /perm/dnk8355/paper2026/netcdf_daily_1april2024_31march2026/METOP-C_20240709_TUP_CLD.nc
Saved: /perm/dnk8355/paper2026/netcdf_daily_1april2024_31march2026/METOP-C_20240709_FG_DEP.nc
Saved: /perm/dnk8355/paper2026/netcdf_daily_1april2024_31march2026/METOP-C_20240709_AN_DEP.nc
[445382] Saved daily NetCDFs for amsua_ofb_lwda_20240709_NH_SH_variables_filtered_lsm_lower02.odb
Saved summary: /perm/dnk8355/paper2026/netcdf_daily_1april2024_31march2026/METOP-B_20240710_summary.txt
Saved: /perm/dnk8355/paper2026/netcdf_daily_1april2024_31march2026/METOP-B_20240710_OBSVALUE.nc
Saved: /perm/dnk8355/paper2026/netcdf_daily_1april2024_31march2026/METOP-B_20240710_EMIS_WATER.nc
Saved: /perm/dnk8355/paper2026/netcdf_daily_1april2024_31march2026/METOP-B_20240710_TAUSFC.nc
Saved: /perm/dnk8355/paper2026/netcdf_daily_1april2024_31march2026/METOP-B_20240710_TDOWN.nc
Saved: /perm/dnk8355/paper2026/netcdf_daily_1april2024_31march2026/METOP-B_20240710_TUP.nc
Saved: /perm/dnk8355/paper2026/netcdf_daily_1april2024_31march2026/METOP-B_20240710_TAUSFC_CLD.nc
Saved: /perm/dnk8355/paper2026/netcdf_daily_1april2024_31march2026/METOP-B_20240710_TDOWN_CLD.nc
Saved: /perm/dnk8355/paper2026/netcdf_daily_1april2024_31march2026/METOP-B_20240710_TUP_CLD.nc
Saved: /perm/dnk8355/paper2026/netcdf_daily_1april2024_31march2026/METOP-B_20240710_FG_DEP.nc
Saved: /perm/dnk8355/paper2026/netcdf_daily_1april2024_31march2026/METOP-B_20240710_AN_DEP.nc
Saved summary: /perm/dnk8355/paper2026/netcdf_daily_1april2024_31march2026/METOP-C_20240710_summary.txt
Saved: /perm/dnk8355/paper2026/netcdf_daily_1april2024_31march2026/METOP-C_20240710_OBSVALUE.nc
Saved: /perm/dnk8355/paper2026/netcdf_daily_1april2024_31march2026/METOP-C_20240710_EMIS_WATER.nc
Saved: /perm/dnk8355/paper2026/netcdf_daily_1april2024_31march2026/METOP-C_20240710_TAUSFC.nc
Saved: /perm/dnk8355/paper2026/netcdf_daily_1april2024_31march2026/METOP-C_20240710_TDOWN.nc
Saved: /perm/dnk8355/paper2026/netcdf_daily_1april2024_31march2026/METOP-C_20240710_TUP.nc
Saved: /perm/dnk8355/paper2026/netcdf_daily_1april2024_31march2026/METOP-C_20240710_TAUSFC_CLD.nc
Saved: /perm/dnk8355/paper2026/netcdf_daily_1april2024_31march2026/METOP-C_20240710_TDOWN_CLD.nc
Saved: /perm/dnk8355/paper2026/netcdf_daily_1april2024_31march2026/METOP-C_20240710_TUP_CLD.nc
Saved: /perm/dnk8355/paper2026/netcdf_daily_1april2024_31march2026/METOP-C_20240710_FG_DEP.nc
Saved: /perm/dnk8355/paper2026/netcdf_daily_1april2024_31march2026/METOP-C_20240710_AN_DEP.nc
[445382] Saved daily NetCDFs for amsua_ofb_lwda_20240710_NH_SH_variables_filtered_lsm_lower02.odb
Saved summary: /perm/dnk8355/paper2026/netcdf_daily_1april2024_31march2026/METOP-B_20240711_summary.txt
Saved: /perm/dnk8355/paper2026/netcdf_daily_1april2024_31march2026/METOP-B_20240711_OBSVALUE.nc
Saved: /perm/dnk8355/paper2026/netcdf_daily_1april2024_31march2026/METOP-B_20240711_EMIS_WATER.nc
Saved: /perm/dnk8355/paper2026/netcdf_daily_1april2024_31march2026/METOP-B_20240711_TAUSFC.nc
Saved: /perm/dnk8355/paper2026/netcdf_daily_1april2024_31march2026/METOP-B_20240711_TDOWN.nc
Saved: /perm/dnk8355/paper2026/netcdf_daily_1april2024_31march2026/METOP-B_20240711_TUP.nc
Saved: /perm/dnk8355/paper2026/netcdf_daily_1april2024_31march2026/METOP-B_20240711_TAUSFC_CLD.nc
Saved: /perm/dnk8355/paper2026/netcdf_daily_1april2024_31march2026/METOP-B_20240711_TDOWN_CLD.nc
Saved: /perm/dnk8355/paper2026/netcdf_daily_1april2024_31march2026/METOP-B_20240711_TUP_CLD.nc
Saved: /perm/dnk8355/paper2026/netcdf_daily_1april2024_31march2026/METOP-B_20240711_FG_DEP.nc
Saved: /perm/dnk8355/paper2026/netcdf_daily_1april2024_31march2026/METOP-B_20240711_AN_DEP.nc
Saved summary: /perm/dnk8355/paper2026/netcdf_daily_1april2024_31march2026/METOP-C_20240711_summary.txt
Saved: /perm/dnk8355/paper2026/netcdf_daily_1april2024_31march2026/METOP-C_20240711_OBSVALUE.nc
Saved: /perm/dnk8355/paper2026/netcdf_daily_1april2024_31march2026/METOP-C_20240711_EMIS_WATER.nc
Saved: /perm/dnk8355/paper2026/netcdf_daily_1april2024_31march2026/METOP-C_20240711_TAUSFC.nc
Saved: /perm/dnk8355/paper2026/netcdf_daily_1april2024_31march2026/METOP-C_20240711_TDOWN.nc
Saved: /perm/dnk8355/paper2026/netcdf_daily_1april2024_31march2026/METOP-C_20240711_TUP.nc
Saved: /perm/dnk8355/paper2026/netcdf_daily_1april2024_31march2026/METOP-C_20240711_TAUSFC_CLD.nc
Saved: /perm/dnk8355/paper2026/netcdf_daily_1april2024_31march2026/METOP-C_20240711_TDOWN_CLD.nc
Saved: /perm/dnk8355/paper2026/netcdf_daily_1april2024_31march2026/METOP-C_20240711_TUP_CLD.nc
Saved: /perm/dnk8355/paper2026/netcdf_daily_1april2024_31march2026/METOP-C_20240711_FG_DEP.nc
Saved: /perm/dnk8355/paper2026/netcdf_daily_1april2024_31march2026/METOP-C_20240711_AN_DEP.nc
[445382] Saved daily NetCDFs for amsua_ofb_lwda_20240711_NH_SH_variables_filtered_lsm_lower02.odb
Saved summary: /perm/dnk8355/paper2026/netcdf_daily_1april2024_31march2026/METOP-B_20240712_summary.txt
Saved: /perm/dnk8355/paper2026/netcdf_daily_1april2024_31march2026/METOP-B_20240712_OBSVALUE.nc
Saved: /perm/dnk8355/paper2026/netcdf_daily_1april2024_31march2026/METOP-B_20240712_EMIS_WATER.nc
Saved: /perm/dnk8355/paper2026/netcdf_daily_1april2024_31march2026/METOP-B_20240712_TAUSFC.nc
Saved: /perm/dnk8355/paper2026/netcdf_daily_1april2024_31march2026/METOP-B_20240712_TDOWN.nc
Saved: /perm/dnk8355/paper2026/netcdf_daily_1april2024_31march2026/METOP-B_20240712_TUP.nc
Saved: /perm/dnk8355/paper2026/netcdf_daily_1april2024_31march2026/METOP-B_20240712_TAUSFC_CLD.nc
Saved: /perm/dnk8355/paper2026/netcdf_daily_1april2024_31march2026/METOP-B_20240712_TDOWN_CLD.nc
Saved: /perm/dnk8355/paper2026/netcdf_daily_1april2024_31march2026/METOP-B_20240712_TUP_CLD.nc
Saved: /perm/dnk8355/paper2026/netcdf_daily_1april2024_31march2026/METOP-B_20240712_FG_DEP.nc
Saved: /perm/dnk8355/paper2026/netcdf_daily_1april2024_31march2026/METOP-B_20240712_AN_DEP.nc
Saved summary: /perm/dnk8355/paper2026/netcdf_daily_1april2024_31march2026/METOP-C_20240712_summary.txt
Saved: /perm/dnk8355/paper2026/netcdf_daily_1april2024_31march2026/METOP-C_20240712_OBSVALUE.nc
Saved: /perm/dnk8355/paper2026/netcdf_daily_1april2024_31march2026/METOP-C_20240712_EMIS_WATER.nc
Saved: /perm/dnk8355/paper2026/netcdf_daily_1april2024_31march2026/METOP-C_20240712_TAUSFC.nc
Saved: /perm/dnk8355/paper2026/netcdf_daily_1april2024_31march2026/METOP-C_20240712_TDOWN.nc
Saved: /perm/dnk8355/paper2026/netcdf_daily_1april2024_31march2026/METOP-C_20240712_TUP.nc
Saved: /perm/dnk8355/paper2026/netcdf_daily_1april2024_31march2026/METOP-C_20240712_TAUSFC_CLD.nc
Saved: /perm/dnk8355/paper2026/netcdf_daily_1april2024_31march2026/METOP-C_20240712_TDOWN_CLD.nc
Saved: /perm/dnk8355/paper2026/netcdf_daily_1april2024_31march2026/METOP-C_20240712_TUP_CLD.nc
Saved: /perm/dnk8355/paper2026/netcdf_daily_1april2024_31march2026/METOP-C_20240712_FG_DEP.nc
Saved: /perm/dnk8355/paper2026/netcdf_daily_1april2024_31march2026/METOP-C_20240712_AN_DEP.nc
[445382] Saved daily NetCDFs for amsua_ofb_lwda_20240712_NH_SH_variables_filtered_lsm_lower02.odb
Saved summary: /perm/dnk8355/paper2026/netcdf_daily_1april2024_31march2026/METOP-B_20240713_summary.txt
Saved: /perm/dnk8355/paper2026/netcdf_daily_1april2024_31march2026/METOP-B_20240713_OBSVALUE.nc
Saved: /perm/dnk8355/paper2026/netcdf_daily_1april2024_31march2026/METOP-B_20240713_EMIS_WATER.nc
Saved: /perm/dnk8355/paper2026/netcdf_daily_1april2024_31march2026/METOP-B_20240713_TAUSFC.nc
Saved: /perm/dnk8355/paper2026/netcdf_daily_1april2024_31march2026/METOP-B_20240713_TDOWN.nc
Saved: /perm/dnk8355/paper2026/netcdf_daily_1april2024_31march2026/METOP-B_20240713_TUP.nc
Saved: /perm/dnk8355/paper2026/netcdf_daily_1april2024_31march2026/METOP-B_20240713_TAUSFC_CLD.nc
Saved: /perm/dnk8355/paper2026/netcdf_daily_1april2024_31march2026/METOP-B_20240713_TDOWN_CLD.nc
Saved: /perm/dnk8355/paper2026/netcdf_daily_1april2024_31march2026/METOP-B_20240713_TUP_CLD.nc
Saved: /perm/dnk8355/paper2026/netcdf_daily_1april2024_31march2026/METOP-B_20240713_FG_DEP.nc
Saved: /perm/dnk8355/paper2026/netcdf_daily_1april2024_31march2026/METOP-B_20240713_AN_DEP.nc
Saved summary: /perm/dnk8355/paper2026/netcdf_daily_1april2024_31march2026/METOP-C_20240713_summary.txt
Saved: /perm/dnk8355/paper2026/netcdf_daily_1april2024_31march2026/METOP-C_20240713_OBSVALUE.nc
Saved: /perm/dnk8355/paper2026/netcdf_daily_1april2024_31march2026/METOP-C_20240713_EMIS_WATER.nc
Saved: /perm/dnk8355/paper2026/netcdf_daily_1april2024_31march2026/METOP-C_20240713_TAUSFC.nc
Saved: /perm/dnk8355/paper2026/netcdf_daily_1april2024_31march2026/METOP-C_20240713_TDOWN.nc
Saved: /perm/dnk8355/paper2026/netcdf_daily_1april2024_31march2026/METOP-C_20240713_TUP.nc
Saved: /perm/dnk8355/paper2026/netcdf_daily_1april2024_31march2026/METOP-C_20240713_TAUSFC_CLD.nc
Saved: /perm/dnk8355/paper2026/netcdf_daily_1april2024_31march2026/METOP-C_20240713_TDOWN_CLD.nc
Saved: /perm/dnk8355/paper2026/netcdf_daily_1april2024_31march2026/METOP-C_20240713_TUP_CLD.nc
Saved: /perm/dnk8355/paper2026/netcdf_daily_1april2024_31march2026/METOP-C_20240713_FG_DEP.nc
Saved: /perm/dnk8355/paper2026/netcdf_daily_1april2024_31march2026/METOP-C_20240713_AN_DEP.nc
[445382] Saved daily NetCDFs for amsua_ofb_lwda_20240713_NH_SH_variables_filtered_lsm_lower02.odb
Saved summary: /perm/dnk8355/paper2026/netcdf_daily_1april2024_31march2026/METOP-B_20240714_summary.txt
Saved: /perm/dnk8355/paper2026/netcdf_daily_1april2024_31march2026/METOP-B_20240714_OBSVALUE.nc
Saved: /perm/dnk8355/paper2026/netcdf_daily_1april2024_31march2026/METOP-B_20240714_EMIS_WATER.nc
Saved: /perm/dnk8355/paper2026/netcdf_daily_1april2024_31march2026/METOP-B_20240714_TAUSFC.nc
Saved: /perm/dnk8355/paper2026/netcdf_daily_1april2024_31march2026/METOP-B_20240714_TDOWN.nc
Saved: /perm/dnk8355/paper2026/netcdf_daily_1april2024_31march2026/METOP-B_20240714_TUP.nc
Saved: /perm/dnk8355/paper2026/netcdf_daily_1april2024_31march2026/METOP-B_20240714_TAUSFC_CLD.nc
Saved: /perm/dnk8355/paper2026/netcdf_daily_1april2024_31march2026/METOP-B_20240714_TDOWN_CLD.nc
Saved: /perm/dnk8355/paper2026/netcdf_daily_1april2024_31march2026/METOP-B_20240714_TUP_CLD.nc
Saved: /perm/dnk8355/paper2026/netcdf_daily_1april2024_31march2026/METOP-B_20240714_FG_DEP.nc
Saved: /perm/dnk8355/paper2026/netcdf_daily_1april2024_31march2026/METOP-B_20240714_AN_DEP.nc
Saved summary: /perm/dnk8355/paper2026/netcdf_daily_1april2024_31march2026/METOP-C_20240714_summary.txt
Saved: /perm/dnk8355/paper2026/netcdf_daily_1april2024_31march2026/METOP-C_20240714_OBSVALUE.nc
Saved: /perm/dnk8355/paper2026/netcdf_daily_1april2024_31march2026/METOP-C_20240714_EMIS_WATER.nc
Saved: /perm/dnk8355/paper2026/netcdf_daily_1april2024_31march2026/METOP-C_20240714_TAUSFC.nc
Saved: /perm/dnk8355/paper2026/netcdf_daily_1april2024_31march2026/METOP-C_20240714_TDOWN.nc
Saved: /perm/dnk8355/paper2026/netcdf_daily_1april2024_31march2026/METOP-C_20240714_TUP.nc
Saved: /perm/dnk8355/paper2026/netcdf_daily_1april2024_31march2026/METOP-C_20240714_TAUSFC_CLD.nc
Saved: /perm/dnk8355/paper2026/netcdf_daily_1april2024_31march2026/METOP-C_20240714_TDOWN_CLD.nc
Saved: /perm/dnk8355/paper2026/netcdf_daily_1april2024_31march2026/METOP-C_20240714_TUP_CLD.nc
Saved: /perm/dnk8355/paper2026/netcdf_daily_1april2024_31march2026/METOP-C_20240714_FG_DEP.nc
Saved: /perm/dnk8355/paper2026/netcdf_daily_1april2024_31march2026/METOP-C_20240714_AN_DEP.nc
[445382] Saved daily NetCDFs for amsua_ofb_lwda_20240714_NH_SH_variables_filtered_lsm_lower02.odb
Saved summary: /perm/dnk8355/paper2026/netcdf_daily_1april2024_31march2026/METOP-B_20240715_summary.txt
Saved: /perm/dnk8355/paper2026/netcdf_daily_1april2024_31march2026/METOP-B_20240715_OBSVALUE.nc
Saved: /perm/dnk8355/paper2026/netcdf_daily_1april2024_31march2026/METOP-B_20240715_EMIS_WATER.nc
Saved: /perm/dnk8355/paper2026/netcdf_daily_1april2024_31march2026/METOP-B_20240715_TAUSFC.nc
Saved: /perm/dnk8355/paper2026/netcdf_daily_1april2024_31march2026/METOP-B_20240715_TDOWN.nc
Saved: /perm/dnk8355/paper2026/netcdf_daily_1april2024_31march2026/METOP-B_20240715_TUP.nc
Saved: /perm/dnk8355/paper2026/netcdf_daily_1april2024_31march2026/METOP-B_20240715_TAUSFC_CLD.nc
Saved: /perm/dnk8355/paper2026/netcdf_daily_1april2024_31march2026/METOP-B_20240715_TDOWN_CLD.nc
Saved: /perm/dnk8355/paper2026/netcdf_daily_1april2024_31march2026/METOP-B_20240715_TUP_CLD.nc
Saved: /perm/dnk8355/paper2026/netcdf_daily_1april2024_31march2026/METOP-B_20240715_FG_DEP.nc
Saved: /perm/dnk8355/paper2026/netcdf_daily_1april2024_31march2026/METOP-B_20240715_AN_DEP.nc
Saved summary: /perm/dnk8355/paper2026/netcdf_daily_1april2024_31march2026/METOP-C_20240715_summary.txt
Saved: /perm/dnk8355/paper2026/netcdf_daily_1april2024_31march2026/METOP-C_20240715_OBSVALUE.nc
Saved: /perm/dnk8355/paper2026/netcdf_daily_1april2024_31march2026/METOP-C_20240715_EMIS_WATER.nc
Saved: /perm/dnk8355/paper2026/netcdf_daily_1april2024_31march2026/METOP-C_20240715_TAUSFC.nc
Saved: /perm/dnk8355/paper2026/netcdf_daily_1april2024_31march2026/METOP-C_20240715_TDOWN.nc
Saved: /perm/dnk8355/paper2026/netcdf_daily_1april2024_31march2026/METOP-C_20240715_TUP.nc
Saved: /perm/dnk8355/paper2026/netcdf_daily_1april2024_31march2026/METOP-C_20240715_TAUSFC_CLD.nc
Saved: /perm/dnk8355/paper2026/netcdf_daily_1april2024_31march2026/METOP-C_20240715_TDOWN_CLD.nc
Saved: /perm/dnk8355/paper2026/netcdf_daily_1april2024_31march2026/METOP-C_20240715_TUP_CLD.nc
Saved: /perm/dnk8355/paper2026/netcdf_daily_1april2024_31march2026/METOP-C_20240715_FG_DEP.nc
Saved: /perm/dnk8355/paper2026/netcdf_daily_1april2024_31march2026/METOP-C_20240715_AN_DEP.nc
[445382] Saved daily NetCDFs for amsua_ofb_lwda_20240715_NH_SH_variables_filtered_lsm_lower02.odb
Saved summary: /perm/dnk8355/paper2026/netcdf_daily_1april2024_31march2026/METOP-B_20240716_summary.txt
Saved: /perm/dnk8355/paper2026/netcdf_daily_1april2024_31march2026/METOP-B_20240716_OBSVALUE.nc
Saved: /perm/dnk8355/paper2026/netcdf_daily_1april2024_31march2026/METOP-B_20240716_EMIS_WATER.nc
Saved: /perm/dnk8355/paper2026/netcdf_daily_1april2024_31march2026/METOP-B_20240716_TAUSFC.nc
Saved: /perm/dnk8355/paper2026/netcdf_daily_1april2024_31march2026/METOP-B_20240716_TDOWN.nc
Saved: /perm/dnk8355/paper2026/netcdf_daily_1april2024_31march2026/METOP-B_20240716_TUP.nc
Saved: /perm/dnk8355/paper2026/netcdf_daily_1april2024_31march2026/METOP-B_20240716_TAUSFC_CLD.nc
Saved: /perm/dnk8355/paper2026/netcdf_daily_1april2024_31march2026/METOP-B_20240716_TDOWN_CLD.nc
Saved: /perm/dnk8355/paper2026/netcdf_daily_1april2024_31march2026/METOP-B_20240716_TUP_CLD.nc
Saved: /perm/dnk8355/paper2026/netcdf_daily_1april2024_31march2026/METOP-B_20240716_FG_DEP.nc
Saved: /perm/dnk8355/paper2026/netcdf_daily_1april2024_31march2026/METOP-B_20240716_AN_DEP.nc
Saved summary: /perm/dnk8355/paper2026/netcdf_daily_1april2024_31march2026/METOP-C_20240716_summary.txt
Saved: /perm/dnk8355/paper2026/netcdf_daily_1april2024_31march2026/METOP-C_20240716_OBSVALUE.nc
Saved: /perm/dnk8355/paper2026/netcdf_daily_1april2024_31march2026/METOP-C_20240716_EMIS_WATER.nc
Saved: /perm/dnk8355/paper2026/netcdf_daily_1april2024_31march2026/METOP-C_20240716_TAUSFC.nc
Saved: /perm/dnk8355/paper2026/netcdf_daily_1april2024_31march2026/METOP-C_20240716_TDOWN.nc
Saved: /perm/dnk8355/paper2026/netcdf_daily_1april2024_31march2026/METOP-C_20240716_TUP.nc
Saved: /perm/dnk8355/paper2026/netcdf_daily_1april2024_31march2026/METOP-C_20240716_TAUSFC_CLD.nc
Saved: /perm/dnk8355/paper2026/netcdf_daily_1april2024_31march2026/METOP-C_20240716_TDOWN_CLD.nc
Saved: /perm/dnk8355/paper2026/netcdf_daily_1april2024_31march2026/METOP-C_20240716_TUP_CLD.nc
Saved: /perm/dnk8355/paper2026/netcdf_daily_1april2024_31march2026/METOP-C_20240716_FG_DEP.nc
Saved: /perm/dnk8355/paper2026/netcdf_daily_1april2024_31march2026/METOP-C_20240716_AN_DEP.nc
[445382] Saved daily NetCDFs for amsua_ofb_lwda_20240716_NH_SH_variables_filtered_lsm_lower02.odb
Saved summary: /perm/dnk8355/paper2026/netcdf_daily_1april2024_31march2026/METOP-B_20240717_summary.txt
Saved: /perm/dnk8355/paper2026/netcdf_daily_1april2024_31march2026/METOP-B_20240717_OBSVALUE.nc
Saved: /perm/dnk8355/paper2026/netcdf_daily_1april2024_31march2026/METOP-B_20240717_EMIS_WATER.nc
Saved: /perm/dnk8355/paper2026/netcdf_daily_1april2024_31march2026/METOP-B_20240717_TAUSFC.nc
Saved: /perm/dnk8355/paper2026/netcdf_daily_1april2024_31march2026/METOP-B_20240717_TDOWN.nc
Saved: /perm/dnk8355/paper2026/netcdf_daily_1april2024_31march2026/METOP-B_20240717_TUP.nc
Saved: /perm/dnk8355/paper2026/netcdf_daily_1april2024_31march2026/METOP-B_20240717_TAUSFC_CLD.nc
Saved: /perm/dnk8355/paper2026/netcdf_daily_1april2024_31march2026/METOP-B_20240717_TDOWN_CLD.nc
Saved: /perm/dnk8355/paper2026/netcdf_daily_1april2024_31march2026/METOP-B_20240717_TUP_CLD.nc
Saved: /perm/dnk8355/paper2026/netcdf_daily_1april2024_31march2026/METOP-B_20240717_FG_DEP.nc
Saved: /perm/dnk8355/paper2026/netcdf_daily_1april2024_31march2026/METOP-B_20240717_AN_DEP.nc
Saved summary: /perm/dnk8355/paper2026/netcdf_daily_1april2024_31march2026/METOP-C_20240717_summary.txt
Saved: /perm/dnk8355/paper2026/netcdf_daily_1april2024_31march2026/METOP-C_20240717_OBSVALUE.nc
Saved: /perm/dnk8355/paper2026/netcdf_daily_1april2024_31march2026/METOP-C_20240717_EMIS_WATER.nc
Saved: /perm/dnk8355/paper2026/netcdf_daily_1april2024_31march2026/METOP-C_20240717_TAUSFC.nc
Saved: /perm/dnk8355/paper2026/netcdf_daily_1april2024_31march2026/METOP-C_20240717_TDOWN.nc
Saved: /perm/dnk8355/paper2026/netcdf_daily_1april2024_31march2026/METOP-C_20240717_TUP.nc
Saved: /perm/dnk8355/paper2026/netcdf_daily_1april2024_31march2026/METOP-C_20240717_TAUSFC_CLD.nc
Saved: /perm/dnk8355/paper2026/netcdf_daily_1april2024_31march2026/METOP-C_20240717_TDOWN_CLD.nc
Saved: /perm/dnk8355/paper2026/netcdf_daily_1april2024_31march2026/METOP-C_20240717_TUP_CLD.nc
Saved: /perm/dnk8355/paper2026/netcdf_daily_1april2024_31march2026/METOP-C_20240717_FG_DEP.nc
Saved: /perm/dnk8355/paper2026/netcdf_daily_1april2024_31march2026/METOP-C_20240717_AN_DEP.nc
[445382] Saved daily NetCDFs for amsua_ofb_lwda_20240717_NH_SH_variables_filtered_lsm_lower02.odb
Saved summary: /perm/dnk8355/paper2026/netcdf_daily_1april2024_31march2026/METOP-B_20240718_summary.txt
Saved: /perm/dnk8355/paper2026/netcdf_daily_1april2024_31march2026/METOP-B_20240718_OBSVALUE.nc
Saved: /perm/dnk8355/paper2026/netcdf_daily_1april2024_31march2026/METOP-B_20240718_EMIS_WATER.nc
Saved: /perm/dnk8355/paper2026/netcdf_daily_1april2024_31march2026/METOP-B_20240718_TAUSFC.nc
Saved: /perm/dnk8355/paper2026/netcdf_daily_1april2024_31march2026/METOP-B_20240718_TDOWN.nc
Saved: /perm/dnk8355/paper2026/netcdf_daily_1april2024_31march2026/METOP-B_20240718_TUP.nc
Saved: /perm/dnk8355/paper2026/netcdf_daily_1april2024_31march2026/METOP-B_20240718_TAUSFC_CLD.nc
Saved: /perm/dnk8355/paper2026/netcdf_daily_1april2024_31march2026/METOP-B_20240718_TDOWN_CLD.nc
Saved: /perm/dnk8355/paper2026/netcdf_daily_1april2024_31march2026/METOP-B_20240718_TUP_CLD.nc
Saved: /perm/dnk8355/paper2026/netcdf_daily_1april2024_31march2026/METOP-B_20240718_FG_DEP.nc
Saved: /perm/dnk8355/paper2026/netcdf_daily_1april2024_31march2026/METOP-B_20240718_AN_DEP.nc
Saved summary: /perm/dnk8355/paper2026/netcdf_daily_1april2024_31march2026/METOP-C_20240718_summary.txt
Saved: /perm/dnk8355/paper2026/netcdf_daily_1april2024_31march2026/METOP-C_20240718_OBSVALUE.nc
Saved: /perm/dnk8355/paper2026/netcdf_daily_1april2024_31march2026/METOP-C_20240718_EMIS_WATER.nc
Saved: /perm/dnk8355/paper2026/netcdf_daily_1april2024_31march2026/METOP-C_20240718_TAUSFC.nc
Saved: /perm/dnk8355/paper2026/netcdf_daily_1april2024_31march2026/METOP-C_20240718_TDOWN.nc
Saved: /perm/dnk8355/paper2026/netcdf_daily_1april2024_31march2026/METOP-C_20240718_TUP.nc
Saved: /perm/dnk8355/paper2026/netcdf_daily_1april2024_31march2026/METOP-C_20240718_TAUSFC_CLD.nc
Saved: /perm/dnk8355/paper2026/netcdf_daily_1april2024_31march2026/METOP-C_20240718_TDOWN_CLD.nc
Saved: /perm/dnk8355/paper2026/netcdf_daily_1april2024_31march2026/METOP-C_20240718_TUP_CLD.nc
Saved: /perm/dnk8355/paper2026/netcdf_daily_1april2024_31march2026/METOP-C_20240718_FG_DEP.nc
Saved: /perm/dnk8355/paper2026/netcdf_daily_1april2024_31march2026/METOP-C_20240718_AN_DEP.nc
[445382] Saved daily NetCDFs for amsua_ofb_lwda_20240718_NH_SH_variables_filtered_lsm_lower02.odb
Saved summary: /perm/dnk8355/paper2026/netcdf_daily_1april2024_31march2026/METOP-B_20240719_summary.txt
Saved: /perm/dnk8355/paper2026/netcdf_daily_1april2024_31march2026/METOP-B_20240719_OBSVALUE.nc
Saved: /perm/dnk8355/paper2026/netcdf_daily_1april2024_31march2026/METOP-B_20240719_EMIS_WATER.nc
Saved: /perm/dnk8355/paper2026/netcdf_daily_1april2024_31march2026/METOP-B_20240719_TAUSFC.nc
Saved: /perm/dnk8355/paper2026/netcdf_daily_1april2024_31march2026/METOP-B_20240719_TDOWN.nc
Saved: /perm/dnk8355/paper2026/netcdf_daily_1april2024_31march2026/METOP-B_20240719_TUP.nc
Saved: /perm/dnk8355/paper2026/netcdf_daily_1april2024_31march2026/METOP-B_20240719_TAUSFC_CLD.nc
Saved: /perm/dnk8355/paper2026/netcdf_daily_1april2024_31march2026/METOP-B_20240719_TDOWN_CLD.nc
Saved: /perm/dnk8355/paper2026/netcdf_daily_1april2024_31march2026/METOP-B_20240719_TUP_CLD.nc
Saved: /perm/dnk8355/paper2026/netcdf_daily_1april2024_31march2026/METOP-B_20240719_FG_DEP.nc
Saved: /perm/dnk8355/paper2026/netcdf_daily_1april2024_31march2026/METOP-B_20240719_AN_DEP.nc
Saved summary: /perm/dnk8355/paper2026/netcdf_daily_1april2024_31march2026/METOP-C_20240719_summary.txt
Saved: /perm/dnk8355/paper2026/netcdf_daily_1april2024_31march2026/METOP-C_20240719_OBSVALUE.nc
Saved: /perm/dnk8355/paper2026/netcdf_daily_1april2024_31march2026/METOP-C_20240719_EMIS_WATER.nc
Saved: /perm/dnk8355/paper2026/netcdf_daily_1april2024_31march2026/METOP-C_20240719_TAUSFC.nc
Saved: /perm/dnk8355/paper2026/netcdf_daily_1april2024_31march2026/METOP-C_20240719_TDOWN.nc
Saved: /perm/dnk8355/paper2026/netcdf_daily_1april2024_31march2026/METOP-C_20240719_TUP.nc
Saved: /perm/dnk8355/paper2026/netcdf_daily_1april2024_31march2026/METOP-C_20240719_TAUSFC_CLD.nc
Saved: /perm/dnk8355/paper2026/netcdf_daily_1april2024_31march2026/METOP-C_20240719_TDOWN_CLD.nc
Saved: /perm/dnk8355/paper2026/netcdf_daily_1april2024_31march2026/METOP-C_20240719_TUP_CLD.nc
Saved: /perm/dnk8355/paper2026/netcdf_daily_1april2024_31march2026/METOP-C_20240719_FG_DEP.nc
Saved: /perm/dnk8355/paper2026/netcdf_daily_1april2024_31march2026/METOP-C_20240719_AN_DEP.nc
[445382] Saved daily NetCDFs for amsua_ofb_lwda_20240719_NH_SH_variables_filtered_lsm_lower02.odb
Saved summary: /perm/dnk8355/paper2026/netcdf_daily_1april2024_31march2026/METOP-B_20240720_summary.txt
Saved: /perm/dnk8355/paper2026/netcdf_daily_1april2024_31march2026/METOP-B_20240720_OBSVALUE.nc
Saved: /perm/dnk8355/paper2026/netcdf_daily_1april2024_31march2026/METOP-B_20240720_EMIS_WATER.nc
Saved: /perm/dnk8355/paper2026/netcdf_daily_1april2024_31march2026/METOP-B_20240720_TAUSFC.nc
Saved: /perm/dnk8355/paper2026/netcdf_daily_1april2024_31march2026/METOP-B_20240720_TDOWN.nc
Saved: /perm/dnk8355/paper2026/netcdf_daily_1april2024_31march2026/METOP-B_20240720_TUP.nc
Saved: /perm/dnk8355/paper2026/netcdf_daily_1april2024_31march2026/METOP-B_20240720_TAUSFC_CLD.nc
Saved: /perm/dnk8355/paper2026/netcdf_daily_1april2024_31march2026/METOP-B_20240720_TDOWN_CLD.nc
Saved: /perm/dnk8355/paper2026/netcdf_daily_1april2024_31march2026/METOP-B_20240720_TUP_CLD.nc
Saved: /perm/dnk8355/paper2026/netcdf_daily_1april2024_31march2026/METOP-B_20240720_FG_DEP.nc
Saved: /perm/dnk8355/paper2026/netcdf_daily_1april2024_31march2026/METOP-B_20240720_AN_DEP.nc
Saved summary: /perm/dnk8355/paper2026/netcdf_daily_1april2024_31march2026/METOP-C_20240720_summary.txt
Saved: /perm/dnk8355/paper2026/netcdf_daily_1april2024_31march2026/METOP-C_20240720_OBSVALUE.nc
Saved: /perm/dnk8355/paper2026/netcdf_daily_1april2024_31march2026/METOP-C_20240720_EMIS_WATER.nc
Saved: /perm/dnk8355/paper2026/netcdf_daily_1april2024_31march2026/METOP-C_20240720_TAUSFC.nc
Saved: /perm/dnk8355/paper2026/netcdf_daily_1april2024_31march2026/METOP-C_20240720_TDOWN.nc
Saved: /perm/dnk8355/paper2026/netcdf_daily_1april2024_31march2026/METOP-C_20240720_TUP.nc
Saved: /perm/dnk8355/paper2026/netcdf_daily_1april2024_31march2026/METOP-C_20240720_TAUSFC_CLD.nc
Saved: /perm/dnk8355/paper2026/netcdf_daily_1april2024_31march2026/METOP-C_20240720_TDOWN_CLD.nc
Saved: /perm/dnk8355/paper2026/netcdf_daily_1april2024_31march2026/METOP-C_20240720_TUP_CLD.nc
Saved: /perm/dnk8355/paper2026/netcdf_daily_1april2024_31march2026/METOP-C_20240720_FG_DEP.nc
Saved: /perm/dnk8355/paper2026/netcdf_daily_1april2024_31march2026/METOP-C_20240720_AN_DEP.nc
[445382] Saved daily NetCDFs for amsua_ofb_lwda_20240720_NH_SH_variables_filtered_lsm_lower02.odb
Saved summary: /perm/dnk8355/paper2026/netcdf_daily_1april2024_31march2026/METOP-B_20240721_summary.txt
Saved: /perm/dnk8355/paper2026/netcdf_daily_1april2024_31march2026/METOP-B_20240721_OBSVALUE.nc
Saved: /perm/dnk8355/paper2026/netcdf_daily_1april2024_31march2026/METOP-B_20240721_EMIS_WATER.nc
Saved: /perm/dnk8355/paper2026/netcdf_daily_1april2024_31march2026/METOP-B_20240721_TAUSFC.nc
Saved: /perm/dnk8355/paper2026/netcdf_daily_1april2024_31march2026/METOP-B_20240721_TDOWN.nc
Saved: /perm/dnk8355/paper2026/netcdf_daily_1april2024_31march2026/METOP-B_20240721_TUP.nc
Saved: /perm/dnk8355/paper2026/netcdf_daily_1april2024_31march2026/METOP-B_20240721_TAUSFC_CLD.nc
Saved: /perm/dnk8355/paper2026/netcdf_daily_1april2024_31march2026/METOP-B_20240721_TDOWN_CLD.nc
Saved: /perm/dnk8355/paper2026/netcdf_daily_1april2024_31march2026/METOP-B_20240721_TUP_CLD.nc
Saved: /perm/dnk8355/paper2026/netcdf_daily_1april2024_31march2026/METOP-B_20240721_FG_DEP.nc
Saved: /perm/dnk8355/paper2026/netcdf_daily_1april2024_31march2026/METOP-B_20240721_AN_DEP.nc
Saved summary: /perm/dnk8355/paper2026/netcdf_daily_1april2024_31march2026/METOP-C_20240721_summary.txt
Saved: /perm/dnk8355/paper2026/netcdf_daily_1april2024_31march2026/METOP-C_20240721_OBSVALUE.nc
Saved: /perm/dnk8355/paper2026/netcdf_daily_1april2024_31march2026/METOP-C_20240721_EMIS_WATER.nc
Saved: /perm/dnk8355/paper2026/netcdf_daily_1april2024_31march2026/METOP-C_20240721_TAUSFC.nc
Saved: /perm/dnk8355/paper2026/netcdf_daily_1april2024_31march2026/METOP-C_20240721_TDOWN.nc
Saved: /perm/dnk8355/paper2026/netcdf_daily_1april2024_31march2026/METOP-C_20240721_TUP.nc
Saved: /perm/dnk8355/paper2026/netcdf_daily_1april2024_31march2026/METOP-C_20240721_TAUSFC_CLD.nc
Saved: /perm/dnk8355/paper2026/netcdf_daily_1april2024_31march2026/METOP-C_20240721_TDOWN_CLD.nc
Saved: /perm/dnk8355/paper2026/netcdf_daily_1april2024_31march2026/METOP-C_20240721_TUP_CLD.nc
Saved: /perm/dnk8355/paper2026/netcdf_daily_1april2024_31march2026/METOP-C_20240721_FG_DEP.nc
Saved: /perm/dnk8355/paper2026/netcdf_daily_1april2024_31march2026/METOP-C_20240721_AN_DEP.nc
[445382] Saved daily NetCDFs for amsua_ofb_lwda_20240721_NH_SH_variables_filtered_lsm_lower02.odb
Saved summary: /perm/dnk8355/paper2026/netcdf_daily_1april2024_31march2026/METOP-B_20240722_summary.txt
Saved: /perm/dnk8355/paper2026/netcdf_daily_1april2024_31march2026/METOP-B_20240722_OBSVALUE.nc
Saved: /perm/dnk8355/paper2026/netcdf_daily_1april2024_31march2026/METOP-B_20240722_EMIS_WATER.nc
Saved: /perm/dnk8355/paper2026/netcdf_daily_1april2024_31march2026/METOP-B_20240722_TAUSFC.nc
Saved: /perm/dnk8355/paper2026/netcdf_daily_1april2024_31march2026/METOP-B_20240722_TDOWN.nc
Saved: /perm/dnk8355/paper2026/netcdf_daily_1april2024_31march2026/METOP-B_20240722_TUP.nc
Saved: /perm/dnk8355/paper2026/netcdf_daily_1april2024_31march2026/METOP-B_20240722_TAUSFC_CLD.nc
Saved: /perm/dnk8355/paper2026/netcdf_daily_1april2024_31march2026/METOP-B_20240722_TDOWN_CLD.nc
Saved: /perm/dnk8355/paper2026/netcdf_daily_1april2024_31march2026/METOP-B_20240722_TUP_CLD.nc
Saved: /perm/dnk8355/paper2026/netcdf_daily_1april2024_31march2026/METOP-B_20240722_FG_DEP.nc
Saved: /perm/dnk8355/paper2026/netcdf_daily_1april2024_31march2026/METOP-B_20240722_AN_DEP.nc
Saved summary: /perm/dnk8355/paper2026/netcdf_daily_1april2024_31march2026/METOP-C_20240722_summary.txt
Saved: /perm/dnk8355/paper2026/netcdf_daily_1april2024_31march2026/METOP-C_20240722_OBSVALUE.nc
Saved: /perm/dnk8355/paper2026/netcdf_daily_1april2024_31march2026/METOP-C_20240722_EMIS_WATER.nc
Saved: /perm/dnk8355/paper2026/netcdf_daily_1april2024_31march2026/METOP-C_20240722_TAUSFC.nc
Saved: /perm/dnk8355/paper2026/netcdf_daily_1april2024_31march2026/METOP-C_20240722_TDOWN.nc
Saved: /perm/dnk8355/paper2026/netcdf_daily_1april2024_31march2026/METOP-C_20240722_TUP.nc
Saved: /perm/dnk8355/paper2026/netcdf_daily_1april2024_31march2026/METOP-C_20240722_TAUSFC_CLD.nc
Saved: /perm/dnk8355/paper2026/netcdf_daily_1april2024_31march2026/METOP-C_20240722_TDOWN_CLD.nc
Saved: /perm/dnk8355/paper2026/netcdf_daily_1april2024_31march2026/METOP-C_20240722_TUP_CLD.nc
Saved: /perm/dnk8355/paper2026/netcdf_daily_1april2024_31march2026/METOP-C_20240722_FG_DEP.nc
Saved: /perm/dnk8355/paper2026/netcdf_daily_1april2024_31march2026/METOP-C_20240722_AN_DEP.nc
[445382] Saved daily NetCDFs for amsua_ofb_lwda_20240722_NH_SH_variables_filtered_lsm_lower02.odb
Saved summary: /perm/dnk8355/paper2026/netcdf_daily_1april2024_31march2026/METOP-B_20240723_summary.txt
Saved: /perm/dnk8355/paper2026/netcdf_daily_1april2024_31march2026/METOP-B_20240723_OBSVALUE.nc
Saved: /perm/dnk8355/paper2026/netcdf_daily_1april2024_31march2026/METOP-B_20240723_EMIS_WATER.nc
Saved: /perm/dnk8355/paper2026/netcdf_daily_1april2024_31march2026/METOP-B_20240723_TAUSFC.nc
Saved: /perm/dnk8355/paper2026/netcdf_daily_1april2024_31march2026/METOP-B_20240723_TDOWN.nc
Saved: /perm/dnk8355/paper2026/netcdf_daily_1april2024_31march2026/METOP-B_20240723_TUP.nc
Saved: /perm/dnk8355/paper2026/netcdf_daily_1april2024_31march2026/METOP-B_20240723_TAUSFC_CLD.nc
Saved: /perm/dnk8355/paper2026/netcdf_daily_1april2024_31march2026/METOP-B_20240723_TDOWN_CLD.nc
Saved: /perm/dnk8355/paper2026/netcdf_daily_1april2024_31march2026/METOP-B_20240723_TUP_CLD.nc
Saved: /perm/dnk8355/paper2026/netcdf_daily_1april2024_31march2026/METOP-B_20240723_FG_DEP.nc
Saved: /perm/dnk8355/paper2026/netcdf_daily_1april2024_31march2026/METOP-B_20240723_AN_DEP.nc
Saved summary: /perm/dnk8355/paper2026/netcdf_daily_1april2024_31march2026/METOP-C_20240723_summary.txt
Saved: /perm/dnk8355/paper2026/netcdf_daily_1april2024_31march2026/METOP-C_20240723_OBSVALUE.nc
Saved: /perm/dnk8355/paper2026/netcdf_daily_1april2024_31march2026/METOP-C_20240723_EMIS_WATER.nc
Saved: /perm/dnk8355/paper2026/netcdf_daily_1april2024_31march2026/METOP-C_20240723_TAUSFC.nc
Saved: /perm/dnk8355/paper2026/netcdf_daily_1april2024_31march2026/METOP-C_20240723_TDOWN.nc
Saved: /perm/dnk8355/paper2026/netcdf_daily_1april2024_31march2026/METOP-C_20240723_TUP.nc
Saved: /perm/dnk8355/paper2026/netcdf_daily_1april2024_31march2026/METOP-C_20240723_TAUSFC_CLD.nc
Saved: /perm/dnk8355/paper2026/netcdf_daily_1april2024_31march2026/METOP-C_20240723_TDOWN_CLD.nc
Saved: /perm/dnk8355/paper2026/netcdf_daily_1april2024_31march2026/METOP-C_20240723_TUP_CLD.nc
Saved: /perm/dnk8355/paper2026/netcdf_daily_1april2024_31march2026/METOP-C_20240723_FG_DEP.nc
Saved: /perm/dnk8355/paper2026/netcdf_daily_1april2024_31march2026/METOP-C_20240723_AN_DEP.nc
[445382] Saved daily NetCDFs for amsua_ofb_lwda_20240723_NH_SH_variables_filtered_lsm_lower02.odb
Saved summary: /perm/dnk8355/paper2026/netcdf_daily_1april2024_31march2026/METOP-B_20240724_summary.txt
Saved: /perm/dnk8355/paper2026/netcdf_daily_1april2024_31march2026/METOP-B_20240724_OBSVALUE.nc
Saved: /perm/dnk8355/paper2026/netcdf_daily_1april2024_31march2026/METOP-B_20240724_EMIS_WATER.nc
Saved: /perm/dnk8355/paper2026/netcdf_daily_1april2024_31march2026/METOP-B_20240724_TAUSFC.nc
Saved: /perm/dnk8355/paper2026/netcdf_daily_1april2024_31march2026/METOP-B_20240724_TDOWN.nc
Saved: /perm/dnk8355/paper2026/netcdf_daily_1april2024_31march2026/METOP-B_20240724_TUP.nc
Saved: /perm/dnk8355/paper2026/netcdf_daily_1april2024_31march2026/METOP-B_20240724_TAUSFC_CLD.nc
Saved: /perm/dnk8355/paper2026/netcdf_daily_1april2024_31march2026/METOP-B_20240724_TDOWN_CLD.nc
Saved: /perm/dnk8355/paper2026/netcdf_daily_1april2024_31march2026/METOP-B_20240724_TUP_CLD.nc
Saved: /perm/dnk8355/paper2026/netcdf_daily_1april2024_31march2026/METOP-B_20240724_FG_DEP.nc
Saved: /perm/dnk8355/paper2026/netcdf_daily_1april2024_31march2026/METOP-B_20240724_AN_DEP.nc
Saved summary: /perm/dnk8355/paper2026/netcdf_daily_1april2024_31march2026/METOP-C_20240724_summary.txt
Saved: /perm/dnk8355/paper2026/netcdf_daily_1april2024_31march2026/METOP-C_20240724_OBSVALUE.nc
Saved: /perm/dnk8355/paper2026/netcdf_daily_1april2024_31march2026/METOP-C_20240724_EMIS_WATER.nc
Saved: /perm/dnk8355/paper2026/netcdf_daily_1april2024_31march2026/METOP-C_20240724_TAUSFC.nc
Saved: /perm/dnk8355/paper2026/netcdf_daily_1april2024_31march2026/METOP-C_20240724_TDOWN.nc
Saved: /perm/dnk8355/paper2026/netcdf_daily_1april2024_31march2026/METOP-C_20240724_TUP.nc
Saved: /perm/dnk8355/paper2026/netcdf_daily_1april2024_31march2026/METOP-C_20240724_TAUSFC_CLD.nc
Saved: /perm/dnk8355/paper2026/netcdf_daily_1april2024_31march2026/METOP-C_20240724_TDOWN_CLD.nc
Saved: /perm/dnk8355/paper2026/netcdf_daily_1april2024_31march2026/METOP-C_20240724_TUP_CLD.nc
Saved: /perm/dnk8355/paper2026/netcdf_daily_1april2024_31march2026/METOP-C_20240724_FG_DEP.nc
Saved: /perm/dnk8355/paper2026/netcdf_daily_1april2024_31march2026/METOP-C_20240724_AN_DEP.nc
[445382] Saved daily NetCDFs for amsua_ofb_lwda_20240724_NH_SH_variables_filtered_lsm_lower02.odb
Saved summary: /perm/dnk8355/paper2026/netcdf_daily_1april2024_31march2026/METOP-B_20240725_summary.txt
Saved: /perm/dnk8355/paper2026/netcdf_daily_1april2024_31march2026/METOP-B_20240725_OBSVALUE.nc
Saved: /perm/dnk8355/paper2026/netcdf_daily_1april2024_31march2026/METOP-B_20240725_EMIS_WATER.nc
Saved: /perm/dnk8355/paper2026/netcdf_daily_1april2024_31march2026/METOP-B_20240725_TAUSFC.nc
Saved: /perm/dnk8355/paper2026/netcdf_daily_1april2024_31march2026/METOP-B_20240725_TDOWN.nc
Saved: /perm/dnk8355/paper2026/netcdf_daily_1april2024_31march2026/METOP-B_20240725_TUP.nc
Saved: /perm/dnk8355/paper2026/netcdf_daily_1april2024_31march2026/METOP-B_20240725_TAUSFC_CLD.nc
Saved: /perm/dnk8355/paper2026/netcdf_daily_1april2024_31march2026/METOP-B_20240725_TDOWN_CLD.nc
Saved: /perm/dnk8355/paper2026/netcdf_daily_1april2024_31march2026/METOP-B_20240725_TUP_CLD.nc
Saved: /perm/dnk8355/paper2026/netcdf_daily_1april2024_31march2026/METOP-B_20240725_FG_DEP.nc
Saved: /perm/dnk8355/paper2026/netcdf_daily_1april2024_31march2026/METOP-B_20240725_AN_DEP.nc
Saved summary: /perm/dnk8355/paper2026/netcdf_daily_1april2024_31march2026/METOP-C_20240725_summary.txt
Saved: /perm/dnk8355/paper2026/netcdf_daily_1april2024_31march2026/METOP-C_20240725_OBSVALUE.nc
Saved: /perm/dnk8355/paper2026/netcdf_daily_1april2024_31march2026/METOP-C_20240725_EMIS_WATER.nc
Saved: /perm/dnk8355/paper2026/netcdf_daily_1april2024_31march2026/METOP-C_20240725_TAUSFC.nc
Saved: /perm/dnk8355/paper2026/netcdf_daily_1april2024_31march2026/METOP-C_20240725_TDOWN.nc
Saved: /perm/dnk8355/paper2026/netcdf_daily_1april2024_31march2026/METOP-C_20240725_TUP.nc
Saved: /perm/dnk8355/paper2026/netcdf_daily_1april2024_31march2026/METOP-C_20240725_TAUSFC_CLD.nc
Saved: /perm/dnk8355/paper2026/netcdf_daily_1april2024_31march2026/METOP-C_20240725_TDOWN_CLD.nc
Saved: /perm/dnk8355/paper2026/netcdf_daily_1april2024_31march2026/METOP-C_20240725_TUP_CLD.nc
Saved: /perm/dnk8355/paper2026/netcdf_daily_1april2024_31march2026/METOP-C_20240725_FG_DEP.nc
Saved: /perm/dnk8355/paper2026/netcdf_daily_1april2024_31march2026/METOP-C_20240725_AN_DEP.nc
[445382] Saved daily NetCDFs for amsua_ofb_lwda_20240725_NH_SH_variables_filtered_lsm_lower02.odb
Saved summary: /perm/dnk8355/paper2026/netcdf_daily_1april2024_31march2026/METOP-B_20240726_summary.txt
Saved: /perm/dnk8355/paper2026/netcdf_daily_1april2024_31march2026/METOP-B_20240726_OBSVALUE.nc
Saved: /perm/dnk8355/paper2026/netcdf_daily_1april2024_31march2026/METOP-B_20240726_EMIS_WATER.nc
Saved: /perm/dnk8355/paper2026/netcdf_daily_1april2024_31march2026/METOP-B_20240726_TAUSFC.nc
Saved: /perm/dnk8355/paper2026/netcdf_daily_1april2024_31march2026/METOP-B_20240726_TDOWN.nc
Saved: /perm/dnk8355/paper2026/netcdf_daily_1april2024_31march2026/METOP-B_20240726_TUP.nc
Saved: /perm/dnk8355/paper2026/netcdf_daily_1april2024_31march2026/METOP-B_20240726_TAUSFC_CLD.nc
Saved: /perm/dnk8355/paper2026/netcdf_daily_1april2024_31march2026/METOP-B_20240726_TDOWN_CLD.nc
Saved: /perm/dnk8355/paper2026/netcdf_daily_1april2024_31march2026/METOP-B_20240726_TUP_CLD.nc
Saved: /perm/dnk8355/paper2026/netcdf_daily_1april2024_31march2026/METOP-B_20240726_FG_DEP.nc
Saved: /perm/dnk8355/paper2026/netcdf_daily_1april2024_31march2026/METOP-B_20240726_AN_DEP.nc
Saved summary: /perm/dnk8355/paper2026/netcdf_daily_1april2024_31march2026/METOP-C_20240726_summary.txt
Saved: /perm/dnk8355/paper2026/netcdf_daily_1april2024_31march2026/METOP-C_20240726_OBSVALUE.nc
Saved: /perm/dnk8355/paper2026/netcdf_daily_1april2024_31march2026/METOP-C_20240726_EMIS_WATER.nc
Saved: /perm/dnk8355/paper2026/netcdf_daily_1april2024_31march2026/METOP-C_20240726_TAUSFC.nc
Saved: /perm/dnk8355/paper2026/netcdf_daily_1april2024_31march2026/METOP-C_20240726_TDOWN.nc
Saved: /perm/dnk8355/paper2026/netcdf_daily_1april2024_31march2026/METOP-C_20240726_TUP.nc
Saved: /perm/dnk8355/paper2026/netcdf_daily_1april2024_31march2026/METOP-C_20240726_TAUSFC_CLD.nc
Saved: /perm/dnk8355/paper2026/netcdf_daily_1april2024_31march2026/METOP-C_20240726_TDOWN_CLD.nc
Saved: /perm/dnk8355/paper2026/netcdf_daily_1april2024_31march2026/METOP-C_20240726_TUP_CLD.nc
Saved: /perm/dnk8355/paper2026/netcdf_daily_1april2024_31march2026/METOP-C_20240726_FG_DEP.nc
Saved: /perm/dnk8355/paper2026/netcdf_daily_1april2024_31march2026/METOP-C_20240726_AN_DEP.nc
[445382] Saved daily NetCDFs for amsua_ofb_lwda_20240726_NH_SH_variables_filtered_lsm_lower02.odb
Saved summary: /perm/dnk8355/paper2026/netcdf_daily_1april2024_31march2026/METOP-B_20240727_summary.txt
Saved: /perm/dnk8355/paper2026/netcdf_daily_1april2024_31march2026/METOP-B_20240727_OBSVALUE.nc
Saved: /perm/dnk8355/paper2026/netcdf_daily_1april2024_31march2026/METOP-B_20240727_EMIS_WATER.nc
Saved: /perm/dnk8355/paper2026/netcdf_daily_1april2024_31march2026/METOP-B_20240727_TAUSFC.nc
Saved: /perm/dnk8355/paper2026/netcdf_daily_1april2024_31march2026/METOP-B_20240727_TDOWN.nc
Saved: /perm/dnk8355/paper2026/netcdf_daily_1april2024_31march2026/METOP-B_20240727_TUP.nc
Saved: /perm/dnk8355/paper2026/netcdf_daily_1april2024_31march2026/METOP-B_20240727_TAUSFC_CLD.nc
Saved: /perm/dnk8355/paper2026/netcdf_daily_1april2024_31march2026/METOP-B_20240727_TDOWN_CLD.nc
Saved: /perm/dnk8355/paper2026/netcdf_daily_1april2024_31march2026/METOP-B_20240727_TUP_CLD.nc
Saved: /perm/dnk8355/paper2026/netcdf_daily_1april2024_31march2026/METOP-B_20240727_FG_DEP.nc
Saved: /perm/dnk8355/paper2026/netcdf_daily_1april2024_31march2026/METOP-B_20240727_AN_DEP.nc
Saved summary: /perm/dnk8355/paper2026/netcdf_daily_1april2024_31march2026/METOP-C_20240727_summary.txt
Saved: /perm/dnk8355/paper2026/netcdf_daily_1april2024_31march2026/METOP-C_20240727_OBSVALUE.nc
Saved: /perm/dnk8355/paper2026/netcdf_daily_1april2024_31march2026/METOP-C_20240727_EMIS_WATER.nc
Saved: /perm/dnk8355/paper2026/netcdf_daily_1april2024_31march2026/METOP-C_20240727_TAUSFC.nc
Saved: /perm/dnk8355/paper2026/netcdf_daily_1april2024_31march2026/METOP-C_20240727_TDOWN.nc
Saved: /perm/dnk8355/paper2026/netcdf_daily_1april2024_31march2026/METOP-C_20240727_TUP.nc
Saved: /perm/dnk8355/paper2026/netcdf_daily_1april2024_31march2026/METOP-C_20240727_TAUSFC_CLD.nc
Saved: /perm/dnk8355/paper2026/netcdf_daily_1april2024_31march2026/METOP-C_20240727_TDOWN_CLD.nc
Saved: /perm/dnk8355/paper2026/netcdf_daily_1april2024_31march2026/METOP-C_20240727_TUP_CLD.nc
Saved: /perm/dnk8355/paper2026/netcdf_daily_1april2024_31march2026/METOP-C_20240727_FG_DEP.nc
Saved: /perm/dnk8355/paper2026/netcdf_daily_1april2024_31march2026/METOP-C_20240727_AN_DEP.nc
[445382] Saved daily NetCDFs for amsua_ofb_lwda_20240727_NH_SH_variables_filtered_lsm_lower02.odb
Saved summary: /perm/dnk8355/paper2026/netcdf_daily_1april2024_31march2026/METOP-B_20240728_summary.txt
Saved: /perm/dnk8355/paper2026/netcdf_daily_1april2024_31march2026/METOP-B_20240728_OBSVALUE.nc
Saved: /perm/dnk8355/paper2026/netcdf_daily_1april2024_31march2026/METOP-B_20240728_EMIS_WATER.nc
Saved: /perm/dnk8355/paper2026/netcdf_daily_1april2024_31march2026/METOP-B_20240728_TAUSFC.nc
Saved: /perm/dnk8355/paper2026/netcdf_daily_1april2024_31march2026/METOP-B_20240728_TDOWN.nc
Saved: /perm/dnk8355/paper2026/netcdf_daily_1april2024_31march2026/METOP-B_20240728_TUP.nc
Saved: /perm/dnk8355/paper2026/netcdf_daily_1april2024_31march2026/METOP-B_20240728_TAUSFC_CLD.nc
Saved: /perm/dnk8355/paper2026/netcdf_daily_1april2024_31march2026/METOP-B_20240728_TDOWN_CLD.nc
Saved: /perm/dnk8355/paper2026/netcdf_daily_1april2024_31march2026/METOP-B_20240728_TUP_CLD.nc
Saved: /perm/dnk8355/paper2026/netcdf_daily_1april2024_31march2026/METOP-B_20240728_FG_DEP.nc
Saved: /perm/dnk8355/paper2026/netcdf_daily_1april2024_31march2026/METOP-B_20240728_AN_DEP.nc
Saved summary: /perm/dnk8355/paper2026/netcdf_daily_1april2024_31march2026/METOP-C_20240728_summary.txt
Saved: /perm/dnk8355/paper2026/netcdf_daily_1april2024_31march2026/METOP-C_20240728_OBSVALUE.nc
Saved: /perm/dnk8355/paper2026/netcdf_daily_1april2024_31march2026/METOP-C_20240728_EMIS_WATER.nc
Saved: /perm/dnk8355/paper2026/netcdf_daily_1april2024_31march2026/METOP-C_20240728_TAUSFC.nc
Saved: /perm/dnk8355/paper2026/netcdf_daily_1april2024_31march2026/METOP-C_20240728_TDOWN.nc
Saved: /perm/dnk8355/paper2026/netcdf_daily_1april2024_31march2026/METOP-C_20240728_TUP.nc
Saved: /perm/dnk8355/paper2026/netcdf_daily_1april2024_31march2026/METOP-C_20240728_TAUSFC_CLD.nc
Saved: /perm/dnk8355/paper2026/netcdf_daily_1april2024_31march2026/METOP-C_20240728_TDOWN_CLD.nc
Saved: /perm/dnk8355/paper2026/netcdf_daily_1april2024_31march2026/METOP-C_20240728_TUP_CLD.nc
Saved: /perm/dnk8355/paper2026/netcdf_daily_1april2024_31march2026/METOP-C_20240728_FG_DEP.nc
Saved: /perm/dnk8355/paper2026/netcdf_daily_1april2024_31march2026/METOP-C_20240728_AN_DEP.nc
[445382] Saved daily NetCDFs for amsua_ofb_lwda_20240728_NH_SH_variables_filtered_lsm_lower02.odb
Saved summary: /perm/dnk8355/paper2026/netcdf_daily_1april2024_31march2026/METOP-B_20240729_summary.txt
Saved: /perm/dnk8355/paper2026/netcdf_daily_1april2024_31march2026/METOP-B_20240729_OBSVALUE.nc
Saved: /perm/dnk8355/paper2026/netcdf_daily_1april2024_31march2026/METOP-B_20240729_EMIS_WATER.nc
Saved: /perm/dnk8355/paper2026/netcdf_daily_1april2024_31march2026/METOP-B_20240729_TAUSFC.nc
Saved: /perm/dnk8355/paper2026/netcdf_daily_1april2024_31march2026/METOP-B_20240729_TDOWN.nc
Saved: /perm/dnk8355/paper2026/netcdf_daily_1april2024_31march2026/METOP-B_20240729_TUP.nc
Saved: /perm/dnk8355/paper2026/netcdf_daily_1april2024_31march2026/METOP-B_20240729_TAUSFC_CLD.nc
Saved: /perm/dnk8355/paper2026/netcdf_daily_1april2024_31march2026/METOP-B_20240729_TDOWN_CLD.nc
Saved: /perm/dnk8355/paper2026/netcdf_daily_1april2024_31march2026/METOP-B_20240729_TUP_CLD.nc
Saved: /perm/dnk8355/paper2026/netcdf_daily_1april2024_31march2026/METOP-B_20240729_FG_DEP.nc
Saved: /perm/dnk8355/paper2026/netcdf_daily_1april2024_31march2026/METOP-B_20240729_AN_DEP.nc
Saved summary: /perm/dnk8355/paper2026/netcdf_daily_1april2024_31march2026/METOP-C_20240729_summary.txt
Saved: /perm/dnk8355/paper2026/netcdf_daily_1april2024_31march2026/METOP-C_20240729_OBSVALUE.nc
Saved: /perm/dnk8355/paper2026/netcdf_daily_1april2024_31march2026/METOP-C_20240729_EMIS_WATER.nc
Saved: /perm/dnk8355/paper2026/netcdf_daily_1april2024_31march2026/METOP-C_20240729_TAUSFC.nc
Saved: /perm/dnk8355/paper2026/netcdf_daily_1april2024_31march2026/METOP-C_20240729_TDOWN.nc
Saved: /perm/dnk8355/paper2026/netcdf_daily_1april2024_31march2026/METOP-C_20240729_TUP.nc
Saved: /perm/dnk8355/paper2026/netcdf_daily_1april2024_31march2026/METOP-C_20240729_TAUSFC_CLD.nc
Saved: /perm/dnk8355/paper2026/netcdf_daily_1april2024_31march2026/METOP-C_20240729_TDOWN_CLD.nc
Saved: /perm/dnk8355/paper2026/netcdf_daily_1april2024_31march2026/METOP-C_20240729_TUP_CLD.nc
Saved: /perm/dnk8355/paper2026/netcdf_daily_1april2024_31march2026/METOP-C_20240729_FG_DEP.nc
Saved: /perm/dnk8355/paper2026/netcdf_daily_1april2024_31march2026/METOP-C_20240729_AN_DEP.nc
[445382] Saved daily NetCDFs for amsua_ofb_lwda_20240729_NH_SH_variables_filtered_lsm_lower02.odb
Saved summary: /perm/dnk8355/paper2026/netcdf_daily_1april2024_31march2026/METOP-B_20240730_summary.txt
Saved: /perm/dnk8355/paper2026/netcdf_daily_1april2024_31march2026/METOP-B_20240730_OBSVALUE.nc
Saved: /perm/dnk8355/paper2026/netcdf_daily_1april2024_31march2026/METOP-B_20240730_EMIS_WATER.nc
Saved: /perm/dnk8355/paper2026/netcdf_daily_1april2024_31march2026/METOP-B_20240730_TAUSFC.nc
Saved: /perm/dnk8355/paper2026/netcdf_daily_1april2024_31march2026/METOP-B_20240730_TDOWN.nc
Saved: /perm/dnk8355/paper2026/netcdf_daily_1april2024_31march2026/METOP-B_20240730_TUP.nc
Saved: /perm/dnk8355/paper2026/netcdf_daily_1april2024_31march2026/METOP-B_20240730_TAUSFC_CLD.nc
Saved: /perm/dnk8355/paper2026/netcdf_daily_1april2024_31march2026/METOP-B_20240730_TDOWN_CLD.nc
Saved: /perm/dnk8355/paper2026/netcdf_daily_1april2024_31march2026/METOP-B_20240730_TUP_CLD.nc
Saved: /perm/dnk8355/paper2026/netcdf_daily_1april2024_31march2026/METOP-B_20240730_FG_DEP.nc
Saved: /perm/dnk8355/paper2026/netcdf_daily_1april2024_31march2026/METOP-B_20240730_AN_DEP.nc
Saved summary: /perm/dnk8355/paper2026/netcdf_daily_1april2024_31march2026/METOP-C_20240730_summary.txt
Saved: /perm/dnk8355/paper2026/netcdf_daily_1april2024_31march2026/METOP-C_20240730_OBSVALUE.nc
Saved: /perm/dnk8355/paper2026/netcdf_daily_1april2024_31march2026/METOP-C_20240730_EMIS_WATER.nc
Saved: /perm/dnk8355/paper2026/netcdf_daily_1april2024_31march2026/METOP-C_20240730_TAUSFC.nc
Saved: /perm/dnk8355/paper2026/netcdf_daily_1april2024_31march2026/METOP-C_20240730_TDOWN.nc
Saved: /perm/dnk8355/paper2026/netcdf_daily_1april2024_31march2026/METOP-C_20240730_TUP.nc
Saved: /perm/dnk8355/paper2026/netcdf_daily_1april2024_31march2026/METOP-C_20240730_TAUSFC_CLD.nc
Saved: /perm/dnk8355/paper2026/netcdf_daily_1april2024_31march2026/METOP-C_20240730_TDOWN_CLD.nc
Saved: /perm/dnk8355/paper2026/netcdf_daily_1april2024_31march2026/METOP-C_20240730_TUP_CLD.nc
Saved: /perm/dnk8355/paper2026/netcdf_daily_1april2024_31march2026/METOP-C_20240730_FG_DEP.nc
Saved: /perm/dnk8355/paper2026/netcdf_daily_1april2024_31march2026/METOP-C_20240730_AN_DEP.nc
[445382] Saved daily NetCDFs for amsua_ofb_lwda_20240730_NH_SH_variables_filtered_lsm_lower02.odb
Saved summary: /perm/dnk8355/paper2026/netcdf_daily_1april2024_31march2026/METOP-B_20240731_summary.txt
Saved: /perm/dnk8355/paper2026/netcdf_daily_1april2024_31march2026/METOP-B_20240731_OBSVALUE.nc
Saved: /perm/dnk8355/paper2026/netcdf_daily_1april2024_31march2026/METOP-B_20240731_EMIS_WATER.nc
Saved: /perm/dnk8355/paper2026/netcdf_daily_1april2024_31march2026/METOP-B_20240731_TAUSFC.nc
Saved: /perm/dnk8355/paper2026/netcdf_daily_1april2024_31march2026/METOP-B_20240731_TDOWN.nc
Saved: /perm/dnk8355/paper2026/netcdf_daily_1april2024_31march2026/METOP-B_20240731_TUP.nc
Saved: /perm/dnk8355/paper2026/netcdf_daily_1april2024_31march2026/METOP-B_20240731_TAUSFC_CLD.nc
Saved: /perm/dnk8355/paper2026/netcdf_daily_1april2024_31march2026/METOP-B_20240731_TDOWN_CLD.nc
Saved: /perm/dnk8355/paper2026/netcdf_daily_1april2024_31march2026/METOP-B_20240731_TUP_CLD.nc
Saved: /perm/dnk8355/paper2026/netcdf_daily_1april2024_31march2026/METOP-B_20240731_FG_DEP.nc
Saved: /perm/dnk8355/paper2026/netcdf_daily_1april2024_31march2026/METOP-B_20240731_AN_DEP.nc
Saved summary: /perm/dnk8355/paper2026/netcdf_daily_1april2024_31march2026/METOP-C_20240731_summary.txt
Saved: /perm/dnk8355/paper2026/netcdf_daily_1april2024_31march2026/METOP-C_20240731_OBSVALUE.nc
Saved: /perm/dnk8355/paper2026/netcdf_daily_1april2024_31march2026/METOP-C_20240731_EMIS_WATER.nc
Saved: /perm/dnk8355/paper2026/netcdf_daily_1april2024_31march2026/METOP-C_20240731_TAUSFC.nc
Saved: /perm/dnk8355/paper2026/netcdf_daily_1april2024_31march2026/METOP-C_20240731_TDOWN.nc
Saved: /perm/dnk8355/paper2026/netcdf_daily_1april2024_31march2026/METOP-C_20240731_TUP.nc
Saved: /perm/dnk8355/paper2026/netcdf_daily_1april2024_31march2026/METOP-C_20240731_TAUSFC_CLD.nc
Saved: /perm/dnk8355/paper2026/netcdf_daily_1april2024_31march2026/METOP-C_20240731_TDOWN_CLD.nc
Saved: /perm/dnk8355/paper2026/netcdf_daily_1april2024_31march2026/METOP-C_20240731_TUP_CLD.nc
Saved: /perm/dnk8355/paper2026/netcdf_daily_1april2024_31march2026/METOP-C_20240731_FG_DEP.nc
Saved: /perm/dnk8355/paper2026/netcdf_daily_1april2024_31march2026/METOP-C_20240731_AN_DEP.nc
[445382] Saved daily NetCDFs for amsua_ofb_lwda_20240731_NH_SH_variables_filtered_lsm_lower02.odb
Saved summary: /perm/dnk8355/paper2026/netcdf_daily_1april2024_31march2026/METOP-B_20240801_summary.txt
Saved: /perm/dnk8355/paper2026/netcdf_daily_1april2024_31march2026/METOP-B_20240801_OBSVALUE.nc
Saved: /perm/dnk8355/paper2026/netcdf_daily_1april2024_31march2026/METOP-B_20240801_EMIS_WATER.nc
Saved: /perm/dnk8355/paper2026/netcdf_daily_1april2024_31march2026/METOP-B_20240801_TAUSFC.nc
Saved: /perm/dnk8355/paper2026/netcdf_daily_1april2024_31march2026/METOP-B_20240801_TDOWN.nc
Saved: /perm/dnk8355/paper2026/netcdf_daily_1april2024_31march2026/METOP-B_20240801_TUP.nc
Saved: /perm/dnk8355/paper2026/netcdf_daily_1april2024_31march2026/METOP-B_20240801_TAUSFC_CLD.nc
Saved: /perm/dnk8355/paper2026/netcdf_daily_1april2024_31march2026/METOP-B_20240801_TDOWN_CLD.nc
Saved: /perm/dnk8355/paper2026/netcdf_daily_1april2024_31march2026/METOP-B_20240801_TUP_CLD.nc
Saved: /perm/dnk8355/paper2026/netcdf_daily_1april2024_31march2026/METOP-B_20240801_FG_DEP.nc
Saved: /perm/dnk8355/paper2026/netcdf_daily_1april2024_31march2026/METOP-B_20240801_AN_DEP.nc
Saved summary: /perm/dnk8355/paper2026/netcdf_daily_1april2024_31march2026/METOP-C_20240801_summary.txt
Saved: /perm/dnk8355/paper2026/netcdf_daily_1april2024_31march2026/METOP-C_20240801_OBSVALUE.nc
Saved: /perm/dnk8355/paper2026/netcdf_daily_1april2024_31march2026/METOP-C_20240801_EMIS_WATER.nc
Saved: /perm/dnk8355/paper2026/netcdf_daily_1april2024_31march2026/METOP-C_20240801_TAUSFC.nc
Saved: /perm/dnk8355/paper2026/netcdf_daily_1april2024_31march2026/METOP-C_20240801_TDOWN.nc
Saved: /perm/dnk8355/paper2026/netcdf_daily_1april2024_31march2026/METOP-C_20240801_TUP.nc
Saved: /perm/dnk8355/paper2026/netcdf_daily_1april2024_31march2026/METOP-C_20240801_TAUSFC_CLD.nc
Saved: /perm/dnk8355/paper2026/netcdf_daily_1april2024_31march2026/METOP-C_20240801_TDOWN_CLD.nc
Saved: /perm/dnk8355/paper2026/netcdf_daily_1april2024_31march2026/METOP-C_20240801_TUP_CLD.nc
Saved: /perm/dnk8355/paper2026/netcdf_daily_1april2024_31march2026/METOP-C_20240801_FG_DEP.nc
Saved: /perm/dnk8355/paper2026/netcdf_daily_1april2024_31march2026/METOP-C_20240801_AN_DEP.nc
[445382] Saved daily NetCDFs for amsua_ofb_lwda_20240801_NH_SH_variables_filtered_lsm_lower02.odb
Saved summary: /perm/dnk8355/paper2026/netcdf_daily_1april2024_31march2026/METOP-B_20240802_summary.txt
Saved: /perm/dnk8355/paper2026/netcdf_daily_1april2024_31march2026/METOP-B_20240802_OBSVALUE.nc
Saved: /perm/dnk8355/paper2026/netcdf_daily_1april2024_31march2026/METOP-B_20240802_EMIS_WATER.nc
Saved: /perm/dnk8355/paper2026/netcdf_daily_1april2024_31march2026/METOP-B_20240802_TAUSFC.nc
Saved: /perm/dnk8355/paper2026/netcdf_daily_1april2024_31march2026/METOP-B_20240802_TDOWN.nc
Saved: /perm/dnk8355/paper2026/netcdf_daily_1april2024_31march2026/METOP-B_20240802_TUP.nc
Saved: /perm/dnk8355/paper2026/netcdf_daily_1april2024_31march2026/METOP-B_20240802_TAUSFC_CLD.nc
Saved: /perm/dnk8355/paper2026/netcdf_daily_1april2024_31march2026/METOP-B_20240802_TDOWN_CLD.nc
Saved: /perm/dnk8355/paper2026/netcdf_daily_1april2024_31march2026/METOP-B_20240802_TUP_CLD.nc
Saved: /perm/dnk8355/paper2026/netcdf_daily_1april2024_31march2026/METOP-B_20240802_FG_DEP.nc
Saved: /perm/dnk8355/paper2026/netcdf_daily_1april2024_31march2026/METOP-B_20240802_AN_DEP.nc
Saved summary: /perm/dnk8355/paper2026/netcdf_daily_1april2024_31march2026/METOP-C_20240802_summary.txt
Saved: /perm/dnk8355/paper2026/netcdf_daily_1april2024_31march2026/METOP-C_20240802_OBSVALUE.nc
Saved: /perm/dnk8355/paper2026/netcdf_daily_1april2024_31march2026/METOP-C_20240802_EMIS_WATER.nc
Saved: /perm/dnk8355/paper2026/netcdf_daily_1april2024_31march2026/METOP-C_20240802_TAUSFC.nc
Saved: /perm/dnk8355/paper2026/netcdf_daily_1april2024_31march2026/METOP-C_20240802_TDOWN.nc
Saved: /perm/dnk8355/paper2026/netcdf_daily_1april2024_31march2026/METOP-C_20240802_TUP.nc
Saved: /perm/dnk8355/paper2026/netcdf_daily_1april2024_31march2026/METOP-C_20240802_TAUSFC_CLD.nc
Saved: /perm/dnk8355/paper2026/netcdf_daily_1april2024_31march2026/METOP-C_20240802_TDOWN_CLD.nc
Saved: /perm/dnk8355/paper2026/netcdf_daily_1april2024_31march2026/METOP-C_20240802_TUP_CLD.nc
Saved: /perm/dnk8355/paper2026/netcdf_daily_1april2024_31march2026/METOP-C_20240802_FG_DEP.nc
Saved: /perm/dnk8355/paper2026/netcdf_daily_1april2024_31march2026/METOP-C_20240802_AN_DEP.nc
[445382] Saved daily NetCDFs for amsua_ofb_lwda_20240802_NH_SH_variables_filtered_lsm_lower02.odb
Saved summary: /perm/dnk8355/paper2026/netcdf_daily_1april2024_31march2026/METOP-B_20240803_summary.txt
Saved: /perm/dnk8355/paper2026/netcdf_daily_1april2024_31march2026/METOP-B_20240803_OBSVALUE.nc
Saved: /perm/dnk8355/paper2026/netcdf_daily_1april2024_31march2026/METOP-B_20240803_EMIS_WATER.nc
Saved: /perm/dnk8355/paper2026/netcdf_daily_1april2024_31march2026/METOP-B_20240803_TAUSFC.nc
Saved: /perm/dnk8355/paper2026/netcdf_daily_1april2024_31march2026/METOP-B_20240803_TDOWN.nc
Saved: /perm/dnk8355/paper2026/netcdf_daily_1april2024_31march2026/METOP-B_20240803_TUP.nc
Saved: /perm/dnk8355/paper2026/netcdf_daily_1april2024_31march2026/METOP-B_20240803_TAUSFC_CLD.nc
Saved: /perm/dnk8355/paper2026/netcdf_daily_1april2024_31march2026/METOP-B_20240803_TDOWN_CLD.nc
Saved: /perm/dnk8355/paper2026/netcdf_daily_1april2024_31march2026/METOP-B_20240803_TUP_CLD.nc
Saved: /perm/dnk8355/paper2026/netcdf_daily_1april2024_31march2026/METOP-B_20240803_FG_DEP.nc
Saved: /perm/dnk8355/paper2026/netcdf_daily_1april2024_31march2026/METOP-B_20240803_AN_DEP.nc
Saved summary: /perm/dnk8355/paper2026/netcdf_daily_1april2024_31march2026/METOP-C_20240803_summary.txt
Saved: /perm/dnk8355/paper2026/netcdf_daily_1april2024_31march2026/METOP-C_20240803_OBSVALUE.nc
Saved: /perm/dnk8355/paper2026/netcdf_daily_1april2024_31march2026/METOP-C_20240803_EMIS_WATER.nc
Saved: /perm/dnk8355/paper2026/netcdf_daily_1april2024_31march2026/METOP-C_20240803_TAUSFC.nc
Saved: /perm/dnk8355/paper2026/netcdf_daily_1april2024_31march2026/METOP-C_20240803_TDOWN.nc
Saved: /perm/dnk8355/paper2026/netcdf_daily_1april2024_31march2026/METOP-C_20240803_TUP.nc
Saved: /perm/dnk8355/paper2026/netcdf_daily_1april2024_31march2026/METOP-C_20240803_TAUSFC_CLD.nc
Saved: /perm/dnk8355/paper2026/netcdf_daily_1april2024_31march2026/METOP-C_20240803_TDOWN_CLD.nc
Saved: /perm/dnk8355/paper2026/netcdf_daily_1april2024_31march2026/METOP-C_20240803_TUP_CLD.nc
Saved: /perm/dnk8355/paper2026/netcdf_daily_1april2024_31march2026/METOP-C_20240803_FG_DEP.nc
Saved: /perm/dnk8355/paper2026/netcdf_daily_1april2024_31march2026/METOP-C_20240803_AN_DEP.nc
[445382] Saved daily NetCDFs for amsua_ofb_lwda_20240803_NH_SH_variables_filtered_lsm_lower02.odb
Saved summary: /perm/dnk8355/paper2026/netcdf_daily_1april2024_31march2026/METOP-B_20240804_summary.txt
Saved: /perm/dnk8355/paper2026/netcdf_daily_1april2024_31march2026/METOP-B_20240804_OBSVALUE.nc
Saved: /perm/dnk8355/paper2026/netcdf_daily_1april2024_31march2026/METOP-B_20240804_EMIS_WATER.nc
Saved: /perm/dnk8355/paper2026/netcdf_daily_1april2024_31march2026/METOP-B_20240804_TAUSFC.nc
Saved: /perm/dnk8355/paper2026/netcdf_daily_1april2024_31march2026/METOP-B_20240804_TDOWN.nc
Saved: /perm/dnk8355/paper2026/netcdf_daily_1april2024_31march2026/METOP-B_20240804_TUP.nc
Saved: /perm/dnk8355/paper2026/netcdf_daily_1april2024_31march2026/METOP-B_20240804_TAUSFC_CLD.nc
Saved: /perm/dnk8355/paper2026/netcdf_daily_1april2024_31march2026/METOP-B_20240804_TDOWN_CLD.nc
Saved: /perm/dnk8355/paper2026/netcdf_daily_1april2024_31march2026/METOP-B_20240804_TUP_CLD.nc
Saved: /perm/dnk8355/paper2026/netcdf_daily_1april2024_31march2026/METOP-B_20240804_FG_DEP.nc
Saved: /perm/dnk8355/paper2026/netcdf_daily_1april2024_31march2026/METOP-B_20240804_AN_DEP.nc
Saved summary: /perm/dnk8355/paper2026/netcdf_daily_1april2024_31march2026/METOP-C_20240804_summary.txt
Saved: /perm/dnk8355/paper2026/netcdf_daily_1april2024_31march2026/METOP-C_20240804_OBSVALUE.nc
Saved: /perm/dnk8355/paper2026/netcdf_daily_1april2024_31march2026/METOP-C_20240804_EMIS_WATER.nc
Saved: /perm/dnk8355/paper2026/netcdf_daily_1april2024_31march2026/METOP-C_20240804_TAUSFC.nc
Saved: /perm/dnk8355/paper2026/netcdf_daily_1april2024_31march2026/METOP-C_20240804_TDOWN.nc
Saved: /perm/dnk8355/paper2026/netcdf_daily_1april2024_31march2026/METOP-C_20240804_TUP.nc
Saved: /perm/dnk8355/paper2026/netcdf_daily_1april2024_31march2026/METOP-C_20240804_TAUSFC_CLD.nc
Saved: /perm/dnk8355/paper2026/netcdf_daily_1april2024_31march2026/METOP-C_20240804_TDOWN_CLD.nc
Saved: /perm/dnk8355/paper2026/netcdf_daily_1april2024_31march2026/METOP-C_20240804_TUP_CLD.nc
Saved: /perm/dnk8355/paper2026/netcdf_daily_1april2024_31march2026/METOP-C_20240804_FG_DEP.nc
Saved: /perm/dnk8355/paper2026/netcdf_daily_1april2024_31march2026/METOP-C_20240804_AN_DEP.nc
[445382] Saved daily NetCDFs for amsua_ofb_lwda_20240804_NH_SH_variables_filtered_lsm_lower02.odb
Saved summary: /perm/dnk8355/paper2026/netcdf_daily_1april2024_31march2026/METOP-B_20240805_summary.txt
Saved: /perm/dnk8355/paper2026/netcdf_daily_1april2024_31march2026/METOP-B_20240805_OBSVALUE.nc
Saved: /perm/dnk8355/paper2026/netcdf_daily_1april2024_31march2026/METOP-B_20240805_EMIS_WATER.nc
Saved: /perm/dnk8355/paper2026/netcdf_daily_1april2024_31march2026/METOP-B_20240805_TAUSFC.nc
Saved: /perm/dnk8355/paper2026/netcdf_daily_1april2024_31march2026/METOP-B_20240805_TDOWN.nc
Saved: /perm/dnk8355/paper2026/netcdf_daily_1april2024_31march2026/METOP-B_20240805_TUP.nc
Saved: /perm/dnk8355/paper2026/netcdf_daily_1april2024_31march2026/METOP-B_20240805_TAUSFC_CLD.nc
Saved: /perm/dnk8355/paper2026/netcdf_daily_1april2024_31march2026/METOP-B_20240805_TDOWN_CLD.nc
Saved: /perm/dnk8355/paper2026/netcdf_daily_1april2024_31march2026/METOP-B_20240805_TUP_CLD.nc
Saved: /perm/dnk8355/paper2026/netcdf_daily_1april2024_31march2026/METOP-B_20240805_FG_DEP.nc
Saved: /perm/dnk8355/paper2026/netcdf_daily_1april2024_31march2026/METOP-B_20240805_AN_DEP.nc
Saved summary: /perm/dnk8355/paper2026/netcdf_daily_1april2024_31march2026/METOP-C_20240805_summary.txt
Saved: /perm/dnk8355/paper2026/netcdf_daily_1april2024_31march2026/METOP-C_20240805_OBSVALUE.nc
Saved: /perm/dnk8355/paper2026/netcdf_daily_1april2024_31march2026/METOP-C_20240805_EMIS_WATER.nc
Saved: /perm/dnk8355/paper2026/netcdf_daily_1april2024_31march2026/METOP-C_20240805_TAUSFC.nc
Saved: /perm/dnk8355/paper2026/netcdf_daily_1april2024_31march2026/METOP-C_20240805_TDOWN.nc
Saved: /perm/dnk8355/paper2026/netcdf_daily_1april2024_31march2026/METOP-C_20240805_TUP.nc
Saved: /perm/dnk8355/paper2026/netcdf_daily_1april2024_31march2026/METOP-C_20240805_TAUSFC_CLD.nc
Saved: /perm/dnk8355/paper2026/netcdf_daily_1april2024_31march2026/METOP-C_20240805_TDOWN_CLD.nc
Saved: /perm/dnk8355/paper2026/netcdf_daily_1april2024_31march2026/METOP-C_20240805_TUP_CLD.nc
Saved: /perm/dnk8355/paper2026/netcdf_daily_1april2024_31march2026/METOP-C_20240805_FG_DEP.nc
Saved: /perm/dnk8355/paper2026/netcdf_daily_1april2024_31march2026/METOP-C_20240805_AN_DEP.nc
[445382] Saved daily NetCDFs for amsua_ofb_lwda_20240805_NH_SH_variables_filtered_lsm_lower02.odb
Saved summary: /perm/dnk8355/paper2026/netcdf_daily_1april2024_31march2026/METOP-B_20240806_summary.txt
Saved: /perm/dnk8355/paper2026/netcdf_daily_1april2024_31march2026/METOP-B_20240806_OBSVALUE.nc
Saved: /perm/dnk8355/paper2026/netcdf_daily_1april2024_31march2026/METOP-B_20240806_EMIS_WATER.nc
Saved: /perm/dnk8355/paper2026/netcdf_daily_1april2024_31march2026/METOP-B_20240806_TAUSFC.nc
Saved: /perm/dnk8355/paper2026/netcdf_daily_1april2024_31march2026/METOP-B_20240806_TDOWN.nc
Saved: /perm/dnk8355/paper2026/netcdf_daily_1april2024_31march2026/METOP-B_20240806_TUP.nc
Saved: /perm/dnk8355/paper2026/netcdf_daily_1april2024_31march2026/METOP-B_20240806_TAUSFC_CLD.nc
Saved: /perm/dnk8355/paper2026/netcdf_daily_1april2024_31march2026/METOP-B_20240806_TDOWN_CLD.nc
Saved: /perm/dnk8355/paper2026/netcdf_daily_1april2024_31march2026/METOP-B_20240806_TUP_CLD.nc
Saved: /perm/dnk8355/paper2026/netcdf_daily_1april2024_31march2026/METOP-B_20240806_FG_DEP.nc
Saved: /perm/dnk8355/paper2026/netcdf_daily_1april2024_31march2026/METOP-B_20240806_AN_DEP.nc
Saved summary: /perm/dnk8355/paper2026/netcdf_daily_1april2024_31march2026/METOP-C_20240806_summary.txt
Saved: /perm/dnk8355/paper2026/netcdf_daily_1april2024_31march2026/METOP-C_20240806_OBSVALUE.nc
Saved: /perm/dnk8355/paper2026/netcdf_daily_1april2024_31march2026/METOP-C_20240806_EMIS_WATER.nc
Saved: /perm/dnk8355/paper2026/netcdf_daily_1april2024_31march2026/METOP-C_20240806_TAUSFC.nc
Saved: /perm/dnk8355/paper2026/netcdf_daily_1april2024_31march2026/METOP-C_20240806_TDOWN.nc
Saved: /perm/dnk8355/paper2026/netcdf_daily_1april2024_31march2026/METOP-C_20240806_TUP.nc
Saved: /perm/dnk8355/paper2026/netcdf_daily_1april2024_31march2026/METOP-C_20240806_TAUSFC_CLD.nc
Saved: /perm/dnk8355/paper2026/netcdf_daily_1april2024_31march2026/METOP-C_20240806_TDOWN_CLD.nc
Saved: /perm/dnk8355/paper2026/netcdf_daily_1april2024_31march2026/METOP-C_20240806_TUP_CLD.nc
Saved: /perm/dnk8355/paper2026/netcdf_daily_1april2024_31march2026/METOP-C_20240806_FG_DEP.nc
Saved: /perm/dnk8355/paper2026/netcdf_daily_1april2024_31march2026/METOP-C_20240806_AN_DEP.nc
[445382] Saved daily NetCDFs for amsua_ofb_lwda_20240806_NH_SH_variables_filtered_lsm_lower02.odb
Saved summary: /perm/dnk8355/paper2026/netcdf_daily_1april2024_31march2026/METOP-B_20240807_summary.txt
Saved: /perm/dnk8355/paper2026/netcdf_daily_1april2024_31march2026/METOP-B_20240807_OBSVALUE.nc
Saved: /perm/dnk8355/paper2026/netcdf_daily_1april2024_31march2026/METOP-B_20240807_EMIS_WATER.nc
Saved: /perm/dnk8355/paper2026/netcdf_daily_1april2024_31march2026/METOP-B_20240807_TAUSFC.nc
Saved: /perm/dnk8355/paper2026/netcdf_daily_1april2024_31march2026/METOP-B_20240807_TDOWN.nc
Saved: /perm/dnk8355/paper2026/netcdf_daily_1april2024_31march2026/METOP-B_20240807_TUP.nc
Saved: /perm/dnk8355/paper2026/netcdf_daily_1april2024_31march2026/METOP-B_20240807_TAUSFC_CLD.nc
Saved: /perm/dnk8355/paper2026/netcdf_daily_1april2024_31march2026/METOP-B_20240807_TDOWN_CLD.nc
Saved: /perm/dnk8355/paper2026/netcdf_daily_1april2024_31march2026/METOP-B_20240807_TUP_CLD.nc
Saved: /perm/dnk8355/paper2026/netcdf_daily_1april2024_31march2026/METOP-B_20240807_FG_DEP.nc
Saved: /perm/dnk8355/paper2026/netcdf_daily_1april2024_31march2026/METOP-B_20240807_AN_DEP.nc
Saved summary: /perm/dnk8355/paper2026/netcdf_daily_1april2024_31march2026/METOP-C_20240807_summary.txt
Saved: /perm/dnk8355/paper2026/netcdf_daily_1april2024_31march2026/METOP-C_20240807_OBSVALUE.nc
Saved: /perm/dnk8355/paper2026/netcdf_daily_1april2024_31march2026/METOP-C_20240807_EMIS_WATER.nc
Saved: /perm/dnk8355/paper2026/netcdf_daily_1april2024_31march2026/METOP-C_20240807_TAUSFC.nc
Saved: /perm/dnk8355/paper2026/netcdf_daily_1april2024_31march2026/METOP-C_20240807_TDOWN.nc
Saved: /perm/dnk8355/paper2026/netcdf_daily_1april2024_31march2026/METOP-C_20240807_TUP.nc
Saved: /perm/dnk8355/paper2026/netcdf_daily_1april2024_31march2026/METOP-C_20240807_TAUSFC_CLD.nc
Saved: /perm/dnk8355/paper2026/netcdf_daily_1april2024_31march2026/METOP-C_20240807_TDOWN_CLD.nc
Saved: /perm/dnk8355/paper2026/netcdf_daily_1april2024_31march2026/METOP-C_20240807_TUP_CLD.nc
Saved: /perm/dnk8355/paper2026/netcdf_daily_1april2024_31march2026/METOP-C_20240807_FG_DEP.nc
Saved: /perm/dnk8355/paper2026/netcdf_daily_1april2024_31march2026/METOP-C_20240807_AN_DEP.nc
[445382] Saved daily NetCDFs for amsua_ofb_lwda_20240807_NH_SH_variables_filtered_lsm_lower02.odb
Saved summary: /perm/dnk8355/paper2026/netcdf_daily_1april2024_31march2026/METOP-B_20240808_summary.txt
Saved: /perm/dnk8355/paper2026/netcdf_daily_1april2024_31march2026/METOP-B_20240808_OBSVALUE.nc
Saved: /perm/dnk8355/paper2026/netcdf_daily_1april2024_31march2026/METOP-B_20240808_EMIS_WATER.nc
Saved: /perm/dnk8355/paper2026/netcdf_daily_1april2024_31march2026/METOP-B_20240808_TAUSFC.nc
Saved: /perm/dnk8355/paper2026/netcdf_daily_1april2024_31march2026/METOP-B_20240808_TDOWN.nc
Saved: /perm/dnk8355/paper2026/netcdf_daily_1april2024_31march2026/METOP-B_20240808_TUP.nc
Saved: /perm/dnk8355/paper2026/netcdf_daily_1april2024_31march2026/METOP-B_20240808_TAUSFC_CLD.nc
Saved: /perm/dnk8355/paper2026/netcdf_daily_1april2024_31march2026/METOP-B_20240808_TDOWN_CLD.nc
Saved: /perm/dnk8355/paper2026/netcdf_daily_1april2024_31march2026/METOP-B_20240808_TUP_CLD.nc
Saved: /perm/dnk8355/paper2026/netcdf_daily_1april2024_31march2026/METOP-B_20240808_FG_DEP.nc
Saved: /perm/dnk8355/paper2026/netcdf_daily_1april2024_31march2026/METOP-B_20240808_AN_DEP.nc
Saved summary: /perm/dnk8355/paper2026/netcdf_daily_1april2024_31march2026/METOP-C_20240808_summary.txt
Saved: /perm/dnk8355/paper2026/netcdf_daily_1april2024_31march2026/METOP-C_20240808_OBSVALUE.nc
Saved: /perm/dnk8355/paper2026/netcdf_daily_1april2024_31march2026/METOP-C_20240808_EMIS_WATER.nc
Saved: /perm/dnk8355/paper2026/netcdf_daily_1april2024_31march2026/METOP-C_20240808_TAUSFC.nc
Saved: /perm/dnk8355/paper2026/netcdf_daily_1april2024_31march2026/METOP-C_20240808_TDOWN.nc
Saved: /perm/dnk8355/paper2026/netcdf_daily_1april2024_31march2026/METOP-C_20240808_TUP.nc
Saved: /perm/dnk8355/paper2026/netcdf_daily_1april2024_31march2026/METOP-C_20240808_TAUSFC_CLD.nc
Saved: /perm/dnk8355/paper2026/netcdf_daily_1april2024_31march2026/METOP-C_20240808_TDOWN_CLD.nc
Saved: /perm/dnk8355/paper2026/netcdf_daily_1april2024_31march2026/METOP-C_20240808_TUP_CLD.nc
Saved: /perm/dnk8355/paper2026/netcdf_daily_1april2024_31march2026/METOP-C_20240808_FG_DEP.nc
Saved: /perm/dnk8355/paper2026/netcdf_daily_1april2024_31march2026/METOP-C_20240808_AN_DEP.nc
[445382] Saved daily NetCDFs for amsua_ofb_lwda_20240808_NH_SH_variables_filtered_lsm_lower02.odb
Saved summary: /perm/dnk8355/paper2026/netcdf_daily_1april2024_31march2026/METOP-B_20240809_summary.txt
Saved: /perm/dnk8355/paper2026/netcdf_daily_1april2024_31march2026/METOP-B_20240809_OBSVALUE.nc
Saved: /perm/dnk8355/paper2026/netcdf_daily_1april2024_31march2026/METOP-B_20240809_EMIS_WATER.nc
Saved: /perm/dnk8355/paper2026/netcdf_daily_1april2024_31march2026/METOP-B_20240809_TAUSFC.nc
Saved: /perm/dnk8355/paper2026/netcdf_daily_1april2024_31march2026/METOP-B_20240809_TDOWN.nc
Saved: /perm/dnk8355/paper2026/netcdf_daily_1april2024_31march2026/METOP-B_20240809_TUP.nc
Saved: /perm/dnk8355/paper2026/netcdf_daily_1april2024_31march2026/METOP-B_20240809_TAUSFC_CLD.nc
Saved: /perm/dnk8355/paper2026/netcdf_daily_1april2024_31march2026/METOP-B_20240809_TDOWN_CLD.nc
Saved: /perm/dnk8355/paper2026/netcdf_daily_1april2024_31march2026/METOP-B_20240809_TUP_CLD.nc
Saved: /perm/dnk8355/paper2026/netcdf_daily_1april2024_31march2026/METOP-B_20240809_FG_DEP.nc
Saved: /perm/dnk8355/paper2026/netcdf_daily_1april2024_31march2026/METOP-B_20240809_AN_DEP.nc
Saved summary: /perm/dnk8355/paper2026/netcdf_daily_1april2024_31march2026/METOP-C_20240809_summary.txt
Saved: /perm/dnk8355/paper2026/netcdf_daily_1april2024_31march2026/METOP-C_20240809_OBSVALUE.nc
Saved: /perm/dnk8355/paper2026/netcdf_daily_1april2024_31march2026/METOP-C_20240809_EMIS_WATER.nc
Saved: /perm/dnk8355/paper2026/netcdf_daily_1april2024_31march2026/METOP-C_20240809_TAUSFC.nc
Saved: /perm/dnk8355/paper2026/netcdf_daily_1april2024_31march2026/METOP-C_20240809_TDOWN.nc
Saved: /perm/dnk8355/paper2026/netcdf_daily_1april2024_31march2026/METOP-C_20240809_TUP.nc
Saved: /perm/dnk8355/paper2026/netcdf_daily_1april2024_31march2026/METOP-C_20240809_TAUSFC_CLD.nc
Saved: /perm/dnk8355/paper2026/netcdf_daily_1april2024_31march2026/METOP-C_20240809_TDOWN_CLD.nc
Saved: /perm/dnk8355/paper2026/netcdf_daily_1april2024_31march2026/METOP-C_20240809_TUP_CLD.nc
Saved: /perm/dnk8355/paper2026/netcdf_daily_1april2024_31march2026/METOP-C_20240809_FG_DEP.nc
Saved: /perm/dnk8355/paper2026/netcdf_daily_1april2024_31march2026/METOP-C_20240809_AN_DEP.nc
[445382] Saved daily NetCDFs for amsua_ofb_lwda_20240809_NH_SH_variables_filtered_lsm_lower02.odb
Saved summary: /perm/dnk8355/paper2026/netcdf_daily_1april2024_31march2026/METOP-B_20240810_summary.txt
Saved: /perm/dnk8355/paper2026/netcdf_daily_1april2024_31march2026/METOP-B_20240810_OBSVALUE.nc
Saved: /perm/dnk8355/paper2026/netcdf_daily_1april2024_31march2026/METOP-B_20240810_EMIS_WATER.nc
Saved: /perm/dnk8355/paper2026/netcdf_daily_1april2024_31march2026/METOP-B_20240810_TAUSFC.nc
Saved: /perm/dnk8355/paper2026/netcdf_daily_1april2024_31march2026/METOP-B_20240810_TDOWN.nc
Saved: /perm/dnk8355/paper2026/netcdf_daily_1april2024_31march2026/METOP-B_20240810_TUP.nc
Saved: /perm/dnk8355/paper2026/netcdf_daily_1april2024_31march2026/METOP-B_20240810_TAUSFC_CLD.nc
Saved: /perm/dnk8355/paper2026/netcdf_daily_1april2024_31march2026/METOP-B_20240810_TDOWN_CLD.nc
Saved: /perm/dnk8355/paper2026/netcdf_daily_1april2024_31march2026/METOP-B_20240810_TUP_CLD.nc
Saved: /perm/dnk8355/paper2026/netcdf_daily_1april2024_31march2026/METOP-B_20240810_FG_DEP.nc
Saved: /perm/dnk8355/paper2026/netcdf_daily_1april2024_31march2026/METOP-B_20240810_AN_DEP.nc
Saved summary: /perm/dnk8355/paper2026/netcdf_daily_1april2024_31march2026/METOP-C_20240810_summary.txt
Saved: /perm/dnk8355/paper2026/netcdf_daily_1april2024_31march2026/METOP-C_20240810_OBSVALUE.nc
Saved: /perm/dnk8355/paper2026/netcdf_daily_1april2024_31march2026/METOP-C_20240810_EMIS_WATER.nc
Saved: /perm/dnk8355/paper2026/netcdf_daily_1april2024_31march2026/METOP-C_20240810_TAUSFC.nc
Saved: /perm/dnk8355/paper2026/netcdf_daily_1april2024_31march2026/METOP-C_20240810_TDOWN.nc
Saved: /perm/dnk8355/paper2026/netcdf_daily_1april2024_31march2026/METOP-C_20240810_TUP.nc
Saved: /perm/dnk8355/paper2026/netcdf_daily_1april2024_31march2026/METOP-C_20240810_TAUSFC_CLD.nc
Saved: /perm/dnk8355/paper2026/netcdf_daily_1april2024_31march2026/METOP-C_20240810_TDOWN_CLD.nc
Saved: /perm/dnk8355/paper2026/netcdf_daily_1april2024_31march2026/METOP-C_20240810_TUP_CLD.nc
Saved: /perm/dnk8355/paper2026/netcdf_daily_1april2024_31march2026/METOP-C_20240810_FG_DEP.nc
Saved: /perm/dnk8355/paper2026/netcdf_daily_1april2024_31march2026/METOP-C_20240810_AN_DEP.nc
[445382] Saved daily NetCDFs for amsua_ofb_lwda_20240810_NH_SH_variables_filtered_lsm_lower02.odb
Saved summary: /perm/dnk8355/paper2026/netcdf_daily_1april2024_31march2026/METOP-B_20240811_summary.txt
Saved: /perm/dnk8355/paper2026/netcdf_daily_1april2024_31march2026/METOP-B_20240811_OBSVALUE.nc
Saved: /perm/dnk8355/paper2026/netcdf_daily_1april2024_31march2026/METOP-B_20240811_EMIS_WATER.nc
Saved: /perm/dnk8355/paper2026/netcdf_daily_1april2024_31march2026/METOP-B_20240811_TAUSFC.nc
Saved: /perm/dnk8355/paper2026/netcdf_daily_1april2024_31march2026/METOP-B_20240811_TDOWN.nc
Saved: /perm/dnk8355/paper2026/netcdf_daily_1april2024_31march2026/METOP-B_20240811_TUP.nc
Saved: /perm/dnk8355/paper2026/netcdf_daily_1april2024_31march2026/METOP-B_20240811_TAUSFC_CLD.nc
Saved: /perm/dnk8355/paper2026/netcdf_daily_1april2024_31march2026/METOP-B_20240811_TDOWN_CLD.nc
Saved: /perm/dnk8355/paper2026/netcdf_daily_1april2024_31march2026/METOP-B_20240811_TUP_CLD.nc
Saved: /perm/dnk8355/paper2026/netcdf_daily_1april2024_31march2026/METOP-B_20240811_FG_DEP.nc
Saved: /perm/dnk8355/paper2026/netcdf_daily_1april2024_31march2026/METOP-B_20240811_AN_DEP.nc
Saved summary: /perm/dnk8355/paper2026/netcdf_daily_1april2024_31march2026/METOP-C_20240811_summary.txt
Saved: /perm/dnk8355/paper2026/netcdf_daily_1april2024_31march2026/METOP-C_20240811_OBSVALUE.nc
Saved: /perm/dnk8355/paper2026/netcdf_daily_1april2024_31march2026/METOP-C_20240811_EMIS_WATER.nc
Saved: /perm/dnk8355/paper2026/netcdf_daily_1april2024_31march2026/METOP-C_20240811_TAUSFC.nc
Saved: /perm/dnk8355/paper2026/netcdf_daily_1april2024_31march2026/METOP-C_20240811_TDOWN.nc
Saved: /perm/dnk8355/paper2026/netcdf_daily_1april2024_31march2026/METOP-C_20240811_TUP.nc
Saved: /perm/dnk8355/paper2026/netcdf_daily_1april2024_31march2026/METOP-C_20240811_TAUSFC_CLD.nc
Saved: /perm/dnk8355/paper2026/netcdf_daily_1april2024_31march2026/METOP-C_20240811_TDOWN_CLD.nc
Saved: /perm/dnk8355/paper2026/netcdf_daily_1april2024_31march2026/METOP-C_20240811_TUP_CLD.nc
Saved: /perm/dnk8355/paper2026/netcdf_daily_1april2024_31march2026/METOP-C_20240811_FG_DEP.nc
Saved: /perm/dnk8355/paper2026/netcdf_daily_1april2024_31march2026/METOP-C_20240811_AN_DEP.nc
[445382] Saved daily NetCDFs for amsua_ofb_lwda_20240811_NH_SH_variables_filtered_lsm_lower02.odb
Saved summary: /perm/dnk8355/paper2026/netcdf_daily_1april2024_31march2026/METOP-B_20240812_summary.txt
Saved: /perm/dnk8355/paper2026/netcdf_daily_1april2024_31march2026/METOP-B_20240812_OBSVALUE.nc
Saved: /perm/dnk8355/paper2026/netcdf_daily_1april2024_31march2026/METOP-B_20240812_EMIS_WATER.nc
Saved: /perm/dnk8355/paper2026/netcdf_daily_1april2024_31march2026/METOP-B_20240812_TAUSFC.nc
Saved: /perm/dnk8355/paper2026/netcdf_daily_1april2024_31march2026/METOP-B_20240812_TDOWN.nc
Saved: /perm/dnk8355/paper2026/netcdf_daily_1april2024_31march2026/METOP-B_20240812_TUP.nc
Saved: /perm/dnk8355/paper2026/netcdf_daily_1april2024_31march2026/METOP-B_20240812_TAUSFC_CLD.nc
Saved: /perm/dnk8355/paper2026/netcdf_daily_1april2024_31march2026/METOP-B_20240812_TDOWN_CLD.nc
Saved: /perm/dnk8355/paper2026/netcdf_daily_1april2024_31march2026/METOP-B_20240812_TUP_CLD.nc
Saved: /perm/dnk8355/paper2026/netcdf_daily_1april2024_31march2026/METOP-B_20240812_FG_DEP.nc
Saved: /perm/dnk8355/paper2026/netcdf_daily_1april2024_31march2026/METOP-B_20240812_AN_DEP.nc
Saved summary: /perm/dnk8355/paper2026/netcdf_daily_1april2024_31march2026/METOP-C_20240812_summary.txt
Saved: /perm/dnk8355/paper2026/netcdf_daily_1april2024_31march2026/METOP-C_20240812_OBSVALUE.nc
Saved: /perm/dnk8355/paper2026/netcdf_daily_1april2024_31march2026/METOP-C_20240812_EMIS_WATER.nc
Saved: /perm/dnk8355/paper2026/netcdf_daily_1april2024_31march2026/METOP-C_20240812_TAUSFC.nc
Saved: /perm/dnk8355/paper2026/netcdf_daily_1april2024_31march2026/METOP-C_20240812_TDOWN.nc
Saved: /perm/dnk8355/paper2026/netcdf_daily_1april2024_31march2026/METOP-C_20240812_TUP.nc
Saved: /perm/dnk8355/paper2026/netcdf_daily_1april2024_31march2026/METOP-C_20240812_TAUSFC_CLD.nc
Saved: /perm/dnk8355/paper2026/netcdf_daily_1april2024_31march2026/METOP-C_20240812_TDOWN_CLD.nc
Saved: /perm/dnk8355/paper2026/netcdf_daily_1april2024_31march2026/METOP-C_20240812_TUP_CLD.nc
Saved: /perm/dnk8355/paper2026/netcdf_daily_1april2024_31march2026/METOP-C_20240812_FG_DEP.nc
Saved: /perm/dnk8355/paper2026/netcdf_daily_1april2024_31march2026/METOP-C_20240812_AN_DEP.nc
[445382] Saved daily NetCDFs for amsua_ofb_lwda_20240812_NH_SH_variables_filtered_lsm_lower02.odb
Saved summary: /perm/dnk8355/paper2026/netcdf_daily_1april2024_31march2026/METOP-B_20240813_summary.txt
Saved: /perm/dnk8355/paper2026/netcdf_daily_1april2024_31march2026/METOP-B_20240813_OBSVALUE.nc
Saved: /perm/dnk8355/paper2026/netcdf_daily_1april2024_31march2026/METOP-B_20240813_EMIS_WATER.nc
Saved: /perm/dnk8355/paper2026/netcdf_daily_1april2024_31march2026/METOP-B_20240813_TAUSFC.nc
Saved: /perm/dnk8355/paper2026/netcdf_daily_1april2024_31march2026/METOP-B_20240813_TDOWN.nc
Saved: /perm/dnk8355/paper2026/netcdf_daily_1april2024_31march2026/METOP-B_20240813_TUP.nc
Saved: /perm/dnk8355/paper2026/netcdf_daily_1april2024_31march2026/METOP-B_20240813_TAUSFC_CLD.nc
Saved: /perm/dnk8355/paper2026/netcdf_daily_1april2024_31march2026/METOP-B_20240813_TDOWN_CLD.nc
Saved: /perm/dnk8355/paper2026/netcdf_daily_1april2024_31march2026/METOP-B_20240813_TUP_CLD.nc
Saved: /perm/dnk8355/paper2026/netcdf_daily_1april2024_31march2026/METOP-B_20240813_FG_DEP.nc
Saved: /perm/dnk8355/paper2026/netcdf_daily_1april2024_31march2026/METOP-B_20240813_AN_DEP.nc
Saved summary: /perm/dnk8355/paper2026/netcdf_daily_1april2024_31march2026/METOP-C_20240813_summary.txt
Saved: /perm/dnk8355/paper2026/netcdf_daily_1april2024_31march2026/METOP-C_20240813_OBSVALUE.nc
Saved: /perm/dnk8355/paper2026/netcdf_daily_1april2024_31march2026/METOP-C_20240813_EMIS_WATER.nc
Saved: /perm/dnk8355/paper2026/netcdf_daily_1april2024_31march2026/METOP-C_20240813_TAUSFC.nc
Saved: /perm/dnk8355/paper2026/netcdf_daily_1april2024_31march2026/METOP-C_20240813_TDOWN.nc
Saved: /perm/dnk8355/paper2026/netcdf_daily_1april2024_31march2026/METOP-C_20240813_TUP.nc
Saved: /perm/dnk8355/paper2026/netcdf_daily_1april2024_31march2026/METOP-C_20240813_TAUSFC_CLD.nc
Saved: /perm/dnk8355/paper2026/netcdf_daily_1april2024_31march2026/METOP-C_20240813_TDOWN_CLD.nc
Saved: /perm/dnk8355/paper2026/netcdf_daily_1april2024_31march2026/METOP-C_20240813_TUP_CLD.nc
Saved: /perm/dnk8355/paper2026/netcdf_daily_1april2024_31march2026/METOP-C_20240813_FG_DEP.nc
Saved: /perm/dnk8355/paper2026/netcdf_daily_1april2024_31march2026/METOP-C_20240813_AN_DEP.nc
[445382] Saved daily NetCDFs for amsua_ofb_lwda_20240813_NH_SH_variables_filtered_lsm_lower02.odb
Saved summary: /perm/dnk8355/paper2026/netcdf_daily_1april2024_31march2026/METOP-B_20240814_summary.txt
Saved: /perm/dnk8355/paper2026/netcdf_daily_1april2024_31march2026/METOP-B_20240814_OBSVALUE.nc
Saved: /perm/dnk8355/paper2026/netcdf_daily_1april2024_31march2026/METOP-B_20240814_EMIS_WATER.nc
Saved: /perm/dnk8355/paper2026/netcdf_daily_1april2024_31march2026/METOP-B_20240814_TAUSFC.nc
Saved: /perm/dnk8355/paper2026/netcdf_daily_1april2024_31march2026/METOP-B_20240814_TDOWN.nc
Saved: /perm/dnk8355/paper2026/netcdf_daily_1april2024_31march2026/METOP-B_20240814_TUP.nc
Saved: /perm/dnk8355/paper2026/netcdf_daily_1april2024_31march2026/METOP-B_20240814_TAUSFC_CLD.nc
Saved: /perm/dnk8355/paper2026/netcdf_daily_1april2024_31march2026/METOP-B_20240814_TDOWN_CLD.nc
Saved: /perm/dnk8355/paper2026/netcdf_daily_1april2024_31march2026/METOP-B_20240814_TUP_CLD.nc
Saved: /perm/dnk8355/paper2026/netcdf_daily_1april2024_31march2026/METOP-B_20240814_FG_DEP.nc
Saved: /perm/dnk8355/paper2026/netcdf_daily_1april2024_31march2026/METOP-B_20240814_AN_DEP.nc
Saved summary: /perm/dnk8355/paper2026/netcdf_daily_1april2024_31march2026/METOP-C_20240814_summary.txt
Saved: /perm/dnk8355/paper2026/netcdf_daily_1april2024_31march2026/METOP-C_20240814_OBSVALUE.nc
Saved: /perm/dnk8355/paper2026/netcdf_daily_1april2024_31march2026/METOP-C_20240814_EMIS_WATER.nc
Saved: /perm/dnk8355/paper2026/netcdf_daily_1april2024_31march2026/METOP-C_20240814_TAUSFC.nc
Saved: /perm/dnk8355/paper2026/netcdf_daily_1april2024_31march2026/METOP-C_20240814_TDOWN.nc
Saved: /perm/dnk8355/paper2026/netcdf_daily_1april2024_31march2026/METOP-C_20240814_TUP.nc
Saved: /perm/dnk8355/paper2026/netcdf_daily_1april2024_31march2026/METOP-C_20240814_TAUSFC_CLD.nc
Saved: /perm/dnk8355/paper2026/netcdf_daily_1april2024_31march2026/METOP-C_20240814_TDOWN_CLD.nc
Saved: /perm/dnk8355/paper2026/netcdf_daily_1april2024_31march2026/METOP-C_20240814_TUP_CLD.nc
Saved: /perm/dnk8355/paper2026/netcdf_daily_1april2024_31march2026/METOP-C_20240814_FG_DEP.nc
Saved: /perm/dnk8355/paper2026/netcdf_daily_1april2024_31march2026/METOP-C_20240814_AN_DEP.nc
[445382] Saved daily NetCDFs for amsua_ofb_lwda_20240814_NH_SH_variables_filtered_lsm_lower02.odb
Saved summary: /perm/dnk8355/paper2026/netcdf_daily_1april2024_31march2026/METOP-B_20240815_summary.txt
Saved: /perm/dnk8355/paper2026/netcdf_daily_1april2024_31march2026/METOP-B_20240815_OBSVALUE.nc
Saved: /perm/dnk8355/paper2026/netcdf_daily_1april2024_31march2026/METOP-B_20240815_EMIS_WATER.nc
Saved: /perm/dnk8355/paper2026/netcdf_daily_1april2024_31march2026/METOP-B_20240815_TAUSFC.nc
Saved: /perm/dnk8355/paper2026/netcdf_daily_1april2024_31march2026/METOP-B_20240815_TDOWN.nc
Saved: /perm/dnk8355/paper2026/netcdf_daily_1april2024_31march2026/METOP-B_20240815_TUP.nc
Saved: /perm/dnk8355/paper2026/netcdf_daily_1april2024_31march2026/METOP-B_20240815_TAUSFC_CLD.nc
Saved: /perm/dnk8355/paper2026/netcdf_daily_1april2024_31march2026/METOP-B_20240815_TDOWN_CLD.nc
Saved: /perm/dnk8355/paper2026/netcdf_daily_1april2024_31march2026/METOP-B_20240815_TUP_CLD.nc
Saved: /perm/dnk8355/paper2026/netcdf_daily_1april2024_31march2026/METOP-B_20240815_FG_DEP.nc
Saved: /perm/dnk8355/paper2026/netcdf_daily_1april2024_31march2026/METOP-B_20240815_AN_DEP.nc
Saved summary: /perm/dnk8355/paper2026/netcdf_daily_1april2024_31march2026/METOP-C_20240815_summary.txt
Saved: /perm/dnk8355/paper2026/netcdf_daily_1april2024_31march2026/METOP-C_20240815_OBSVALUE.nc
Saved: /perm/dnk8355/paper2026/netcdf_daily_1april2024_31march2026/METOP-C_20240815_EMIS_WATER.nc
Saved: /perm/dnk8355/paper2026/netcdf_daily_1april2024_31march2026/METOP-C_20240815_TAUSFC.nc
Saved: /perm/dnk8355/paper2026/netcdf_daily_1april2024_31march2026/METOP-C_20240815_TDOWN.nc
Saved: /perm/dnk8355/paper2026/netcdf_daily_1april2024_31march2026/METOP-C_20240815_TUP.nc
Saved: /perm/dnk8355/paper2026/netcdf_daily_1april2024_31march2026/METOP-C_20240815_TAUSFC_CLD.nc
Saved: /perm/dnk8355/paper2026/netcdf_daily_1april2024_31march2026/METOP-C_20240815_TDOWN_CLD.nc
Saved: /perm/dnk8355/paper2026/netcdf_daily_1april2024_31march2026/METOP-C_20240815_TUP_CLD.nc
Saved: /perm/dnk8355/paper2026/netcdf_daily_1april2024_31march2026/METOP-C_20240815_FG_DEP.nc
Saved: /perm/dnk8355/paper2026/netcdf_daily_1april2024_31march2026/METOP-C_20240815_AN_DEP.nc
[445382] Saved daily NetCDFs for amsua_ofb_lwda_20240815_NH_SH_variables_filtered_lsm_lower02.odb
Saved summary: /perm/dnk8355/paper2026/netcdf_daily_1april2024_31march2026/METOP-B_20240816_summary.txt
Saved: /perm/dnk8355/paper2026/netcdf_daily_1april2024_31march2026/METOP-B_20240816_OBSVALUE.nc
Saved: /perm/dnk8355/paper2026/netcdf_daily_1april2024_31march2026/METOP-B_20240816_EMIS_WATER.nc
Saved: /perm/dnk8355/paper2026/netcdf_daily_1april2024_31march2026/METOP-B_20240816_TAUSFC.nc
Saved: /perm/dnk8355/paper2026/netcdf_daily_1april2024_31march2026/METOP-B_20240816_TDOWN.nc
Saved: /perm/dnk8355/paper2026/netcdf_daily_1april2024_31march2026/METOP-B_20240816_TUP.nc
Saved: /perm/dnk8355/paper2026/netcdf_daily_1april2024_31march2026/METOP-B_20240816_TAUSFC_CLD.nc
Saved: /perm/dnk8355/paper2026/netcdf_daily_1april2024_31march2026/METOP-B_20240816_TDOWN_CLD.nc
Saved: /perm/dnk8355/paper2026/netcdf_daily_1april2024_31march2026/METOP-B_20240816_TUP_CLD.nc
Saved: /perm/dnk8355/paper2026/netcdf_daily_1april2024_31march2026/METOP-B_20240816_FG_DEP.nc
Saved: /perm/dnk8355/paper2026/netcdf_daily_1april2024_31march2026/METOP-B_20240816_AN_DEP.nc
Saved summary: /perm/dnk8355/paper2026/netcdf_daily_1april2024_31march2026/METOP-C_20240816_summary.txt
Saved: /perm/dnk8355/paper2026/netcdf_daily_1april2024_31march2026/METOP-C_20240816_OBSVALUE.nc
Saved: /perm/dnk8355/paper2026/netcdf_daily_1april2024_31march2026/METOP-C_20240816_EMIS_WATER.nc
Saved: /perm/dnk8355/paper2026/netcdf_daily_1april2024_31march2026/METOP-C_20240816_TAUSFC.nc
Saved: /perm/dnk8355/paper2026/netcdf_daily_1april2024_31march2026/METOP-C_20240816_TDOWN.nc
Saved: /perm/dnk8355/paper2026/netcdf_daily_1april2024_31march2026/METOP-C_20240816_TUP.nc
Saved: /perm/dnk8355/paper2026/netcdf_daily_1april2024_31march2026/METOP-C_20240816_TAUSFC_CLD.nc
Saved: /perm/dnk8355/paper2026/netcdf_daily_1april2024_31march2026/METOP-C_20240816_TDOWN_CLD.nc
Saved: /perm/dnk8355/paper2026/netcdf_daily_1april2024_31march2026/METOP-C_20240816_TUP_CLD.nc
Saved: /perm/dnk8355/paper2026/netcdf_daily_1april2024_31march2026/METOP-C_20240816_FG_DEP.nc
Saved: /perm/dnk8355/paper2026/netcdf_daily_1april2024_31march2026/METOP-C_20240816_AN_DEP.nc
[445382] Saved daily NetCDFs for amsua_ofb_lwda_20240816_NH_SH_variables_filtered_lsm_lower02.odb
Saved summary: /perm/dnk8355/paper2026/netcdf_daily_1april2024_31march2026/METOP-B_20250217_summary.txt
Saved: /perm/dnk8355/paper2026/netcdf_daily_1april2024_31march2026/METOP-B_20250217_OBSVALUE.nc
Saved: /perm/dnk8355/paper2026/netcdf_daily_1april2024_31march2026/METOP-B_20250217_EMIS_WATER.nc
Saved: /perm/dnk8355/paper2026/netcdf_daily_1april2024_31march2026/METOP-B_20250217_TAUSFC.nc
Saved: /perm/dnk8355/paper2026/netcdf_daily_1april2024_31march2026/METOP-B_20250217_TDOWN.nc
Saved: /perm/dnk8355/paper2026/netcdf_daily_1april2024_31march2026/METOP-B_20250217_TUP.nc
Saved: /perm/dnk8355/paper2026/netcdf_daily_1april2024_31march2026/METOP-B_20250217_TAUSFC_CLD.nc
Saved: /perm/dnk8355/paper2026/netcdf_daily_1april2024_31march2026/METOP-B_20250217_TDOWN_CLD.nc
Saved: /perm/dnk8355/paper2026/netcdf_daily_1april2024_31march2026/METOP-B_20250217_TUP_CLD.nc
Saved: /perm/dnk8355/paper2026/netcdf_daily_1april2024_31march2026/METOP-B_20250217_FG_DEP.nc
Saved: /perm/dnk8355/paper2026/netcdf_daily_1april2024_31march2026/METOP-B_20250217_AN_DEP.nc
Saved summary: /perm/dnk8355/paper2026/netcdf_daily_1april2024_31march2026/METOP-C_20250217_summary.txt
Saved: /perm/dnk8355/paper2026/netcdf_daily_1april2024_31march2026/METOP-C_20250217_OBSVALUE.nc
Saved: /perm/dnk8355/paper2026/netcdf_daily_1april2024_31march2026/METOP-C_20250217_EMIS_WATER.nc
Saved: /perm/dnk8355/paper2026/netcdf_daily_1april2024_31march2026/METOP-C_20250217_TAUSFC.nc
Saved: /perm/dnk8355/paper2026/netcdf_daily_1april2024_31march2026/METOP-C_20250217_TDOWN.nc
Saved: /perm/dnk8355/paper2026/netcdf_daily_1april2024_31march2026/METOP-C_20250217_TUP.nc
Saved: /perm/dnk8355/paper2026/netcdf_daily_1april2024_31march2026/METOP-C_20250217_TAUSFC_CLD.nc
Saved: /perm/dnk8355/paper2026/netcdf_daily_1april2024_31march2026/METOP-C_20250217_TDOWN_CLD.nc
Saved: /perm/dnk8355/paper2026/netcdf_daily_1april2024_31march2026/METOP-C_20250217_TUP_CLD.nc
Saved: /perm/dnk8355/paper2026/netcdf_daily_1april2024_31march2026/METOP-C_20250217_FG_DEP.nc
Saved: /perm/dnk8355/paper2026/netcdf_daily_1april2024_31march2026/METOP-C_20250217_AN_DEP.nc
[445382] Saved daily NetCDFs for amsua_ofb_lwda_20250217_NH_SH_variables_filtered_lsm_lower02.odb
Saved summary: /perm/dnk8355/paper2026/netcdf_daily_1april2024_31march2026/METOP-B_20250218_summary.txt
Saved: /perm/dnk8355/paper2026/netcdf_daily_1april2024_31march2026/METOP-B_20250218_OBSVALUE.nc
Saved: /perm/dnk8355/paper2026/netcdf_daily_1april2024_31march2026/METOP-B_20250218_EMIS_WATER.nc
Saved: /perm/dnk8355/paper2026/netcdf_daily_1april2024_31march2026/METOP-B_20250218_TAUSFC.nc
Saved: /perm/dnk8355/paper2026/netcdf_daily_1april2024_31march2026/METOP-B_20250218_TDOWN.nc
Saved: /perm/dnk8355/paper2026/netcdf_daily_1april2024_31march2026/METOP-B_20250218_TUP.nc
Saved: /perm/dnk8355/paper2026/netcdf_daily_1april2024_31march2026/METOP-B_20250218_TAUSFC_CLD.nc
Saved: /perm/dnk8355/paper2026/netcdf_daily_1april2024_31march2026/METOP-B_20250218_TDOWN_CLD.nc
Saved: /perm/dnk8355/paper2026/netcdf_daily_1april2024_31march2026/METOP-B_20250218_TUP_CLD.nc
Saved: /perm/dnk8355/paper2026/netcdf_daily_1april2024_31march2026/METOP-B_20250218_FG_DEP.nc
Saved: /perm/dnk8355/paper2026/netcdf_daily_1april2024_31march2026/METOP-B_20250218_AN_DEP.nc
Saved summary: /perm/dnk8355/paper2026/netcdf_daily_1april2024_31march2026/METOP-C_20250218_summary.txt
Saved: /perm/dnk8355/paper2026/netcdf_daily_1april2024_31march2026/METOP-C_20250218_OBSVALUE.nc
Saved: /perm/dnk8355/paper2026/netcdf_daily_1april2024_31march2026/METOP-C_20250218_EMIS_WATER.nc
Saved: /perm/dnk8355/paper2026/netcdf_daily_1april2024_31march2026/METOP-C_20250218_TAUSFC.nc
Saved: /perm/dnk8355/paper2026/netcdf_daily_1april2024_31march2026/METOP-C_20250218_TDOWN.nc
Saved: /perm/dnk8355/paper2026/netcdf_daily_1april2024_31march2026/METOP-C_20250218_TUP.nc
Saved: /perm/dnk8355/paper2026/netcdf_daily_1april2024_31march2026/METOP-C_20250218_TAUSFC_CLD.nc
Saved: /perm/dnk8355/paper2026/netcdf_daily_1april2024_31march2026/METOP-C_20250218_TDOWN_CLD.nc
Saved: /perm/dnk8355/paper2026/netcdf_daily_1april2024_31march2026/METOP-C_20250218_TUP_CLD.nc
Saved: /perm/dnk8355/paper2026/netcdf_daily_1april2024_31march2026/METOP-C_20250218_FG_DEP.nc
Saved: /perm/dnk8355/paper2026/netcdf_daily_1april2024_31march2026/METOP-C_20250218_AN_DEP.nc
[445382] Saved daily NetCDFs for amsua_ofb_lwda_20250218_NH_SH_variables_filtered_lsm_lower02.odb
Saved summary: /perm/dnk8355/paper2026/netcdf_daily_1april2024_31march2026/METOP-B_20250219_summary.txt
Saved: /perm/dnk8355/paper2026/netcdf_daily_1april2024_31march2026/METOP-B_20250219_OBSVALUE.nc
Saved: /perm/dnk8355/paper2026/netcdf_daily_1april2024_31march2026/METOP-B_20250219_EMIS_WATER.nc
Saved: /perm/dnk8355/paper2026/netcdf_daily_1april2024_31march2026/METOP-B_20250219_TAUSFC.nc
Saved: /perm/dnk8355/paper2026/netcdf_daily_1april2024_31march2026/METOP-B_20250219_TDOWN.nc
Saved: /perm/dnk8355/paper2026/netcdf_daily_1april2024_31march2026/METOP-B_20250219_TUP.nc
Saved: /perm/dnk8355/paper2026/netcdf_daily_1april2024_31march2026/METOP-B_20250219_TAUSFC_CLD.nc
Saved: /perm/dnk8355/paper2026/netcdf_daily_1april2024_31march2026/METOP-B_20250219_TDOWN_CLD.nc
Saved: /perm/dnk8355/paper2026/netcdf_daily_1april2024_31march2026/METOP-B_20250219_TUP_CLD.nc
Saved: /perm/dnk8355/paper2026/netcdf_daily_1april2024_31march2026/METOP-B_20250219_FG_DEP.nc
Saved: /perm/dnk8355/paper2026/netcdf_daily_1april2024_31march2026/METOP-B_20250219_AN_DEP.nc
Saved summary: /perm/dnk8355/paper2026/netcdf_daily_1april2024_31march2026/METOP-C_20250219_summary.txt
Saved: /perm/dnk8355/paper2026/netcdf_daily_1april2024_31march2026/METOP-C_20250219_OBSVALUE.nc
Saved: /perm/dnk8355/paper2026/netcdf_daily_1april2024_31march2026/METOP-C_20250219_EMIS_WATER.nc
Saved: /perm/dnk8355/paper2026/netcdf_daily_1april2024_31march2026/METOP-C_20250219_TAUSFC.nc
Saved: /perm/dnk8355/paper2026/netcdf_daily_1april2024_31march2026/METOP-C_20250219_TDOWN.nc
Saved: /perm/dnk8355/paper2026/netcdf_daily_1april2024_31march2026/METOP-C_20250219_TUP.nc
Saved: /perm/dnk8355/paper2026/netcdf_daily_1april2024_31march2026/METOP-C_20250219_TAUSFC_CLD.nc
Saved: /perm/dnk8355/paper2026/netcdf_daily_1april2024_31march2026/METOP-C_20250219_TDOWN_CLD.nc
Saved: /perm/dnk8355/paper2026/netcdf_daily_1april2024_31march2026/METOP-C_20250219_TUP_CLD.nc
Saved: /perm/dnk8355/paper2026/netcdf_daily_1april2024_31march2026/METOP-C_20250219_FG_DEP.nc
Saved: /perm/dnk8355/paper2026/netcdf_daily_1april2024_31march2026/METOP-C_20250219_AN_DEP.nc
[445382] Saved daily NetCDFs for amsua_ofb_lwda_20250219_NH_SH_variables_filtered_lsm_lower02.odb
Saved summary: /perm/dnk8355/paper2026/netcdf_daily_1april2024_31march2026/METOP-B_20250220_summary.txt
Saved: /perm/dnk8355/paper2026/netcdf_daily_1april2024_31march2026/METOP-B_20250220_OBSVALUE.nc
Saved: /perm/dnk8355/paper2026/netcdf_daily_1april2024_31march2026/METOP-B_20250220_EMIS_WATER.nc
Saved: /perm/dnk8355/paper2026/netcdf_daily_1april2024_31march2026/METOP-B_20250220_TAUSFC.nc
Saved: /perm/dnk8355/paper2026/netcdf_daily_1april2024_31march2026/METOP-B_20250220_TDOWN.nc
Saved: /perm/dnk8355/paper2026/netcdf_daily_1april2024_31march2026/METOP-B_20250220_TUP.nc
Saved: /perm/dnk8355/paper2026/netcdf_daily_1april2024_31march2026/METOP-B_20250220_TAUSFC_CLD.nc
Saved: /perm/dnk8355/paper2026/netcdf_daily_1april2024_31march2026/METOP-B_20250220_TDOWN_CLD.nc
Saved: /perm/dnk8355/paper2026/netcdf_daily_1april2024_31march2026/METOP-B_20250220_TUP_CLD.nc
Saved: /perm/dnk8355/paper2026/netcdf_daily_1april2024_31march2026/METOP-B_20250220_FG_DEP.nc
Saved: /perm/dnk8355/paper2026/netcdf_daily_1april2024_31march2026/METOP-B_20250220_AN_DEP.nc
Saved summary: /perm/dnk8355/paper2026/netcdf_daily_1april2024_31march2026/METOP-C_20250220_summary.txt
Saved: /perm/dnk8355/paper2026/netcdf_daily_1april2024_31march2026/METOP-C_20250220_OBSVALUE.nc
Saved: /perm/dnk8355/paper2026/netcdf_daily_1april2024_31march2026/METOP-C_20250220_EMIS_WATER.nc
Saved: /perm/dnk8355/paper2026/netcdf_daily_1april2024_31march2026/METOP-C_20250220_TAUSFC.nc
Saved: /perm/dnk8355/paper2026/netcdf_daily_1april2024_31march2026/METOP-C_20250220_TDOWN.nc
Saved: /perm/dnk8355/paper2026/netcdf_daily_1april2024_31march2026/METOP-C_20250220_TUP.nc
Saved: /perm/dnk8355/paper2026/netcdf_daily_1april2024_31march2026/METOP-C_20250220_TAUSFC_CLD.nc
Saved: /perm/dnk8355/paper2026/netcdf_daily_1april2024_31march2026/METOP-C_20250220_TDOWN_CLD.nc
Saved: /perm/dnk8355/paper2026/netcdf_daily_1april2024_31march2026/METOP-C_20250220_TUP_CLD.nc
Saved: /perm/dnk8355/paper2026/netcdf_daily_1april2024_31march2026/METOP-C_20250220_FG_DEP.nc
Saved: /perm/dnk8355/paper2026/netcdf_daily_1april2024_31march2026/METOP-C_20250220_AN_DEP.nc
[445382] Saved daily NetCDFs for amsua_ofb_lwda_20250220_NH_SH_variables_filtered_lsm_lower02.odb
Saved summary: /perm/dnk8355/paper2026/netcdf_daily_1april2024_31march2026/METOP-B_20250221_summary.txt
Saved: /perm/dnk8355/paper2026/netcdf_daily_1april2024_31march2026/METOP-B_20250221_OBSVALUE.nc
Saved: /perm/dnk8355/paper2026/netcdf_daily_1april2024_31march2026/METOP-B_20250221_EMIS_WATER.nc
Saved: /perm/dnk8355/paper2026/netcdf_daily_1april2024_31march2026/METOP-B_20250221_TAUSFC.nc
Saved: /perm/dnk8355/paper2026/netcdf_daily_1april2024_31march2026/METOP-B_20250221_TDOWN.nc
Saved: /perm/dnk8355/paper2026/netcdf_daily_1april2024_31march2026/METOP-B_20250221_TUP.nc
Saved: /perm/dnk8355/paper2026/netcdf_daily_1april2024_31march2026/METOP-B_20250221_TAUSFC_CLD.nc
Saved: /perm/dnk8355/paper2026/netcdf_daily_1april2024_31march2026/METOP-B_20250221_TDOWN_CLD.nc
Saved: /perm/dnk8355/paper2026/netcdf_daily_1april2024_31march2026/METOP-B_20250221_TUP_CLD.nc
Saved: /perm/dnk8355/paper2026/netcdf_daily_1april2024_31march2026/METOP-B_20250221_FG_DEP.nc
Saved: /perm/dnk8355/paper2026/netcdf_daily_1april2024_31march2026/METOP-B_20250221_AN_DEP.nc
Saved summary: /perm/dnk8355/paper2026/netcdf_daily_1april2024_31march2026/METOP-C_20250221_summary.txt
Saved: /perm/dnk8355/paper2026/netcdf_daily_1april2024_31march2026/METOP-C_20250221_OBSVALUE.nc
Saved: /perm/dnk8355/paper2026/netcdf_daily_1april2024_31march2026/METOP-C_20250221_EMIS_WATER.nc
Saved: /perm/dnk8355/paper2026/netcdf_daily_1april2024_31march2026/METOP-C_20250221_TAUSFC.nc
Saved: /perm/dnk8355/paper2026/netcdf_daily_1april2024_31march2026/METOP-C_20250221_TDOWN.nc
Saved: /perm/dnk8355/paper2026/netcdf_daily_1april2024_31march2026/METOP-C_20250221_TUP.nc
Saved: /perm/dnk8355/paper2026/netcdf_daily_1april2024_31march2026/METOP-C_20250221_TAUSFC_CLD.nc
Saved: /perm/dnk8355/paper2026/netcdf_daily_1april2024_31march2026/METOP-C_20250221_TDOWN_CLD.nc
Saved: /perm/dnk8355/paper2026/netcdf_daily_1april2024_31march2026/METOP-C_20250221_TUP_CLD.nc
Saved: /perm/dnk8355/paper2026/netcdf_daily_1april2024_31march2026/METOP-C_20250221_FG_DEP.nc
Saved: /perm/dnk8355/paper2026/netcdf_daily_1april2024_31march2026/METOP-C_20250221_AN_DEP.nc
[445382] Saved daily NetCDFs for amsua_ofb_lwda_20250221_NH_SH_variables_filtered_lsm_lower02.odb
Saved summary: /perm/dnk8355/paper2026/netcdf_daily_1april2024_31march2026/METOP-B_20250222_summary.txt
Saved: /perm/dnk8355/paper2026/netcdf_daily_1april2024_31march2026/METOP-B_20250222_OBSVALUE.nc
Saved: /perm/dnk8355/paper2026/netcdf_daily_1april2024_31march2026/METOP-B_20250222_EMIS_WATER.nc
Saved: /perm/dnk8355/paper2026/netcdf_daily_1april2024_31march2026/METOP-B_20250222_TAUSFC.nc
Saved: /perm/dnk8355/paper2026/netcdf_daily_1april2024_31march2026/METOP-B_20250222_TDOWN.nc
Saved: /perm/dnk8355/paper2026/netcdf_daily_1april2024_31march2026/METOP-B_20250222_TUP.nc
Saved: /perm/dnk8355/paper2026/netcdf_daily_1april2024_31march2026/METOP-B_20250222_TAUSFC_CLD.nc
Saved: /perm/dnk8355/paper2026/netcdf_daily_1april2024_31march2026/METOP-B_20250222_TDOWN_CLD.nc
Saved: /perm/dnk8355/paper2026/netcdf_daily_1april2024_31march2026/METOP-B_20250222_TUP_CLD.nc
Saved: /perm/dnk8355/paper2026/netcdf_daily_1april2024_31march2026/METOP-B_20250222_FG_DEP.nc
Saved: /perm/dnk8355/paper2026/netcdf_daily_1april2024_31march2026/METOP-B_20250222_AN_DEP.nc
Saved summary: /perm/dnk8355/paper2026/netcdf_daily_1april2024_31march2026/METOP-C_20250222_summary.txt
Saved: /perm/dnk8355/paper2026/netcdf_daily_1april2024_31march2026/METOP-C_20250222_OBSVALUE.nc
Saved: /perm/dnk8355/paper2026/netcdf_daily_1april2024_31march2026/METOP-C_20250222_EMIS_WATER.nc
Saved: /perm/dnk8355/paper2026/netcdf_daily_1april2024_31march2026/METOP-C_20250222_TAUSFC.nc
Saved: /perm/dnk8355/paper2026/netcdf_daily_1april2024_31march2026/METOP-C_20250222_TDOWN.nc
Saved: /perm/dnk8355/paper2026/netcdf_daily_1april2024_31march2026/METOP-C_20250222_TUP.nc
Saved: /perm/dnk8355/paper2026/netcdf_daily_1april2024_31march2026/METOP-C_20250222_TAUSFC_CLD.nc
Saved: /perm/dnk8355/paper2026/netcdf_daily_1april2024_31march2026/METOP-C_20250222_TDOWN_CLD.nc
Saved: /perm/dnk8355/paper2026/netcdf_daily_1april2024_31march2026/METOP-C_20250222_TUP_CLD.nc
Saved: /perm/dnk8355/paper2026/netcdf_daily_1april2024_31march2026/METOP-C_20250222_FG_DEP.nc
Saved: /perm/dnk8355/paper2026/netcdf_daily_1april2024_31march2026/METOP-C_20250222_AN_DEP.nc
[445382] Saved daily NetCDFs for amsua_ofb_lwda_20250222_NH_SH_variables_filtered_lsm_lower02.odb
Saved summary: /perm/dnk8355/paper2026/netcdf_daily_1april2024_31march2026/METOP-B_20250223_summary.txt
Saved: /perm/dnk8355/paper2026/netcdf_daily_1april2024_31march2026/METOP-B_20250223_OBSVALUE.nc
Saved: /perm/dnk8355/paper2026/netcdf_daily_1april2024_31march2026/METOP-B_20250223_EMIS_WATER.nc
Saved: /perm/dnk8355/paper2026/netcdf_daily_1april2024_31march2026/METOP-B_20250223_TAUSFC.nc
Saved: /perm/dnk8355/paper2026/netcdf_daily_1april2024_31march2026/METOP-B_20250223_TDOWN.nc
Saved: /perm/dnk8355/paper2026/netcdf_daily_1april2024_31march2026/METOP-B_20250223_TUP.nc
Saved: /perm/dnk8355/paper2026/netcdf_daily_1april2024_31march2026/METOP-B_20250223_TAUSFC_CLD.nc
Saved: /perm/dnk8355/paper2026/netcdf_daily_1april2024_31march2026/METOP-B_20250223_TDOWN_CLD.nc
Saved: /perm/dnk8355/paper2026/netcdf_daily_1april2024_31march2026/METOP-B_20250223_TUP_CLD.nc
Saved: /perm/dnk8355/paper2026/netcdf_daily_1april2024_31march2026/METOP-B_20250223_FG_DEP.nc
Saved: /perm/dnk8355/paper2026/netcdf_daily_1april2024_31march2026/METOP-B_20250223_AN_DEP.nc
Saved summary: /perm/dnk8355/paper2026/netcdf_daily_1april2024_31march2026/METOP-C_20250223_summary.txt
Saved: /perm/dnk8355/paper2026/netcdf_daily_1april2024_31march2026/METOP-C_20250223_OBSVALUE.nc
Saved: /perm/dnk8355/paper2026/netcdf_daily_1april2024_31march2026/METOP-C_20250223_EMIS_WATER.nc
Saved: /perm/dnk8355/paper2026/netcdf_daily_1april2024_31march2026/METOP-C_20250223_TAUSFC.nc
Saved: /perm/dnk8355/paper2026/netcdf_daily_1april2024_31march2026/METOP-C_20250223_TDOWN.nc
Saved: /perm/dnk8355/paper2026/netcdf_daily_1april2024_31march2026/METOP-C_20250223_TUP.nc
Saved: /perm/dnk8355/paper2026/netcdf_daily_1april2024_31march2026/METOP-C_20250223_TAUSFC_CLD.nc
Saved: /perm/dnk8355/paper2026/netcdf_daily_1april2024_31march2026/METOP-C_20250223_TDOWN_CLD.nc
Saved: /perm/dnk8355/paper2026/netcdf_daily_1april2024_31march2026/METOP-C_20250223_TUP_CLD.nc
Saved: /perm/dnk8355/paper2026/netcdf_daily_1april2024_31march2026/METOP-C_20250223_FG_DEP.nc
Saved: /perm/dnk8355/paper2026/netcdf_daily_1april2024_31march2026/METOP-C_20250223_AN_DEP.nc
[445382] Saved daily NetCDFs for amsua_ofb_lwda_20250223_NH_SH_variables_filtered_lsm_lower02.odb
Saved summary: /perm/dnk8355/paper2026/netcdf_daily_1april2024_31march2026/METOP-B_20250224_summary.txt
Saved: /perm/dnk8355/paper2026/netcdf_daily_1april2024_31march2026/METOP-B_20250224_OBSVALUE.nc
Saved: /perm/dnk8355/paper2026/netcdf_daily_1april2024_31march2026/METOP-B_20250224_EMIS_WATER.nc
Saved: /perm/dnk8355/paper2026/netcdf_daily_1april2024_31march2026/METOP-B_20250224_TAUSFC.nc
Saved: /perm/dnk8355/paper2026/netcdf_daily_1april2024_31march2026/METOP-B_20250224_TDOWN.nc
Saved: /perm/dnk8355/paper2026/netcdf_daily_1april2024_31march2026/METOP-B_20250224_TUP.nc
Saved: /perm/dnk8355/paper2026/netcdf_daily_1april2024_31march2026/METOP-B_20250224_TAUSFC_CLD.nc
Saved: /perm/dnk8355/paper2026/netcdf_daily_1april2024_31march2026/METOP-B_20250224_TDOWN_CLD.nc
Saved: /perm/dnk8355/paper2026/netcdf_daily_1april2024_31march2026/METOP-B_20250224_TUP_CLD.nc
Saved: /perm/dnk8355/paper2026/netcdf_daily_1april2024_31march2026/METOP-B_20250224_FG_DEP.nc
Saved: /perm/dnk8355/paper2026/netcdf_daily_1april2024_31march2026/METOP-B_20250224_AN_DEP.nc
Saved summary: /perm/dnk8355/paper2026/netcdf_daily_1april2024_31march2026/METOP-C_20250224_summary.txt
Saved: /perm/dnk8355/paper2026/netcdf_daily_1april2024_31march2026/METOP-C_20250224_OBSVALUE.nc
Saved: /perm/dnk8355/paper2026/netcdf_daily_1april2024_31march2026/METOP-C_20250224_EMIS_WATER.nc
Saved: /perm/dnk8355/paper2026/netcdf_daily_1april2024_31march2026/METOP-C_20250224_TAUSFC.nc
Saved: /perm/dnk8355/paper2026/netcdf_daily_1april2024_31march2026/METOP-C_20250224_TDOWN.nc
Saved: /perm/dnk8355/paper2026/netcdf_daily_1april2024_31march2026/METOP-C_20250224_TUP.nc
Saved: /perm/dnk8355/paper2026/netcdf_daily_1april2024_31march2026/METOP-C_20250224_TAUSFC_CLD.nc
Saved: /perm/dnk8355/paper2026/netcdf_daily_1april2024_31march2026/METOP-C_20250224_TDOWN_CLD.nc
Saved: /perm/dnk8355/paper2026/netcdf_daily_1april2024_31march2026/METOP-C_20250224_TUP_CLD.nc
Saved: /perm/dnk8355/paper2026/netcdf_daily_1april2024_31march2026/METOP-C_20250224_FG_DEP.nc
Saved: /perm/dnk8355/paper2026/netcdf_daily_1april2024_31march2026/METOP-C_20250224_AN_DEP.nc
[445382] Saved daily NetCDFs for amsua_ofb_lwda_20250224_NH_SH_variables_filtered_lsm_lower02.odb
Saved summary: /perm/dnk8355/paper2026/netcdf_daily_1april2024_31march2026/METOP-B_20250225_summary.txt
Saved: /perm/dnk8355/paper2026/netcdf_daily_1april2024_31march2026/METOP-B_20250225_OBSVALUE.nc
Saved: /perm/dnk8355/paper2026/netcdf_daily_1april2024_31march2026/METOP-B_20250225_EMIS_WATER.nc
Saved: /perm/dnk8355/paper2026/netcdf_daily_1april2024_31march2026/METOP-B_20250225_TAUSFC.nc
Saved: /perm/dnk8355/paper2026/netcdf_daily_1april2024_31march2026/METOP-B_20250225_TDOWN.nc
Saved: /perm/dnk8355/paper2026/netcdf_daily_1april2024_31march2026/METOP-B_20250225_TUP.nc
Saved: /perm/dnk8355/paper2026/netcdf_daily_1april2024_31march2026/METOP-B_20250225_TAUSFC_CLD.nc
Saved: /perm/dnk8355/paper2026/netcdf_daily_1april2024_31march2026/METOP-B_20250225_TDOWN_CLD.nc
Saved: /perm/dnk8355/paper2026/netcdf_daily_1april2024_31march2026/METOP-B_20250225_TUP_CLD.nc
Saved: /perm/dnk8355/paper2026/netcdf_daily_1april2024_31march2026/METOP-B_20250225_FG_DEP.nc
Saved: /perm/dnk8355/paper2026/netcdf_daily_1april2024_31march2026/METOP-B_20250225_AN_DEP.nc
Saved summary: /perm/dnk8355/paper2026/netcdf_daily_1april2024_31march2026/METOP-C_20250225_summary.txt
Saved: /perm/dnk8355/paper2026/netcdf_daily_1april2024_31march2026/METOP-C_20250225_OBSVALUE.nc
Saved: /perm/dnk8355/paper2026/netcdf_daily_1april2024_31march2026/METOP-C_20250225_EMIS_WATER.nc
Saved: /perm/dnk8355/paper2026/netcdf_daily_1april2024_31march2026/METOP-C_20250225_TAUSFC.nc
Saved: /perm/dnk8355/paper2026/netcdf_daily_1april2024_31march2026/METOP-C_20250225_TDOWN.nc
Saved: /perm/dnk8355/paper2026/netcdf_daily_1april2024_31march2026/METOP-C_20250225_TUP.nc
Saved: /perm/dnk8355/paper2026/netcdf_daily_1april2024_31march2026/METOP-C_20250225_TAUSFC_CLD.nc
Saved: /perm/dnk8355/paper2026/netcdf_daily_1april2024_31march2026/METOP-C_20250225_TDOWN_CLD.nc
Saved: /perm/dnk8355/paper2026/netcdf_daily_1april2024_31march2026/METOP-C_20250225_TUP_CLD.nc
Saved: /perm/dnk8355/paper2026/netcdf_daily_1april2024_31march2026/METOP-C_20250225_FG_DEP.nc
Saved: /perm/dnk8355/paper2026/netcdf_daily_1april2024_31march2026/METOP-C_20250225_AN_DEP.nc
[445382] Saved daily NetCDFs for amsua_ofb_lwda_20250225_NH_SH_variables_filtered_lsm_lower02.odb
Saved summary: /perm/dnk8355/paper2026/netcdf_daily_1april2024_31march2026/METOP-B_20250226_summary.txt
Saved: /perm/dnk8355/paper2026/netcdf_daily_1april2024_31march2026/METOP-B_20250226_OBSVALUE.nc
Saved: /perm/dnk8355/paper2026/netcdf_daily_1april2024_31march2026/METOP-B_20250226_EMIS_WATER.nc
Saved: /perm/dnk8355/paper2026/netcdf_daily_1april2024_31march2026/METOP-B_20250226_TAUSFC.nc
Saved: /perm/dnk8355/paper2026/netcdf_daily_1april2024_31march2026/METOP-B_20250226_TDOWN.nc
Saved: /perm/dnk8355/paper2026/netcdf_daily_1april2024_31march2026/METOP-B_20250226_TUP.nc
Saved: /perm/dnk8355/paper2026/netcdf_daily_1april2024_31march2026/METOP-B_20250226_TAUSFC_CLD.nc
Saved: /perm/dnk8355/paper2026/netcdf_daily_1april2024_31march2026/METOP-B_20250226_TDOWN_CLD.nc
Saved: /perm/dnk8355/paper2026/netcdf_daily_1april2024_31march2026/METOP-B_20250226_TUP_CLD.nc
Saved: /perm/dnk8355/paper2026/netcdf_daily_1april2024_31march2026/METOP-B_20250226_FG_DEP.nc
Saved: /perm/dnk8355/paper2026/netcdf_daily_1april2024_31march2026/METOP-B_20250226_AN_DEP.nc
Saved summary: /perm/dnk8355/paper2026/netcdf_daily_1april2024_31march2026/METOP-C_20250226_summary.txt
Saved: /perm/dnk8355/paper2026/netcdf_daily_1april2024_31march2026/METOP-C_20250226_OBSVALUE.nc
Saved: /perm/dnk8355/paper2026/netcdf_daily_1april2024_31march2026/METOP-C_20250226_EMIS_WATER.nc
Saved: /perm/dnk8355/paper2026/netcdf_daily_1april2024_31march2026/METOP-C_20250226_TAUSFC.nc
Saved: /perm/dnk8355/paper2026/netcdf_daily_1april2024_31march2026/METOP-C_20250226_TDOWN.nc
Saved: /perm/dnk8355/paper2026/netcdf_daily_1april2024_31march2026/METOP-C_20250226_TUP.nc
Saved: /perm/dnk8355/paper2026/netcdf_daily_1april2024_31march2026/METOP-C_20250226_TAUSFC_CLD.nc
Saved: /perm/dnk8355/paper2026/netcdf_daily_1april2024_31march2026/METOP-C_20250226_TDOWN_CLD.nc
Saved: /perm/dnk8355/paper2026/netcdf_daily_1april2024_31march2026/METOP-C_20250226_TUP_CLD.nc
Saved: /perm/dnk8355/paper2026/netcdf_daily_1april2024_31march2026/METOP-C_20250226_FG_DEP.nc
Saved: /perm/dnk8355/paper2026/netcdf_daily_1april2024_31march2026/METOP-C_20250226_AN_DEP.nc
[445382] Saved daily NetCDFs for amsua_ofb_lwda_20250226_NH_SH_variables_filtered_lsm_lower02.odb
Saved summary: /perm/dnk8355/paper2026/netcdf_daily_1april2024_31march2026/METOP-B_20250227_summary.txt
Saved: /perm/dnk8355/paper2026/netcdf_daily_1april2024_31march2026/METOP-B_20250227_OBSVALUE.nc
Saved: /perm/dnk8355/paper2026/netcdf_daily_1april2024_31march2026/METOP-B_20250227_EMIS_WATER.nc
Saved: /perm/dnk8355/paper2026/netcdf_daily_1april2024_31march2026/METOP-B_20250227_TAUSFC.nc
Saved: /perm/dnk8355/paper2026/netcdf_daily_1april2024_31march2026/METOP-B_20250227_TDOWN.nc
Saved: /perm/dnk8355/paper2026/netcdf_daily_1april2024_31march2026/METOP-B_20250227_TUP.nc
Saved: /perm/dnk8355/paper2026/netcdf_daily_1april2024_31march2026/METOP-B_20250227_TAUSFC_CLD.nc
Saved: /perm/dnk8355/paper2026/netcdf_daily_1april2024_31march2026/METOP-B_20250227_TDOWN_CLD.nc
Saved: /perm/dnk8355/paper2026/netcdf_daily_1april2024_31march2026/METOP-B_20250227_TUP_CLD.nc
Saved: /perm/dnk8355/paper2026/netcdf_daily_1april2024_31march2026/METOP-B_20250227_FG_DEP.nc
Saved: /perm/dnk8355/paper2026/netcdf_daily_1april2024_31march2026/METOP-B_20250227_AN_DEP.nc
Saved summary: /perm/dnk8355/paper2026/netcdf_daily_1april2024_31march2026/METOP-C_20250227_summary.txt
Saved: /perm/dnk8355/paper2026/netcdf_daily_1april2024_31march2026/METOP-C_20250227_OBSVALUE.nc
Saved: /perm/dnk8355/paper2026/netcdf_daily_1april2024_31march2026/METOP-C_20250227_EMIS_WATER.nc
Saved: /perm/dnk8355/paper2026/netcdf_daily_1april2024_31march2026/METOP-C_20250227_TAUSFC.nc
Saved: /perm/dnk8355/paper2026/netcdf_daily_1april2024_31march2026/METOP-C_20250227_TDOWN.nc
Saved: /perm/dnk8355/paper2026/netcdf_daily_1april2024_31march2026/METOP-C_20250227_TUP.nc
Saved: /perm/dnk8355/paper2026/netcdf_daily_1april2024_31march2026/METOP-C_20250227_TAUSFC_CLD.nc
Saved: /perm/dnk8355/paper2026/netcdf_daily_1april2024_31march2026/METOP-C_20250227_TDOWN_CLD.nc
Saved: /perm/dnk8355/paper2026/netcdf_daily_1april2024_31march2026/METOP-C_20250227_TUP_CLD.nc
Saved: /perm/dnk8355/paper2026/netcdf_daily_1april2024_31march2026/METOP-C_20250227_FG_DEP.nc
Saved: /perm/dnk8355/paper2026/netcdf_daily_1april2024_31march2026/METOP-C_20250227_AN_DEP.nc
[445382] Saved daily NetCDFs for amsua_ofb_lwda_20250227_NH_SH_variables_filtered_lsm_lower02.odb
Saved summary: /perm/dnk8355/paper2026/netcdf_daily_1april2024_31march2026/METOP-B_20250228_summary.txt
Saved: /perm/dnk8355/paper2026/netcdf_daily_1april2024_31march2026/METOP-B_20250228_OBSVALUE.nc
Saved: /perm/dnk8355/paper2026/netcdf_daily_1april2024_31march2026/METOP-B_20250228_EMIS_WATER.nc
Saved: /perm/dnk8355/paper2026/netcdf_daily_1april2024_31march2026/METOP-B_20250228_TAUSFC.nc
Saved: /perm/dnk8355/paper2026/netcdf_daily_1april2024_31march2026/METOP-B_20250228_TDOWN.nc
Saved: /perm/dnk8355/paper2026/netcdf_daily_1april2024_31march2026/METOP-B_20250228_TUP.nc
Saved: /perm/dnk8355/paper2026/netcdf_daily_1april2024_31march2026/METOP-B_20250228_TAUSFC_CLD.nc
Saved: /perm/dnk8355/paper2026/netcdf_daily_1april2024_31march2026/METOP-B_20250228_TDOWN_CLD.nc
Saved: /perm/dnk8355/paper2026/netcdf_daily_1april2024_31march2026/METOP-B_20250228_TUP_CLD.nc
Saved: /perm/dnk8355/paper2026/netcdf_daily_1april2024_31march2026/METOP-B_20250228_FG_DEP.nc
Saved: /perm/dnk8355/paper2026/netcdf_daily_1april2024_31march2026/METOP-B_20250228_AN_DEP.nc
Saved summary: /perm/dnk8355/paper2026/netcdf_daily_1april2024_31march2026/METOP-C_20250228_summary.txt
Saved: /perm/dnk8355/paper2026/netcdf_daily_1april2024_31march2026/METOP-C_20250228_OBSVALUE.nc
Saved: /perm/dnk8355/paper2026/netcdf_daily_1april2024_31march2026/METOP-C_20250228_EMIS_WATER.nc
Saved: /perm/dnk8355/paper2026/netcdf_daily_1april2024_31march2026/METOP-C_20250228_TAUSFC.nc
Saved: /perm/dnk8355/paper2026/netcdf_daily_1april2024_31march2026/METOP-C_20250228_TDOWN.nc
Saved: /perm/dnk8355/paper2026/netcdf_daily_1april2024_31march2026/METOP-C_20250228_TUP.nc
Saved: /perm/dnk8355/paper2026/netcdf_daily_1april2024_31march2026/METOP-C_20250228_TAUSFC_CLD.nc
Saved: /perm/dnk8355/paper2026/netcdf_daily_1april2024_31march2026/METOP-C_20250228_TDOWN_CLD.nc
Saved: /perm/dnk8355/paper2026/netcdf_daily_1april2024_31march2026/METOP-C_20250228_TUP_CLD.nc
Saved: /perm/dnk8355/paper2026/netcdf_daily_1april2024_31march2026/METOP-C_20250228_FG_DEP.nc
Saved: /perm/dnk8355/paper2026/netcdf_daily_1april2024_31march2026/METOP-C_20250228_AN_DEP.nc
[445382] Saved daily NetCDFs for amsua_ofb_lwda_20250228_NH_SH_variables_filtered_lsm_lower02.odb
Saved summary: /perm/dnk8355/paper2026/netcdf_daily_1april2024_31march2026/METOP-B_20250301_summary.txt
Saved: /perm/dnk8355/paper2026/netcdf_daily_1april2024_31march2026/METOP-B_20250301_OBSVALUE.nc
Saved: /perm/dnk8355/paper2026/netcdf_daily_1april2024_31march2026/METOP-B_20250301_EMIS_WATER.nc
Saved: /perm/dnk8355/paper2026/netcdf_daily_1april2024_31march2026/METOP-B_20250301_TAUSFC.nc
Saved: /perm/dnk8355/paper2026/netcdf_daily_1april2024_31march2026/METOP-B_20250301_TDOWN.nc
Saved: /perm/dnk8355/paper2026/netcdf_daily_1april2024_31march2026/METOP-B_20250301_TUP.nc
Saved: /perm/dnk8355/paper2026/netcdf_daily_1april2024_31march2026/METOP-B_20250301_TAUSFC_CLD.nc
Saved: /perm/dnk8355/paper2026/netcdf_daily_1april2024_31march2026/METOP-B_20250301_TDOWN_CLD.nc
Saved: /perm/dnk8355/paper2026/netcdf_daily_1april2024_31march2026/METOP-B_20250301_TUP_CLD.nc
Saved: /perm/dnk8355/paper2026/netcdf_daily_1april2024_31march2026/METOP-B_20250301_FG_DEP.nc
Saved: /perm/dnk8355/paper2026/netcdf_daily_1april2024_31march2026/METOP-B_20250301_AN_DEP.nc
Saved summary: /perm/dnk8355/paper2026/netcdf_daily_1april2024_31march2026/METOP-C_20250301_summary.txt
Saved: /perm/dnk8355/paper2026/netcdf_daily_1april2024_31march2026/METOP-C_20250301_OBSVALUE.nc
Saved: /perm/dnk8355/paper2026/netcdf_daily_1april2024_31march2026/METOP-C_20250301_EMIS_WATER.nc
Saved: /perm/dnk8355/paper2026/netcdf_daily_1april2024_31march2026/METOP-C_20250301_TAUSFC.nc
Saved: /perm/dnk8355/paper2026/netcdf_daily_1april2024_31march2026/METOP-C_20250301_TDOWN.nc
Saved: /perm/dnk8355/paper2026/netcdf_daily_1april2024_31march2026/METOP-C_20250301_TUP.nc
Saved: /perm/dnk8355/paper2026/netcdf_daily_1april2024_31march2026/METOP-C_20250301_TAUSFC_CLD.nc
Saved: /perm/dnk8355/paper2026/netcdf_daily_1april2024_31march2026/METOP-C_20250301_TDOWN_CLD.nc
Saved: /perm/dnk8355/paper2026/netcdf_daily_1april2024_31march2026/METOP-C_20250301_TUP_CLD.nc
Saved: /perm/dnk8355/paper2026/netcdf_daily_1april2024_31march2026/METOP-C_20250301_FG_DEP.nc
Saved: /perm/dnk8355/paper2026/netcdf_daily_1april2024_31march2026/METOP-C_20250301_AN_DEP.nc
[445382] Saved daily NetCDFs for amsua_ofb_lwda_20250301_NH_SH_variables_filtered_lsm_lower02.odb
Saved summary: /perm/dnk8355/paper2026/netcdf_daily_1april2024_31march2026/METOP-B_20250302_summary.txt
Saved: /perm/dnk8355/paper2026/netcdf_daily_1april2024_31march2026/METOP-B_20250302_OBSVALUE.nc
Saved: /perm/dnk8355/paper2026/netcdf_daily_1april2024_31march2026/METOP-B_20250302_EMIS_WATER.nc
Saved: /perm/dnk8355/paper2026/netcdf_daily_1april2024_31march2026/METOP-C_20240430_EMIS_WATER.nc
Saved: /perm/dnk8355/paper2026/netcdf_daily_1april2024_31march2026/METOP-C_20240430_TAUSFC.nc
Saved: /perm/dnk8355/paper2026/netcdf_daily_1april2024_31march2026/METOP-C_20240430_TDOWN.nc
Saved: /perm/dnk8355/paper2026/netcdf_daily_1april2024_31march2026/METOP-C_20240430_TUP.nc
Saved: /perm/dnk8355/paper2026/netcdf_daily_1april2024_31march2026/METOP-C_20240430_TAUSFC_CLD.nc
Saved: /perm/dnk8355/paper2026/netcdf_daily_1april2024_31march2026/METOP-C_20240430_TDOWN_CLD.nc
Saved: /perm/dnk8355/paper2026/netcdf_daily_1april2024_31march2026/METOP-C_20240430_TUP_CLD.nc
Saved: /perm/dnk8355/paper2026/netcdf_daily_1april2024_31march2026/METOP-C_20240430_FG_DEP.nc
Saved: /perm/dnk8355/paper2026/netcdf_daily_1april2024_31march2026/METOP-C_20240430_AN_DEP.nc
[445380] Saved daily NetCDFs for amsua_ofb_lwda_20240430_NH_SH_variables_filtered_lsm_lower02.odb
Saved summary: /perm/dnk8355/paper2026/netcdf_daily_1april2024_31march2026/METOP-B_20240501_summary.txt
Saved: /perm/dnk8355/paper2026/netcdf_daily_1april2024_31march2026/METOP-B_20240501_OBSVALUE.nc
Saved: /perm/dnk8355/paper2026/netcdf_daily_1april2024_31march2026/METOP-B_20240501_EMIS_WATER.nc
Saved: /perm/dnk8355/paper2026/netcdf_daily_1april2024_31march2026/METOP-B_20240501_TAUSFC.nc
Saved: /perm/dnk8355/paper2026/netcdf_daily_1april2024_31march2026/METOP-B_20240501_TDOWN.nc
Saved: /perm/dnk8355/paper2026/netcdf_daily_1april2024_31march2026/METOP-B_20240501_TUP.nc
Saved: /perm/dnk8355/paper2026/netcdf_daily_1april2024_31march2026/METOP-B_20240501_TAUSFC_CLD.nc
Saved: /perm/dnk8355/paper2026/netcdf_daily_1april2024_31march2026/METOP-B_20240501_TDOWN_CLD.nc
Saved: /perm/dnk8355/paper2026/netcdf_daily_1april2024_31march2026/METOP-B_20240501_TUP_CLD.nc
Saved: /perm/dnk8355/paper2026/netcdf_daily_1april2024_31march2026/METOP-B_20240501_FG_DEP.nc
Saved: /perm/dnk8355/paper2026/netcdf_daily_1april2024_31march2026/METOP-B_20240501_AN_DEP.nc
Saved summary: /perm/dnk8355/paper2026/netcdf_daily_1april2024_31march2026/METOP-C_20240501_summary.txt
Saved: /perm/dnk8355/paper2026/netcdf_daily_1april2024_31march2026/METOP-C_20240501_OBSVALUE.nc
Saved: /perm/dnk8355/paper2026/netcdf_daily_1april2024_31march2026/METOP-C_20240501_EMIS_WATER.nc
Saved: /perm/dnk8355/paper2026/netcdf_daily_1april2024_31march2026/METOP-C_20240501_TAUSFC.nc
Saved: /perm/dnk8355/paper2026/netcdf_daily_1april2024_31march2026/METOP-C_20240501_TDOWN.nc
Saved: /perm/dnk8355/paper2026/netcdf_daily_1april2024_31march2026/METOP-C_20240501_TUP.nc
Saved: /perm/dnk8355/paper2026/netcdf_daily_1april2024_31march2026/METOP-C_20240501_TAUSFC_CLD.nc
Saved: /perm/dnk8355/paper2026/netcdf_daily_1april2024_31march2026/METOP-C_20240501_TDOWN_CLD.nc
Saved: /perm/dnk8355/paper2026/netcdf_daily_1april2024_31march2026/METOP-C_20240501_TUP_CLD.nc
Saved: /perm/dnk8355/paper2026/netcdf_daily_1april2024_31march2026/METOP-C_20240501_FG_DEP.nc
Saved: /perm/dnk8355/paper2026/netcdf_daily_1april2024_31march2026/METOP-C_20240501_AN_DEP.nc
[445380] Saved daily NetCDFs for amsua_ofb_lwda_20240501_NH_SH_variables_filtered_lsm_lower02.odb
Saved summary: /perm/dnk8355/paper2026/netcdf_daily_1april2024_31march2026/METOP-B_20240502_summary.txt
Saved: /perm/dnk8355/paper2026/netcdf_daily_1april2024_31march2026/METOP-B_20240502_OBSVALUE.nc
Saved: /perm/dnk8355/paper2026/netcdf_daily_1april2024_31march2026/METOP-B_20240502_EMIS_WATER.nc
Saved: /perm/dnk8355/paper2026/netcdf_daily_1april2024_31march2026/METOP-B_20240502_TAUSFC.nc
Saved: /perm/dnk8355/paper2026/netcdf_daily_1april2024_31march2026/METOP-B_20240502_TDOWN.nc
Saved: /perm/dnk8355/paper2026/netcdf_daily_1april2024_31march2026/METOP-B_20240502_TUP.nc
Saved: /perm/dnk8355/paper2026/netcdf_daily_1april2024_31march2026/METOP-B_20240502_TAUSFC_CLD.nc
Saved: /perm/dnk8355/paper2026/netcdf_daily_1april2024_31march2026/METOP-B_20240502_TDOWN_CLD.nc
Saved: /perm/dnk8355/paper2026/netcdf_daily_1april2024_31march2026/METOP-B_20240502_TUP_CLD.nc
Saved: /perm/dnk8355/paper2026/netcdf_daily_1april2024_31march2026/METOP-B_20240502_FG_DEP.nc
Saved: /perm/dnk8355/paper2026/netcdf_daily_1april2024_31march2026/METOP-B_20240502_AN_DEP.nc
Saved summary: /perm/dnk8355/paper2026/netcdf_daily_1april2024_31march2026/METOP-C_20240502_summary.txt
Saved: /perm/dnk8355/paper2026/netcdf_daily_1april2024_31march2026/METOP-C_20240502_OBSVALUE.nc
Saved: /perm/dnk8355/paper2026/netcdf_daily_1april2024_31march2026/METOP-C_20240502_EMIS_WATER.nc
Saved: /perm/dnk8355/paper2026/netcdf_daily_1april2024_31march2026/METOP-C_20240502_TAUSFC.nc
Saved: /perm/dnk8355/paper2026/netcdf_daily_1april2024_31march2026/METOP-C_20240502_TDOWN.nc
Saved: /perm/dnk8355/paper2026/netcdf_daily_1april2024_31march2026/METOP-C_20240502_TUP.nc
Saved: /perm/dnk8355/paper2026/netcdf_daily_1april2024_31march2026/METOP-C_20240502_TAUSFC_CLD.nc
Saved: /perm/dnk8355/paper2026/netcdf_daily_1april2024_31march2026/METOP-C_20240502_TDOWN_CLD.nc
Saved: /perm/dnk8355/paper2026/netcdf_daily_1april2024_31march2026/METOP-C_20240502_TUP_CLD.nc
Saved: /perm/dnk8355/paper2026/netcdf_daily_1april2024_31march2026/METOP-C_20240502_FG_DEP.nc
Saved: /perm/dnk8355/paper2026/netcdf_daily_1april2024_31march2026/METOP-C_20240502_AN_DEP.nc
[445380] Saved daily NetCDFs for amsua_ofb_lwda_20240502_NH_SH_variables_filtered_lsm_lower02.odb
Saved summary: /perm/dnk8355/paper2026/netcdf_daily_1april2024_31march2026/METOP-B_20240503_summary.txt
Saved: /perm/dnk8355/paper2026/netcdf_daily_1april2024_31march2026/METOP-B_20240503_OBSVALUE.nc
Saved: /perm/dnk8355/paper2026/netcdf_daily_1april2024_31march2026/METOP-B_20240503_EMIS_WATER.nc
Saved: /perm/dnk8355/paper2026/netcdf_daily_1april2024_31march2026/METOP-B_20240503_TAUSFC.nc
Saved: /perm/dnk8355/paper2026/netcdf_daily_1april2024_31march2026/METOP-B_20240503_TDOWN.nc
Saved: /perm/dnk8355/paper2026/netcdf_daily_1april2024_31march2026/METOP-B_20240503_TUP.nc
Saved: /perm/dnk8355/paper2026/netcdf_daily_1april2024_31march2026/METOP-B_20240503_TAUSFC_CLD.nc
Saved: /perm/dnk8355/paper2026/netcdf_daily_1april2024_31march2026/METOP-B_20240503_TDOWN_CLD.nc
Saved: /perm/dnk8355/paper2026/netcdf_daily_1april2024_31march2026/METOP-B_20240503_TUP_CLD.nc
Saved: /perm/dnk8355/paper2026/netcdf_daily_1april2024_31march2026/METOP-B_20240503_FG_DEP.nc
Saved: /perm/dnk8355/paper2026/netcdf_daily_1april2024_31march2026/METOP-B_20240503_AN_DEP.nc
Saved summary: /perm/dnk8355/paper2026/netcdf_daily_1april2024_31march2026/METOP-C_20240503_summary.txt
Saved: /perm/dnk8355/paper2026/netcdf_daily_1april2024_31march2026/METOP-C_20240503_OBSVALUE.nc
Saved: /perm/dnk8355/paper2026/netcdf_daily_1april2024_31march2026/METOP-C_20240503_EMIS_WATER.nc
Saved: /perm/dnk8355/paper2026/netcdf_daily_1april2024_31march2026/METOP-C_20240503_TAUSFC.nc
Saved: /perm/dnk8355/paper2026/netcdf_daily_1april2024_31march2026/METOP-C_20240503_TDOWN.nc
Saved: /perm/dnk8355/paper2026/netcdf_daily_1april2024_31march2026/METOP-C_20240503_TUP.nc
Saved: /perm/dnk8355/paper2026/netcdf_daily_1april2024_31march2026/METOP-C_20240503_TAUSFC_CLD.nc
Saved: /perm/dnk8355/paper2026/netcdf_daily_1april2024_31march2026/METOP-C_20240503_TDOWN_CLD.nc
Saved: /perm/dnk8355/paper2026/netcdf_daily_1april2024_31march2026/METOP-C_20240503_TUP_CLD.nc
Saved: /perm/dnk8355/paper2026/netcdf_daily_1april2024_31march2026/METOP-C_20240503_FG_DEP.nc
Saved: /perm/dnk8355/paper2026/netcdf_daily_1april2024_31march2026/METOP-C_20240503_AN_DEP.nc
[445380] Saved daily NetCDFs for amsua_ofb_lwda_20240503_NH_SH_variables_filtered_lsm_lower02.odb
Saved summary: /perm/dnk8355/paper2026/netcdf_daily_1april2024_31march2026/METOP-B_20240504_summary.txt
Saved: /perm/dnk8355/paper2026/netcdf_daily_1april2024_31march2026/METOP-B_20240504_OBSVALUE.nc
Saved: /perm/dnk8355/paper2026/netcdf_daily_1april2024_31march2026/METOP-B_20240504_EMIS_WATER.nc
Saved: /perm/dnk8355/paper2026/netcdf_daily_1april2024_31march2026/METOP-B_20240504_TAUSFC.nc
Saved: /perm/dnk8355/paper2026/netcdf_daily_1april2024_31march2026/METOP-B_20240504_TDOWN.nc
Saved: /perm/dnk8355/paper2026/netcdf_daily_1april2024_31march2026/METOP-B_20240504_TUP.nc
Saved: /perm/dnk8355/paper2026/netcdf_daily_1april2024_31march2026/METOP-B_20240504_TAUSFC_CLD.nc
Saved: /perm/dnk8355/paper2026/netcdf_daily_1april2024_31march2026/METOP-B_20240504_TDOWN_CLD.nc
Saved: /perm/dnk8355/paper2026/netcdf_daily_1april2024_31march2026/METOP-B_20240504_TUP_CLD.nc
Saved: /perm/dnk8355/paper2026/netcdf_daily_1april2024_31march2026/METOP-B_20240504_FG_DEP.nc
Saved: /perm/dnk8355/paper2026/netcdf_daily_1april2024_31march2026/METOP-B_20240504_AN_DEP.nc
Saved summary: /perm/dnk8355/paper2026/netcdf_daily_1april2024_31march2026/METOP-C_20240504_summary.txt
Saved: /perm/dnk8355/paper2026/netcdf_daily_1april2024_31march2026/METOP-C_20240504_OBSVALUE.nc
Saved: /perm/dnk8355/paper2026/netcdf_daily_1april2024_31march2026/METOP-C_20240504_EMIS_WATER.nc
Saved: /perm/dnk8355/paper2026/netcdf_daily_1april2024_31march2026/METOP-C_20240504_TAUSFC.nc
Saved: /perm/dnk8355/paper2026/netcdf_daily_1april2024_31march2026/METOP-C_20240504_TDOWN.nc
Saved: /perm/dnk8355/paper2026/netcdf_daily_1april2024_31march2026/METOP-C_20240504_TUP.nc
Saved: /perm/dnk8355/paper2026/netcdf_daily_1april2024_31march2026/METOP-C_20240504_TAUSFC_CLD.nc
Saved: /perm/dnk8355/paper2026/netcdf_daily_1april2024_31march2026/METOP-C_20240504_TDOWN_CLD.nc
Saved: /perm/dnk8355/paper2026/netcdf_daily_1april2024_31march2026/METOP-C_20240504_TUP_CLD.nc
Saved: /perm/dnk8355/paper2026/netcdf_daily_1april2024_31march2026/METOP-C_20240504_FG_DEP.nc
Saved: /perm/dnk8355/paper2026/netcdf_daily_1april2024_31march2026/METOP-C_20240504_AN_DEP.nc
[445380] Saved daily NetCDFs for amsua_ofb_lwda_20240504_NH_SH_variables_filtered_lsm_lower02.odb
Saved summary: /perm/dnk8355/paper2026/netcdf_daily_1april2024_31march2026/METOP-B_20240505_summary.txt
Saved: /perm/dnk8355/paper2026/netcdf_daily_1april2024_31march2026/METOP-B_20240505_OBSVALUE.nc
Saved: /perm/dnk8355/paper2026/netcdf_daily_1april2024_31march2026/METOP-B_20240505_EMIS_WATER.nc
Saved: /perm/dnk8355/paper2026/netcdf_daily_1april2024_31march2026/METOP-B_20240505_TAUSFC.nc
Saved: /perm/dnk8355/paper2026/netcdf_daily_1april2024_31march2026/METOP-B_20240505_TDOWN.nc
Saved: /perm/dnk8355/paper2026/netcdf_daily_1april2024_31march2026/METOP-B_20240505_TUP.nc
Saved: /perm/dnk8355/paper2026/netcdf_daily_1april2024_31march2026/METOP-B_20240505_TAUSFC_CLD.nc
Saved: /perm/dnk8355/paper2026/netcdf_daily_1april2024_31march2026/METOP-B_20240505_TDOWN_CLD.nc
Saved: /perm/dnk8355/paper2026/netcdf_daily_1april2024_31march2026/METOP-B_20240505_TUP_CLD.nc
Saved: /perm/dnk8355/paper2026/netcdf_daily_1april2024_31march2026/METOP-B_20240505_FG_DEP.nc
Saved: /perm/dnk8355/paper2026/netcdf_daily_1april2024_31march2026/METOP-B_20240505_AN_DEP.nc
Saved summary: /perm/dnk8355/paper2026/netcdf_daily_1april2024_31march2026/METOP-C_20240505_summary.txt
Saved: /perm/dnk8355/paper2026/netcdf_daily_1april2024_31march2026/METOP-C_20240505_OBSVALUE.nc
Saved: /perm/dnk8355/paper2026/netcdf_daily_1april2024_31march2026/METOP-C_20240505_EMIS_WATER.nc
Saved: /perm/dnk8355/paper2026/netcdf_daily_1april2024_31march2026/METOP-C_20240505_TAUSFC.nc
Saved: /perm/dnk8355/paper2026/netcdf_daily_1april2024_31march2026/METOP-C_20240505_TDOWN.nc
Saved: /perm/dnk8355/paper2026/netcdf_daily_1april2024_31march2026/METOP-C_20240505_TUP.nc
Saved: /perm/dnk8355/paper2026/netcdf_daily_1april2024_31march2026/METOP-C_20240505_TAUSFC_CLD.nc
Saved: /perm/dnk8355/paper2026/netcdf_daily_1april2024_31march2026/METOP-C_20240505_TDOWN_CLD.nc
Saved: /perm/dnk8355/paper2026/netcdf_daily_1april2024_31march2026/METOP-C_20240505_TUP_CLD.nc
Saved: /perm/dnk8355/paper2026/netcdf_daily_1april2024_31march2026/METOP-C_20240505_FG_DEP.nc
Saved: /perm/dnk8355/paper2026/netcdf_daily_1april2024_31march2026/METOP-C_20240505_AN_DEP.nc
[445380] Saved daily NetCDFs for amsua_ofb_lwda_20240505_NH_SH_variables_filtered_lsm_lower02.odb
Saved summary: /perm/dnk8355/paper2026/netcdf_daily_1april2024_31march2026/METOP-B_20240506_summary.txt
Saved: /perm/dnk8355/paper2026/netcdf_daily_1april2024_31march2026/METOP-B_20240506_OBSVALUE.nc
Saved: /perm/dnk8355/paper2026/netcdf_daily_1april2024_31march2026/METOP-B_20240506_EMIS_WATER.nc
Saved: /perm/dnk8355/paper2026/netcdf_daily_1april2024_31march2026/METOP-B_20240506_TAUSFC.nc
Saved: /perm/dnk8355/paper2026/netcdf_daily_1april2024_31march2026/METOP-B_20240506_TDOWN.nc
Saved: /perm/dnk8355/paper2026/netcdf_daily_1april2024_31march2026/METOP-B_20240506_TUP.nc
Saved: /perm/dnk8355/paper2026/netcdf_daily_1april2024_31march2026/METOP-B_20240506_TAUSFC_CLD.nc
Saved: /perm/dnk8355/paper2026/netcdf_daily_1april2024_31march2026/METOP-B_20240506_TDOWN_CLD.nc
Saved: /perm/dnk8355/paper2026/netcdf_daily_1april2024_31march2026/METOP-B_20240506_TUP_CLD.nc
Saved: /perm/dnk8355/paper2026/netcdf_daily_1april2024_31march2026/METOP-B_20240506_FG_DEP.nc
Saved: /perm/dnk8355/paper2026/netcdf_daily_1april2024_31march2026/METOP-B_20240506_AN_DEP.nc
Saved summary: /perm/dnk8355/paper2026/netcdf_daily_1april2024_31march2026/METOP-C_20240506_summary.txt
Saved: /perm/dnk8355/paper2026/netcdf_daily_1april2024_31march2026/METOP-C_20240506_OBSVALUE.nc
Saved: /perm/dnk8355/paper2026/netcdf_daily_1april2024_31march2026/METOP-C_20240506_EMIS_WATER.nc
Saved: /perm/dnk8355/paper2026/netcdf_daily_1april2024_31march2026/METOP-C_20240506_TAUSFC.nc
Saved: /perm/dnk8355/paper2026/netcdf_daily_1april2024_31march2026/METOP-C_20240506_TDOWN.nc
Saved: /perm/dnk8355/paper2026/netcdf_daily_1april2024_31march2026/METOP-C_20240506_TUP.nc
Saved: /perm/dnk8355/paper2026/netcdf_daily_1april2024_31march2026/METOP-C_20240506_TAUSFC_CLD.nc
Saved: /perm/dnk8355/paper2026/netcdf_daily_1april2024_31march2026/METOP-C_20240506_TDOWN_CLD.nc
Saved: /perm/dnk8355/paper2026/netcdf_daily_1april2024_31march2026/METOP-C_20240506_TUP_CLD.nc
Saved: /perm/dnk8355/paper2026/netcdf_daily_1april2024_31march2026/METOP-C_20240506_FG_DEP.nc
Saved: /perm/dnk8355/paper2026/netcdf_daily_1april2024_31march2026/METOP-C_20240506_AN_DEP.nc
[445380] Saved daily NetCDFs for amsua_ofb_lwda_20240506_NH_SH_variables_filtered_lsm_lower02.odb
Saved summary: /perm/dnk8355/paper2026/netcdf_daily_1april2024_31march2026/METOP-B_20240507_summary.txt
Saved: /perm/dnk8355/paper2026/netcdf_daily_1april2024_31march2026/METOP-B_20240507_OBSVALUE.nc
Saved: /perm/dnk8355/paper2026/netcdf_daily_1april2024_31march2026/METOP-B_20240507_EMIS_WATER.nc
Saved: /perm/dnk8355/paper2026/netcdf_daily_1april2024_31march2026/METOP-B_20240507_TAUSFC.nc
Saved: /perm/dnk8355/paper2026/netcdf_daily_1april2024_31march2026/METOP-B_20240507_TDOWN.nc
Saved: /perm/dnk8355/paper2026/netcdf_daily_1april2024_31march2026/METOP-B_20240507_TUP.nc
Saved: /perm/dnk8355/paper2026/netcdf_daily_1april2024_31march2026/METOP-B_20240507_TAUSFC_CLD.nc
Saved: /perm/dnk8355/paper2026/netcdf_daily_1april2024_31march2026/METOP-B_20240507_TDOWN_CLD.nc
Saved: /perm/dnk8355/paper2026/netcdf_daily_1april2024_31march2026/METOP-B_20240507_TUP_CLD.nc
Saved: /perm/dnk8355/paper2026/netcdf_daily_1april2024_31march2026/METOP-B_20240507_FG_DEP.nc
Saved: /perm/dnk8355/paper2026/netcdf_daily_1april2024_31march2026/METOP-B_20240507_AN_DEP.nc
Saved summary: /perm/dnk8355/paper2026/netcdf_daily_1april2024_31march2026/METOP-C_20240507_summary.txt
Saved: /perm/dnk8355/paper2026/netcdf_daily_1april2024_31march2026/METOP-C_20240507_OBSVALUE.nc
Saved: /perm/dnk8355/paper2026/netcdf_daily_1april2024_31march2026/METOP-C_20240507_EMIS_WATER.nc
Saved: /perm/dnk8355/paper2026/netcdf_daily_1april2024_31march2026/METOP-C_20240507_TAUSFC.nc
Saved: /perm/dnk8355/paper2026/netcdf_daily_1april2024_31march2026/METOP-C_20240507_TDOWN.nc
Saved: /perm/dnk8355/paper2026/netcdf_daily_1april2024_31march2026/METOP-C_20240507_TUP.nc
Saved: /perm/dnk8355/paper2026/netcdf_daily_1april2024_31march2026/METOP-C_20240507_TAUSFC_CLD.nc
Saved: /perm/dnk8355/paper2026/netcdf_daily_1april2024_31march2026/METOP-C_20240507_TDOWN_CLD.nc
Saved: /perm/dnk8355/paper2026/netcdf_daily_1april2024_31march2026/METOP-C_20240507_TUP_CLD.nc
Saved: /perm/dnk8355/paper2026/netcdf_daily_1april2024_31march2026/METOP-C_20240507_FG_DEP.nc
Saved: /perm/dnk8355/paper2026/netcdf_daily_1april2024_31march2026/METOP-C_20240507_AN_DEP.nc
[445380] Saved daily NetCDFs for amsua_ofb_lwda_20240507_NH_SH_variables_filtered_lsm_lower02.odb
Saved summary: /perm/dnk8355/paper2026/netcdf_daily_1april2024_31march2026/METOP-B_20240508_summary.txt
Saved: /perm/dnk8355/paper2026/netcdf_daily_1april2024_31march2026/METOP-B_20240508_OBSVALUE.nc
Saved: /perm/dnk8355/paper2026/netcdf_daily_1april2024_31march2026/METOP-B_20240508_EMIS_WATER.nc
Saved: /perm/dnk8355/paper2026/netcdf_daily_1april2024_31march2026/METOP-B_20240508_TAUSFC.nc
Saved: /perm/dnk8355/paper2026/netcdf_daily_1april2024_31march2026/METOP-B_20240508_TDOWN.nc
Saved: /perm/dnk8355/paper2026/netcdf_daily_1april2024_31march2026/METOP-B_20240508_TUP.nc
Saved: /perm/dnk8355/paper2026/netcdf_daily_1april2024_31march2026/METOP-B_20240508_TAUSFC_CLD.nc
Saved: /perm/dnk8355/paper2026/netcdf_daily_1april2024_31march2026/METOP-B_20240508_TDOWN_CLD.nc
Saved: /perm/dnk8355/paper2026/netcdf_daily_1april2024_31march2026/METOP-B_20240508_TUP_CLD.nc
Saved: /perm/dnk8355/paper2026/netcdf_daily_1april2024_31march2026/METOP-B_20240508_FG_DEP.nc
Saved: /perm/dnk8355/paper2026/netcdf_daily_1april2024_31march2026/METOP-B_20240508_AN_DEP.nc
Saved summary: /perm/dnk8355/paper2026/netcdf_daily_1april2024_31march2026/METOP-C_20240508_summary.txt
Saved: /perm/dnk8355/paper2026/netcdf_daily_1april2024_31march2026/METOP-C_20240508_OBSVALUE.nc
Saved: /perm/dnk8355/paper2026/netcdf_daily_1april2024_31march2026/METOP-C_20240508_EMIS_WATER.nc
Saved: /perm/dnk8355/paper2026/netcdf_daily_1april2024_31march2026/METOP-C_20240508_TAUSFC.nc
Saved: /perm/dnk8355/paper2026/netcdf_daily_1april2024_31march2026/METOP-C_20240508_TDOWN.nc
Saved: /perm/dnk8355/paper2026/netcdf_daily_1april2024_31march2026/METOP-C_20240508_TUP.nc
Saved: /perm/dnk8355/paper2026/netcdf_daily_1april2024_31march2026/METOP-C_20240508_TAUSFC_CLD.nc
Saved: /perm/dnk8355/paper2026/netcdf_daily_1april2024_31march2026/METOP-C_20240508_TDOWN_CLD.nc
Saved: /perm/dnk8355/paper2026/netcdf_daily_1april2024_31march2026/METOP-C_20240508_TUP_CLD.nc
Saved: /perm/dnk8355/paper2026/netcdf_daily_1april2024_31march2026/METOP-C_20240508_FG_DEP.nc
Saved: /perm/dnk8355/paper2026/netcdf_daily_1april2024_31march2026/METOP-C_20240508_AN_DEP.nc
[445380] Saved daily NetCDFs for amsua_ofb_lwda_20240508_NH_SH_variables_filtered_lsm_lower02.odb
Saved summary: /perm/dnk8355/paper2026/netcdf_daily_1april2024_31march2026/METOP-B_20240509_summary.txt
Saved: /perm/dnk8355/paper2026/netcdf_daily_1april2024_31march2026/METOP-B_20240509_OBSVALUE.nc
Saved: /perm/dnk8355/paper2026/netcdf_daily_1april2024_31march2026/METOP-B_20240509_EMIS_WATER.nc
Saved: /perm/dnk8355/paper2026/netcdf_daily_1april2024_31march2026/METOP-B_20240509_TAUSFC.nc
Saved: /perm/dnk8355/paper2026/netcdf_daily_1april2024_31march2026/METOP-B_20240509_TDOWN.nc
Saved: /perm/dnk8355/paper2026/netcdf_daily_1april2024_31march2026/METOP-B_20240509_TUP.nc
Saved: /perm/dnk8355/paper2026/netcdf_daily_1april2024_31march2026/METOP-B_20240509_TAUSFC_CLD.nc
Saved: /perm/dnk8355/paper2026/netcdf_daily_1april2024_31march2026/METOP-B_20240509_TDOWN_CLD.nc
Saved: /perm/dnk8355/paper2026/netcdf_daily_1april2024_31march2026/METOP-B_20240509_TUP_CLD.nc
Saved: /perm/dnk8355/paper2026/netcdf_daily_1april2024_31march2026/METOP-B_20240509_FG_DEP.nc
Saved: /perm/dnk8355/paper2026/netcdf_daily_1april2024_31march2026/METOP-B_20240509_AN_DEP.nc
Saved summary: /perm/dnk8355/paper2026/netcdf_daily_1april2024_31march2026/METOP-C_20240509_summary.txt
Saved: /perm/dnk8355/paper2026/netcdf_daily_1april2024_31march2026/METOP-C_20240509_OBSVALUE.nc
Saved: /perm/dnk8355/paper2026/netcdf_daily_1april2024_31march2026/METOP-C_20240509_EMIS_WATER.nc
Saved: /perm/dnk8355/paper2026/netcdf_daily_1april2024_31march2026/METOP-C_20240509_TAUSFC.nc
Saved: /perm/dnk8355/paper2026/netcdf_daily_1april2024_31march2026/METOP-C_20240509_TDOWN.nc
Saved: /perm/dnk8355/paper2026/netcdf_daily_1april2024_31march2026/METOP-C_20240509_TUP.nc
Saved: /perm/dnk8355/paper2026/netcdf_daily_1april2024_31march2026/METOP-C_20240509_TAUSFC_CLD.nc
Saved: /perm/dnk8355/paper2026/netcdf_daily_1april2024_31march2026/METOP-C_20240509_TDOWN_CLD.nc
Saved: /perm/dnk8355/paper2026/netcdf_daily_1april2024_31march2026/METOP-C_20240509_TUP_CLD.nc
Saved: /perm/dnk8355/paper2026/netcdf_daily_1april2024_31march2026/METOP-C_20240509_FG_DEP.nc
Saved: /perm/dnk8355/paper2026/netcdf_daily_1april2024_31march2026/METOP-C_20240509_AN_DEP.nc
[445380] Saved daily NetCDFs for amsua_ofb_lwda_20240509_NH_SH_variables_filtered_lsm_lower02.odb
Saved summary: /perm/dnk8355/paper2026/netcdf_daily_1april2024_31march2026/METOP-B_20240510_summary.txt
Saved: /perm/dnk8355/paper2026/netcdf_daily_1april2024_31march2026/METOP-B_20240510_OBSVALUE.nc
Saved: /perm/dnk8355/paper2026/netcdf_daily_1april2024_31march2026/METOP-B_20240510_EMIS_WATER.nc
Saved: /perm/dnk8355/paper2026/netcdf_daily_1april2024_31march2026/METOP-B_20240510_TAUSFC.nc
Saved: /perm/dnk8355/paper2026/netcdf_daily_1april2024_31march2026/METOP-B_20240510_TDOWN.nc
Saved: /perm/dnk8355/paper2026/netcdf_daily_1april2024_31march2026/METOP-B_20240510_TUP.nc
Saved: /perm/dnk8355/paper2026/netcdf_daily_1april2024_31march2026/METOP-B_20240510_TAUSFC_CLD.nc
Saved: /perm/dnk8355/paper2026/netcdf_daily_1april2024_31march2026/METOP-B_20240510_TDOWN_CLD.nc
Saved: /perm/dnk8355/paper2026/netcdf_daily_1april2024_31march2026/METOP-B_20240510_TUP_CLD.nc
Saved: /perm/dnk8355/paper2026/netcdf_daily_1april2024_31march2026/METOP-B_20240510_FG_DEP.nc
Saved: /perm/dnk8355/paper2026/netcdf_daily_1april2024_31march2026/METOP-B_20240510_AN_DEP.nc
Saved summary: /perm/dnk8355/paper2026/netcdf_daily_1april2024_31march2026/METOP-C_20240510_summary.txt
Saved: /perm/dnk8355/paper2026/netcdf_daily_1april2024_31march2026/METOP-C_20240510_OBSVALUE.nc
Saved: /perm/dnk8355/paper2026/netcdf_daily_1april2024_31march2026/METOP-C_20240510_EMIS_WATER.nc
Saved: /perm/dnk8355/paper2026/netcdf_daily_1april2024_31march2026/METOP-C_20240510_TAUSFC.nc
Saved: /perm/dnk8355/paper2026/netcdf_daily_1april2024_31march2026/METOP-C_20240510_TDOWN.nc
Saved: /perm/dnk8355/paper2026/netcdf_daily_1april2024_31march2026/METOP-C_20240510_TUP.nc
Saved: /perm/dnk8355/paper2026/netcdf_daily_1april2024_31march2026/METOP-C_20240510_TAUSFC_CLD.nc
Saved: /perm/dnk8355/paper2026/netcdf_daily_1april2024_31march2026/METOP-C_20240510_TDOWN_CLD.nc
Saved: /perm/dnk8355/paper2026/netcdf_daily_1april2024_31march2026/METOP-C_20240510_TUP_CLD.nc
Saved: /perm/dnk8355/paper2026/netcdf_daily_1april2024_31march2026/METOP-C_20240510_FG_DEP.nc
Saved: /perm/dnk8355/paper2026/netcdf_daily_1april2024_31march2026/METOP-C_20240510_AN_DEP.nc
[445380] Saved daily NetCDFs for amsua_ofb_lwda_20240510_NH_SH_variables_filtered_lsm_lower02.odb
Saved summary: /perm/dnk8355/paper2026/netcdf_daily_1april2024_31march2026/METOP-B_20240511_summary.txt
Saved: /perm/dnk8355/paper2026/netcdf_daily_1april2024_31march2026/METOP-B_20240511_OBSVALUE.nc
Saved: /perm/dnk8355/paper2026/netcdf_daily_1april2024_31march2026/METOP-B_20240511_EMIS_WATER.nc
Saved: /perm/dnk8355/paper2026/netcdf_daily_1april2024_31march2026/METOP-B_20240511_TAUSFC.nc
Saved: /perm/dnk8355/paper2026/netcdf_daily_1april2024_31march2026/METOP-B_20240511_TDOWN.nc
Saved: /perm/dnk8355/paper2026/netcdf_daily_1april2024_31march2026/METOP-B_20240511_TUP.nc
Saved: /perm/dnk8355/paper2026/netcdf_daily_1april2024_31march2026/METOP-B_20240511_TAUSFC_CLD.nc
Saved: /perm/dnk8355/paper2026/netcdf_daily_1april2024_31march2026/METOP-B_20240511_TDOWN_CLD.nc
Saved: /perm/dnk8355/paper2026/netcdf_daily_1april2024_31march2026/METOP-B_20240511_TUP_CLD.nc
Saved: /perm/dnk8355/paper2026/netcdf_daily_1april2024_31march2026/METOP-B_20240511_FG_DEP.nc
Saved: /perm/dnk8355/paper2026/netcdf_daily_1april2024_31march2026/METOP-B_20240511_AN_DEP.nc
Saved summary: /perm/dnk8355/paper2026/netcdf_daily_1april2024_31march2026/METOP-C_20240511_summary.txt
Saved: /perm/dnk8355/paper2026/netcdf_daily_1april2024_31march2026/METOP-C_20240511_OBSVALUE.nc
Saved: /perm/dnk8355/paper2026/netcdf_daily_1april2024_31march2026/METOP-C_20240511_EMIS_WATER.nc
Saved: /perm/dnk8355/paper2026/netcdf_daily_1april2024_31march2026/METOP-C_20240511_TAUSFC.nc
Saved: /perm/dnk8355/paper2026/netcdf_daily_1april2024_31march2026/METOP-C_20240511_TDOWN.nc
Saved: /perm/dnk8355/paper2026/netcdf_daily_1april2024_31march2026/METOP-C_20240511_TUP.nc
Saved: /perm/dnk8355/paper2026/netcdf_daily_1april2024_31march2026/METOP-C_20240511_TAUSFC_CLD.nc
Saved: /perm/dnk8355/paper2026/netcdf_daily_1april2024_31march2026/METOP-C_20240511_TDOWN_CLD.nc
Saved: /perm/dnk8355/paper2026/netcdf_daily_1april2024_31march2026/METOP-C_20240511_TUP_CLD.nc
Saved: /perm/dnk8355/paper2026/netcdf_daily_1april2024_31march2026/METOP-C_20240511_FG_DEP.nc
Saved: /perm/dnk8355/paper2026/netcdf_daily_1april2024_31march2026/METOP-C_20240511_AN_DEP.nc
[445380] Saved daily NetCDFs for amsua_ofb_lwda_20240511_NH_SH_variables_filtered_lsm_lower02.odb
Saved summary: /perm/dnk8355/paper2026/netcdf_daily_1april2024_31march2026/METOP-B_20240512_summary.txt
Saved: /perm/dnk8355/paper2026/netcdf_daily_1april2024_31march2026/METOP-B_20240512_OBSVALUE.nc
Saved: /perm/dnk8355/paper2026/netcdf_daily_1april2024_31march2026/METOP-B_20240512_EMIS_WATER.nc
Saved: /perm/dnk8355/paper2026/netcdf_daily_1april2024_31march2026/METOP-B_20240512_TAUSFC.nc
Saved: /perm/dnk8355/paper2026/netcdf_daily_1april2024_31march2026/METOP-B_20240512_TDOWN.nc
Saved: /perm/dnk8355/paper2026/netcdf_daily_1april2024_31march2026/METOP-B_20240512_TUP.nc
Saved: /perm/dnk8355/paper2026/netcdf_daily_1april2024_31march2026/METOP-B_20240512_TAUSFC_CLD.nc
Saved: /perm/dnk8355/paper2026/netcdf_daily_1april2024_31march2026/METOP-B_20240512_TDOWN_CLD.nc
Saved: /perm/dnk8355/paper2026/netcdf_daily_1april2024_31march2026/METOP-B_20240512_TUP_CLD.nc
Saved: /perm/dnk8355/paper2026/netcdf_daily_1april2024_31march2026/METOP-B_20240512_FG_DEP.nc
Saved: /perm/dnk8355/paper2026/netcdf_daily_1april2024_31march2026/METOP-B_20240512_AN_DEP.nc
Saved summary: /perm/dnk8355/paper2026/netcdf_daily_1april2024_31march2026/METOP-C_20240512_summary.txt
Saved: /perm/dnk8355/paper2026/netcdf_daily_1april2024_31march2026/METOP-C_20240512_OBSVALUE.nc
Saved: /perm/dnk8355/paper2026/netcdf_daily_1april2024_31march2026/METOP-C_20240512_EMIS_WATER.nc
Saved: /perm/dnk8355/paper2026/netcdf_daily_1april2024_31march2026/METOP-C_20240512_TAUSFC.nc
Saved: /perm/dnk8355/paper2026/netcdf_daily_1april2024_31march2026/METOP-C_20240512_TDOWN.nc
Saved: /perm/dnk8355/paper2026/netcdf_daily_1april2024_31march2026/METOP-C_20240512_TUP.nc
Saved: /perm/dnk8355/paper2026/netcdf_daily_1april2024_31march2026/METOP-C_20240512_TAUSFC_CLD.nc
Saved: /perm/dnk8355/paper2026/netcdf_daily_1april2024_31march2026/METOP-C_20240512_TDOWN_CLD.nc
Saved: /perm/dnk8355/paper2026/netcdf_daily_1april2024_31march2026/METOP-C_20240512_TUP_CLD.nc
Saved: /perm/dnk8355/paper2026/netcdf_daily_1april2024_31march2026/METOP-C_20240512_FG_DEP.nc
Saved: /perm/dnk8355/paper2026/netcdf_daily_1april2024_31march2026/METOP-C_20240512_AN_DEP.nc
[445380] Saved daily NetCDFs for amsua_ofb_lwda_20240512_NH_SH_variables_filtered_lsm_lower02.odb
Saved summary: /perm/dnk8355/paper2026/netcdf_daily_1april2024_31march2026/METOP-B_20240513_summary.txt
Saved: /perm/dnk8355/paper2026/netcdf_daily_1april2024_31march2026/METOP-B_20240513_OBSVALUE.nc
Saved: /perm/dnk8355/paper2026/netcdf_daily_1april2024_31march2026/METOP-B_20240513_EMIS_WATER.nc
Saved: /perm/dnk8355/paper2026/netcdf_daily_1april2024_31march2026/METOP-B_20240513_TAUSFC.nc
Saved: /perm/dnk8355/paper2026/netcdf_daily_1april2024_31march2026/METOP-B_20240513_TDOWN.nc
Saved: /perm/dnk8355/paper2026/netcdf_daily_1april2024_31march2026/METOP-B_20240513_TUP.nc
Saved: /perm/dnk8355/paper2026/netcdf_daily_1april2024_31march2026/METOP-B_20240513_TAUSFC_CLD.nc
Saved: /perm/dnk8355/paper2026/netcdf_daily_1april2024_31march2026/METOP-B_20240513_TDOWN_CLD.nc
Saved: /perm/dnk8355/paper2026/netcdf_daily_1april2024_31march2026/METOP-B_20240513_TUP_CLD.nc
Saved: /perm/dnk8355/paper2026/netcdf_daily_1april2024_31march2026/METOP-B_20240513_FG_DEP.nc
Saved: /perm/dnk8355/paper2026/netcdf_daily_1april2024_31march2026/METOP-B_20240513_AN_DEP.nc
Saved summary: /perm/dnk8355/paper2026/netcdf_daily_1april2024_31march2026/METOP-C_20240513_summary.txt
Saved: /perm/dnk8355/paper2026/netcdf_daily_1april2024_31march2026/METOP-C_20240513_OBSVALUE.nc
Saved: /perm/dnk8355/paper2026/netcdf_daily_1april2024_31march2026/METOP-C_20240513_EMIS_WATER.nc
Saved: /perm/dnk8355/paper2026/netcdf_daily_1april2024_31march2026/METOP-C_20240513_TAUSFC.nc
Saved: /perm/dnk8355/paper2026/netcdf_daily_1april2024_31march2026/METOP-C_20240513_TDOWN.nc
Saved: /perm/dnk8355/paper2026/netcdf_daily_1april2024_31march2026/METOP-C_20240513_TUP.nc
Saved: /perm/dnk8355/paper2026/netcdf_daily_1april2024_31march2026/METOP-C_20240513_TAUSFC_CLD.nc
Saved: /perm/dnk8355/paper2026/netcdf_daily_1april2024_31march2026/METOP-C_20240513_TDOWN_CLD.nc
Saved: /perm/dnk8355/paper2026/netcdf_daily_1april2024_31march2026/METOP-C_20240513_TUP_CLD.nc
Saved: /perm/dnk8355/paper2026/netcdf_daily_1april2024_31march2026/METOP-C_20240513_FG_DEP.nc
Saved: /perm/dnk8355/paper2026/netcdf_daily_1april2024_31march2026/METOP-C_20240513_AN_DEP.nc
[445380] Saved daily NetCDFs for amsua_ofb_lwda_20240513_NH_SH_variables_filtered_lsm_lower02.odb
Saved summary: /perm/dnk8355/paper2026/netcdf_daily_1april2024_31march2026/METOP-B_20240514_summary.txt
Saved: /perm/dnk8355/paper2026/netcdf_daily_1april2024_31march2026/METOP-B_20240514_OBSVALUE.nc
Saved: /perm/dnk8355/paper2026/netcdf_daily_1april2024_31march2026/METOP-B_20240514_EMIS_WATER.nc
Saved: /perm/dnk8355/paper2026/netcdf_daily_1april2024_31march2026/METOP-B_20240514_TAUSFC.nc
Saved: /perm/dnk8355/paper2026/netcdf_daily_1april2024_31march2026/METOP-B_20240514_TDOWN.nc
Saved: /perm/dnk8355/paper2026/netcdf_daily_1april2024_31march2026/METOP-B_20240514_TUP.nc
Saved: /perm/dnk8355/paper2026/netcdf_daily_1april2024_31march2026/METOP-B_20240514_TAUSFC_CLD.nc
Saved: /perm/dnk8355/paper2026/netcdf_daily_1april2024_31march2026/METOP-B_20240514_TDOWN_CLD.nc
Saved: /perm/dnk8355/paper2026/netcdf_daily_1april2024_31march2026/METOP-B_20240514_TUP_CLD.nc
Saved: /perm/dnk8355/paper2026/netcdf_daily_1april2024_31march2026/METOP-B_20240514_FG_DEP.nc
Saved: /perm/dnk8355/paper2026/netcdf_daily_1april2024_31march2026/METOP-B_20240514_AN_DEP.nc
Saved summary: /perm/dnk8355/paper2026/netcdf_daily_1april2024_31march2026/METOP-C_20240514_summary.txt
Saved: /perm/dnk8355/paper2026/netcdf_daily_1april2024_31march2026/METOP-C_20240514_OBSVALUE.nc
Saved: /perm/dnk8355/paper2026/netcdf_daily_1april2024_31march2026/METOP-C_20240514_EMIS_WATER.nc
Saved: /perm/dnk8355/paper2026/netcdf_daily_1april2024_31march2026/METOP-C_20240514_TAUSFC.nc
Saved: /perm/dnk8355/paper2026/netcdf_daily_1april2024_31march2026/METOP-C_20240514_TDOWN.nc
Saved: /perm/dnk8355/paper2026/netcdf_daily_1april2024_31march2026/METOP-C_20240514_TUP.nc
Saved: /perm/dnk8355/paper2026/netcdf_daily_1april2024_31march2026/METOP-C_20240514_TAUSFC_CLD.nc
Saved: /perm/dnk8355/paper2026/netcdf_daily_1april2024_31march2026/METOP-C_20240514_TDOWN_CLD.nc
Saved: /perm/dnk8355/paper2026/netcdf_daily_1april2024_31march2026/METOP-C_20240514_TUP_CLD.nc
Saved: /perm/dnk8355/paper2026/netcdf_daily_1april2024_31march2026/METOP-C_20240514_FG_DEP.nc
Saved: /perm/dnk8355/paper2026/netcdf_daily_1april2024_31march2026/METOP-C_20240514_AN_DEP.nc
[445380] Saved daily NetCDFs for amsua_ofb_lwda_20240514_NH_SH_variables_filtered_lsm_lower02.odb
Saved summary: /perm/dnk8355/paper2026/netcdf_daily_1april2024_31march2026/METOP-B_20240515_summary.txt
Saved: /perm/dnk8355/paper2026/netcdf_daily_1april2024_31march2026/METOP-B_20240515_OBSVALUE.nc
Saved: /perm/dnk8355/paper2026/netcdf_daily_1april2024_31march2026/METOP-B_20240515_EMIS_WATER.nc
Saved: /perm/dnk8355/paper2026/netcdf_daily_1april2024_31march2026/METOP-B_20240515_TAUSFC.nc
Saved: /perm/dnk8355/paper2026/netcdf_daily_1april2024_31march2026/METOP-B_20240515_TDOWN.nc
Saved: /perm/dnk8355/paper2026/netcdf_daily_1april2024_31march2026/METOP-B_20240515_TUP.nc
Saved: /perm/dnk8355/paper2026/netcdf_daily_1april2024_31march2026/METOP-B_20240515_TAUSFC_CLD.nc
Saved: /perm/dnk8355/paper2026/netcdf_daily_1april2024_31march2026/METOP-B_20240515_TDOWN_CLD.nc
Saved: /perm/dnk8355/paper2026/netcdf_daily_1april2024_31march2026/METOP-B_20240515_TUP_CLD.nc
Saved: /perm/dnk8355/paper2026/netcdf_daily_1april2024_31march2026/METOP-B_20240515_FG_DEP.nc
Saved: /perm/dnk8355/paper2026/netcdf_daily_1april2024_31march2026/METOP-B_20240515_AN_DEP.nc
Saved summary: /perm/dnk8355/paper2026/netcdf_daily_1april2024_31march2026/METOP-C_20240515_summary.txt
Saved: /perm/dnk8355/paper2026/netcdf_daily_1april2024_31march2026/METOP-C_20240515_OBSVALUE.nc
Saved: /perm/dnk8355/paper2026/netcdf_daily_1april2024_31march2026/METOP-C_20240515_EMIS_WATER.nc
Saved: /perm/dnk8355/paper2026/netcdf_daily_1april2024_31march2026/METOP-C_20240515_TAUSFC.nc
Saved: /perm/dnk8355/paper2026/netcdf_daily_1april2024_31march2026/METOP-C_20240515_TDOWN.nc
Saved: /perm/dnk8355/paper2026/netcdf_daily_1april2024_31march2026/METOP-C_20240515_TUP.nc
Saved: /perm/dnk8355/paper2026/netcdf_daily_1april2024_31march2026/METOP-C_20240515_TAUSFC_CLD.nc
Saved: /perm/dnk8355/paper2026/netcdf_daily_1april2024_31march2026/METOP-C_20240515_TDOWN_CLD.nc
Saved: /perm/dnk8355/paper2026/netcdf_daily_1april2024_31march2026/METOP-C_20240515_TUP_CLD.nc
Saved: /perm/dnk8355/paper2026/netcdf_daily_1april2024_31march2026/METOP-C_20240515_FG_DEP.nc
Saved: /perm/dnk8355/paper2026/netcdf_daily_1april2024_31march2026/METOP-C_20240515_AN_DEP.nc
[445380] Saved daily NetCDFs for amsua_ofb_lwda_20240515_NH_SH_variables_filtered_lsm_lower02.odb
Saved summary: /perm/dnk8355/paper2026/netcdf_daily_1april2024_31march2026/METOP-B_20240516_summary.txt
Saved: /perm/dnk8355/paper2026/netcdf_daily_1april2024_31march2026/METOP-B_20240516_OBSVALUE.nc
Saved: /perm/dnk8355/paper2026/netcdf_daily_1april2024_31march2026/METOP-B_20240516_EMIS_WATER.nc
Saved: /perm/dnk8355/paper2026/netcdf_daily_1april2024_31march2026/METOP-B_20240516_TAUSFC.nc
Saved: /perm/dnk8355/paper2026/netcdf_daily_1april2024_31march2026/METOP-B_20240516_TDOWN.nc
Saved: /perm/dnk8355/paper2026/netcdf_daily_1april2024_31march2026/METOP-B_20240516_TUP.nc
Saved: /perm/dnk8355/paper2026/netcdf_daily_1april2024_31march2026/METOP-B_20240516_TAUSFC_CLD.nc
Saved: /perm/dnk8355/paper2026/netcdf_daily_1april2024_31march2026/METOP-B_20240516_TDOWN_CLD.nc
Saved: /perm/dnk8355/paper2026/netcdf_daily_1april2024_31march2026/METOP-B_20240516_TUP_CLD.nc
Saved: /perm/dnk8355/paper2026/netcdf_daily_1april2024_31march2026/METOP-B_20240516_FG_DEP.nc
Saved: /perm/dnk8355/paper2026/netcdf_daily_1april2024_31march2026/METOP-B_20240516_AN_DEP.nc
Saved summary: /perm/dnk8355/paper2026/netcdf_daily_1april2024_31march2026/METOP-C_20240516_summary.txt
Saved: /perm/dnk8355/paper2026/netcdf_daily_1april2024_31march2026/METOP-C_20240516_OBSVALUE.nc
Saved: /perm/dnk8355/paper2026/netcdf_daily_1april2024_31march2026/METOP-C_20240516_EMIS_WATER.nc
Saved: /perm/dnk8355/paper2026/netcdf_daily_1april2024_31march2026/METOP-C_20240516_TAUSFC.nc
Saved: /perm/dnk8355/paper2026/netcdf_daily_1april2024_31march2026/METOP-C_20240516_TDOWN.nc
Saved: /perm/dnk8355/paper2026/netcdf_daily_1april2024_31march2026/METOP-C_20240516_TUP.nc
Saved: /perm/dnk8355/paper2026/netcdf_daily_1april2024_31march2026/METOP-C_20240516_TAUSFC_CLD.nc
Saved: /perm/dnk8355/paper2026/netcdf_daily_1april2024_31march2026/METOP-C_20240516_TDOWN_CLD.nc
Saved: /perm/dnk8355/paper2026/netcdf_daily_1april2024_31march2026/METOP-C_20240516_TUP_CLD.nc
Saved: /perm/dnk8355/paper2026/netcdf_daily_1april2024_31march2026/METOP-C_20240516_FG_DEP.nc
Saved: /perm/dnk8355/paper2026/netcdf_daily_1april2024_31march2026/METOP-C_20240516_AN_DEP.nc
[445380] Saved daily NetCDFs for amsua_ofb_lwda_20240516_NH_SH_variables_filtered_lsm_lower02.odb
Saved summary: /perm/dnk8355/paper2026/netcdf_daily_1april2024_31march2026/METOP-B_20250102_summary.txt
Saved: /perm/dnk8355/paper2026/netcdf_daily_1april2024_31march2026/METOP-B_20250102_OBSVALUE.nc
Saved: /perm/dnk8355/paper2026/netcdf_daily_1april2024_31march2026/METOP-B_20250102_EMIS_WATER.nc
Saved: /perm/dnk8355/paper2026/netcdf_daily_1april2024_31march2026/METOP-B_20250102_TAUSFC.nc
Saved: /perm/dnk8355/paper2026/netcdf_daily_1april2024_31march2026/METOP-B_20250102_TDOWN.nc
Saved: /perm/dnk8355/paper2026/netcdf_daily_1april2024_31march2026/METOP-B_20250102_TUP.nc
Saved: /perm/dnk8355/paper2026/netcdf_daily_1april2024_31march2026/METOP-B_20250102_TAUSFC_CLD.nc
Saved: /perm/dnk8355/paper2026/netcdf_daily_1april2024_31march2026/METOP-B_20250102_TDOWN_CLD.nc
Saved: /perm/dnk8355/paper2026/netcdf_daily_1april2024_31march2026/METOP-B_20250102_TUP_CLD.nc
Saved: /perm/dnk8355/paper2026/netcdf_daily_1april2024_31march2026/METOP-B_20250102_FG_DEP.nc
Saved: /perm/dnk8355/paper2026/netcdf_daily_1april2024_31march2026/METOP-B_20250102_AN_DEP.nc
Saved summary: /perm/dnk8355/paper2026/netcdf_daily_1april2024_31march2026/METOP-C_20250102_summary.txt
Saved: /perm/dnk8355/paper2026/netcdf_daily_1april2024_31march2026/METOP-C_20250102_OBSVALUE.nc
Saved: /perm/dnk8355/paper2026/netcdf_daily_1april2024_31march2026/METOP-C_20250102_EMIS_WATER.nc
Saved: /perm/dnk8355/paper2026/netcdf_daily_1april2024_31march2026/METOP-C_20250102_TAUSFC.nc
Saved: /perm/dnk8355/paper2026/netcdf_daily_1april2024_31march2026/METOP-C_20250102_TDOWN.nc
Saved: /perm/dnk8355/paper2026/netcdf_daily_1april2024_31march2026/METOP-C_20250102_TUP.nc
Saved: /perm/dnk8355/paper2026/netcdf_daily_1april2024_31march2026/METOP-C_20250102_TAUSFC_CLD.nc
Saved: /perm/dnk8355/paper2026/netcdf_daily_1april2024_31march2026/METOP-C_20250102_TDOWN_CLD.nc
Saved: /perm/dnk8355/paper2026/netcdf_daily_1april2024_31march2026/METOP-C_20250102_TUP_CLD.nc
Saved: /perm/dnk8355/paper2026/netcdf_daily_1april2024_31march2026/METOP-C_20250102_FG_DEP.nc
Saved: /perm/dnk8355/paper2026/netcdf_daily_1april2024_31march2026/METOP-C_20250102_AN_DEP.nc
[445380] Saved daily NetCDFs for amsua_ofb_lwda_20250102_NH_SH_variables_filtered_lsm_lower02.odb
Saved summary: /perm/dnk8355/paper2026/netcdf_daily_1april2024_31march2026/METOP-B_20250103_summary.txt
Saved: /perm/dnk8355/paper2026/netcdf_daily_1april2024_31march2026/METOP-B_20250103_OBSVALUE.nc
Saved: /perm/dnk8355/paper2026/netcdf_daily_1april2024_31march2026/METOP-B_20250103_EMIS_WATER.nc
Saved: /perm/dnk8355/paper2026/netcdf_daily_1april2024_31march2026/METOP-B_20250103_TAUSFC.nc
Saved: /perm/dnk8355/paper2026/netcdf_daily_1april2024_31march2026/METOP-B_20250103_TDOWN.nc
Saved: /perm/dnk8355/paper2026/netcdf_daily_1april2024_31march2026/METOP-B_20250103_TUP.nc
Saved: /perm/dnk8355/paper2026/netcdf_daily_1april2024_31march2026/METOP-B_20250103_TAUSFC_CLD.nc
Saved: /perm/dnk8355/paper2026/netcdf_daily_1april2024_31march2026/METOP-B_20250103_TDOWN_CLD.nc
Saved: /perm/dnk8355/paper2026/netcdf_daily_1april2024_31march2026/METOP-B_20250103_TUP_CLD.nc
Saved: /perm/dnk8355/paper2026/netcdf_daily_1april2024_31march2026/METOP-B_20250103_FG_DEP.nc
Saved: /perm/dnk8355/paper2026/netcdf_daily_1april2024_31march2026/METOP-B_20250103_AN_DEP.nc
Saved summary: /perm/dnk8355/paper2026/netcdf_daily_1april2024_31march2026/METOP-C_20250103_summary.txt
Saved: /perm/dnk8355/paper2026/netcdf_daily_1april2024_31march2026/METOP-C_20250103_OBSVALUE.nc
Saved: /perm/dnk8355/paper2026/netcdf_daily_1april2024_31march2026/METOP-C_20250103_EMIS_WATER.nc
Saved: /perm/dnk8355/paper2026/netcdf_daily_1april2024_31march2026/METOP-C_20250103_TAUSFC.nc
Saved: /perm/dnk8355/paper2026/netcdf_daily_1april2024_31march2026/METOP-C_20250103_TDOWN.nc
Saved: /perm/dnk8355/paper2026/netcdf_daily_1april2024_31march2026/METOP-C_20250103_TUP.nc
Saved: /perm/dnk8355/paper2026/netcdf_daily_1april2024_31march2026/METOP-C_20250103_TAUSFC_CLD.nc
Saved: /perm/dnk8355/paper2026/netcdf_daily_1april2024_31march2026/METOP-C_20250103_TDOWN_CLD.nc
Saved: /perm/dnk8355/paper2026/netcdf_daily_1april2024_31march2026/METOP-C_20250103_TUP_CLD.nc
Saved: /perm/dnk8355/paper2026/netcdf_daily_1april2024_31march2026/METOP-C_20250103_FG_DEP.nc
Saved: /perm/dnk8355/paper2026/netcdf_daily_1april2024_31march2026/METOP-C_20250103_AN_DEP.nc
[445380] Saved daily NetCDFs for amsua_ofb_lwda_20250103_NH_SH_variables_filtered_lsm_lower02.odb
Saved summary: /perm/dnk8355/paper2026/netcdf_daily_1april2024_31march2026/METOP-B_20250104_summary.txt
Saved: /perm/dnk8355/paper2026/netcdf_daily_1april2024_31march2026/METOP-B_20250104_OBSVALUE.nc
Saved: /perm/dnk8355/paper2026/netcdf_daily_1april2024_31march2026/METOP-B_20250104_EMIS_WATER.nc
Saved: /perm/dnk8355/paper2026/netcdf_daily_1april2024_31march2026/METOP-B_20250104_TAUSFC.nc
Saved: /perm/dnk8355/paper2026/netcdf_daily_1april2024_31march2026/METOP-B_20250104_TDOWN.nc
Saved: /perm/dnk8355/paper2026/netcdf_daily_1april2024_31march2026/METOP-B_20250104_TUP.nc
Saved: /perm/dnk8355/paper2026/netcdf_daily_1april2024_31march2026/METOP-B_20250104_TAUSFC_CLD.nc
Saved: /perm/dnk8355/paper2026/netcdf_daily_1april2024_31march2026/METOP-B_20250104_TDOWN_CLD.nc
Saved: /perm/dnk8355/paper2026/netcdf_daily_1april2024_31march2026/METOP-B_20250104_TUP_CLD.nc
Saved: /perm/dnk8355/paper2026/netcdf_daily_1april2024_31march2026/METOP-B_20250104_FG_DEP.nc
Saved: /perm/dnk8355/paper2026/netcdf_daily_1april2024_31march2026/METOP-B_20250104_AN_DEP.nc
Saved summary: /perm/dnk8355/paper2026/netcdf_daily_1april2024_31march2026/METOP-C_20250104_summary.txt
Saved: /perm/dnk8355/paper2026/netcdf_daily_1april2024_31march2026/METOP-C_20250104_OBSVALUE.nc
Saved: /perm/dnk8355/paper2026/netcdf_daily_1april2024_31march2026/METOP-C_20250104_EMIS_WATER.nc
Saved: /perm/dnk8355/paper2026/netcdf_daily_1april2024_31march2026/METOP-C_20250104_TAUSFC.nc
Saved: /perm/dnk8355/paper2026/netcdf_daily_1april2024_31march2026/METOP-C_20250104_TDOWN.nc
Saved: /perm/dnk8355/paper2026/netcdf_daily_1april2024_31march2026/METOP-C_20250104_TUP.nc
Saved: /perm/dnk8355/paper2026/netcdf_daily_1april2024_31march2026/METOP-C_20250104_TAUSFC_CLD.nc
Saved: /perm/dnk8355/paper2026/netcdf_daily_1april2024_31march2026/METOP-C_20250104_TDOWN_CLD.nc
Saved: /perm/dnk8355/paper2026/netcdf_daily_1april2024_31march2026/METOP-C_20250104_TUP_CLD.nc
Saved: /perm/dnk8355/paper2026/netcdf_daily_1april2024_31march2026/METOP-C_20250104_FG_DEP.nc
Saved: /perm/dnk8355/paper2026/netcdf_daily_1april2024_31march2026/METOP-C_20250104_AN_DEP.nc
[445380] Saved daily NetCDFs for amsua_ofb_lwda_20250104_NH_SH_variables_filtered_lsm_lower02.odb
Saved summary: /perm/dnk8355/paper2026/netcdf_daily_1april2024_31march2026/METOP-B_20250105_summary.txt
Saved: /perm/dnk8355/paper2026/netcdf_daily_1april2024_31march2026/METOP-B_20250105_OBSVALUE.nc
Saved: /perm/dnk8355/paper2026/netcdf_daily_1april2024_31march2026/METOP-B_20250105_EMIS_WATER.nc
Saved: /perm/dnk8355/paper2026/netcdf_daily_1april2024_31march2026/METOP-B_20250105_TAUSFC.nc
Saved: /perm/dnk8355/paper2026/netcdf_daily_1april2024_31march2026/METOP-B_20250105_TDOWN.nc
Saved: /perm/dnk8355/paper2026/netcdf_daily_1april2024_31march2026/METOP-B_20250105_TUP.nc
Saved: /perm/dnk8355/paper2026/netcdf_daily_1april2024_31march2026/METOP-B_20250105_TAUSFC_CLD.nc
Saved: /perm/dnk8355/paper2026/netcdf_daily_1april2024_31march2026/METOP-B_20250105_TDOWN_CLD.nc
Saved: /perm/dnk8355/paper2026/netcdf_daily_1april2024_31march2026/METOP-B_20250105_TUP_CLD.nc
Saved: /perm/dnk8355/paper2026/netcdf_daily_1april2024_31march2026/METOP-B_20250105_FG_DEP.nc
Saved: /perm/dnk8355/paper2026/netcdf_daily_1april2024_31march2026/METOP-B_20250105_AN_DEP.nc
Saved summary: /perm/dnk8355/paper2026/netcdf_daily_1april2024_31march2026/METOP-C_20250105_summary.txt
Saved: /perm/dnk8355/paper2026/netcdf_daily_1april2024_31march2026/METOP-C_20250105_OBSVALUE.nc
Saved: /perm/dnk8355/paper2026/netcdf_daily_1april2024_31march2026/METOP-C_20250105_EMIS_WATER.nc
Saved: /perm/dnk8355/paper2026/netcdf_daily_1april2024_31march2026/METOP-C_20250105_TAUSFC.nc
Saved: /perm/dnk8355/paper2026/netcdf_daily_1april2024_31march2026/METOP-C_20250105_TDOWN.nc
Saved: /perm/dnk8355/paper2026/netcdf_daily_1april2024_31march2026/METOP-C_20250105_TUP.nc
Saved: /perm/dnk8355/paper2026/netcdf_daily_1april2024_31march2026/METOP-C_20250105_TAUSFC_CLD.nc
Saved: /perm/dnk8355/paper2026/netcdf_daily_1april2024_31march2026/METOP-C_20250105_TDOWN_CLD.nc
Saved: /perm/dnk8355/paper2026/netcdf_daily_1april2024_31march2026/METOP-C_20250105_TUP_CLD.nc
Saved: /perm/dnk8355/paper2026/netcdf_daily_1april2024_31march2026/METOP-C_20250105_FG_DEP.nc
Saved: /perm/dnk8355/paper2026/netcdf_daily_1april2024_31march2026/METOP-C_20250105_AN_DEP.nc
[445380] Saved daily NetCDFs for amsua_ofb_lwda_20250105_NH_SH_variables_filtered_lsm_lower02.odb
Saved summary: /perm/dnk8355/paper2026/netcdf_daily_1april2024_31march2026/METOP-B_20250106_summary.txt
Saved: /perm/dnk8355/paper2026/netcdf_daily_1april2024_31march2026/METOP-B_20250106_OBSVALUE.nc
Saved: /perm/dnk8355/paper2026/netcdf_daily_1april2024_31march2026/METOP-B_20250106_EMIS_WATER.nc
Saved: /perm/dnk8355/paper2026/netcdf_daily_1april2024_31march2026/METOP-B_20250106_TAUSFC.nc
Saved: /perm/dnk8355/paper2026/netcdf_daily_1april2024_31march2026/METOP-B_20250106_TDOWN.nc
Saved: /perm/dnk8355/paper2026/netcdf_daily_1april2024_31march2026/METOP-B_20250106_TUP.nc
Saved: /perm/dnk8355/paper2026/netcdf_daily_1april2024_31march2026/METOP-B_20250106_TAUSFC_CLD.nc
Saved: /perm/dnk8355/paper2026/netcdf_daily_1april2024_31march2026/METOP-B_20250106_TDOWN_CLD.nc
Saved: /perm/dnk8355/paper2026/netcdf_daily_1april2024_31march2026/METOP-B_20250106_TUP_CLD.nc
Saved: /perm/dnk8355/paper2026/netcdf_daily_1april2024_31march2026/METOP-B_20250106_FG_DEP.nc
Saved: /perm/dnk8355/paper2026/netcdf_daily_1april2024_31march2026/METOP-B_20250106_AN_DEP.nc
Saved summary: /perm/dnk8355/paper2026/netcdf_daily_1april2024_31march2026/METOP-C_20250106_summary.txt
Saved: /perm/dnk8355/paper2026/netcdf_daily_1april2024_31march2026/METOP-C_20250106_OBSVALUE.nc
Saved: /perm/dnk8355/paper2026/netcdf_daily_1april2024_31march2026/METOP-C_20250106_EMIS_WATER.nc
Saved: /perm/dnk8355/paper2026/netcdf_daily_1april2024_31march2026/METOP-C_20250106_TAUSFC.nc
Saved: /perm/dnk8355/paper2026/netcdf_daily_1april2024_31march2026/METOP-C_20250106_TDOWN.nc
Saved: /perm/dnk8355/paper2026/netcdf_daily_1april2024_31march2026/METOP-C_20250106_TUP.nc
Saved: /perm/dnk8355/paper2026/netcdf_daily_1april2024_31march2026/METOP-C_20250106_TAUSFC_CLD.nc
Saved: /perm/dnk8355/paper2026/netcdf_daily_1april2024_31march2026/METOP-C_20250106_TDOWN_CLD.nc
Saved: /perm/dnk8355/paper2026/netcdf_daily_1april2024_31march2026/METOP-C_20250106_TUP_CLD.nc
Saved: /perm/dnk8355/paper2026/netcdf_daily_1april2024_31march2026/METOP-C_20250106_FG_DEP.nc
Saved: /perm/dnk8355/paper2026/netcdf_daily_1april2024_31march2026/METOP-C_20250106_AN_DEP.nc
[445380] Saved daily NetCDFs for amsua_ofb_lwda_20250106_NH_SH_variables_filtered_lsm_lower02.odb
Saved summary: /perm/dnk8355/paper2026/netcdf_daily_1april2024_31march2026/METOP-B_20250107_summary.txt
Saved: /perm/dnk8355/paper2026/netcdf_daily_1april2024_31march2026/METOP-B_20250107_OBSVALUE.nc
Saved: /perm/dnk8355/paper2026/netcdf_daily_1april2024_31march2026/METOP-B_20250107_EMIS_WATER.nc
Saved: /perm/dnk8355/paper2026/netcdf_daily_1april2024_31march2026/METOP-B_20250107_TAUSFC.nc
Saved: /perm/dnk8355/paper2026/netcdf_daily_1april2024_31march2026/METOP-B_20250107_TDOWN.nc
Saved: /perm/dnk8355/paper2026/netcdf_daily_1april2024_31march2026/METOP-B_20250107_TUP.nc
Saved: /perm/dnk8355/paper2026/netcdf_daily_1april2024_31march2026/METOP-B_20250107_TAUSFC_CLD.nc
Saved: /perm/dnk8355/paper2026/netcdf_daily_1april2024_31march2026/METOP-B_20250107_TDOWN_CLD.nc
Saved: /perm/dnk8355/paper2026/netcdf_daily_1april2024_31march2026/METOP-B_20250107_TUP_CLD.nc
Saved: /perm/dnk8355/paper2026/netcdf_daily_1april2024_31march2026/METOP-B_20250107_FG_DEP.nc
Saved: /perm/dnk8355/paper2026/netcdf_daily_1april2024_31march2026/METOP-B_20250107_AN_DEP.nc
Saved summary: /perm/dnk8355/paper2026/netcdf_daily_1april2024_31march2026/METOP-C_20250107_summary.txt
Saved: /perm/dnk8355/paper2026/netcdf_daily_1april2024_31march2026/METOP-C_20250107_OBSVALUE.nc
Saved: /perm/dnk8355/paper2026/netcdf_daily_1april2024_31march2026/METOP-C_20250107_EMIS_WATER.nc
Saved: /perm/dnk8355/paper2026/netcdf_daily_1april2024_31march2026/METOP-C_20250107_TAUSFC.nc
Saved: /perm/dnk8355/paper2026/netcdf_daily_1april2024_31march2026/METOP-C_20250107_TDOWN.nc
Saved: /perm/dnk8355/paper2026/netcdf_daily_1april2024_31march2026/METOP-C_20250107_TUP.nc
Saved: /perm/dnk8355/paper2026/netcdf_daily_1april2024_31march2026/METOP-C_20250107_TAUSFC_CLD.nc
Saved: /perm/dnk8355/paper2026/netcdf_daily_1april2024_31march2026/METOP-C_20250107_TDOWN_CLD.nc
Saved: /perm/dnk8355/paper2026/netcdf_daily_1april2024_31march2026/METOP-C_20250107_TUP_CLD.nc
Saved: /perm/dnk8355/paper2026/netcdf_daily_1april2024_31march2026/METOP-C_20250107_FG_DEP.nc
Saved: /perm/dnk8355/paper2026/netcdf_daily_1april2024_31march2026/METOP-C_20250107_AN_DEP.nc
[445380] Saved daily NetCDFs for amsua_ofb_lwda_20250107_NH_SH_variables_filtered_lsm_lower02.odb
Saved summary: /perm/dnk8355/paper2026/netcdf_daily_1april2024_31march2026/METOP-B_20250108_summary.txt
Saved: /perm/dnk8355/paper2026/netcdf_daily_1april2024_31march2026/METOP-B_20250108_OBSVALUE.nc
Saved: /perm/dnk8355/paper2026/netcdf_daily_1april2024_31march2026/METOP-B_20250108_EMIS_WATER.nc
Saved: /perm/dnk8355/paper2026/netcdf_daily_1april2024_31march2026/METOP-B_20250108_TAUSFC.nc
Saved: /perm/dnk8355/paper2026/netcdf_daily_1april2024_31march2026/METOP-B_20250108_TDOWN.nc
Saved: /perm/dnk8355/paper2026/netcdf_daily_1april2024_31march2026/METOP-B_20250108_TUP.nc
Saved: /perm/dnk8355/paper2026/netcdf_daily_1april2024_31march2026/METOP-B_20250108_TAUSFC_CLD.nc
Saved: /perm/dnk8355/paper2026/netcdf_daily_1april2024_31march2026/METOP-B_20250108_TDOWN_CLD.nc
Saved: /perm/dnk8355/paper2026/netcdf_daily_1april2024_31march2026/METOP-B_20250108_TUP_CLD.nc
Saved: /perm/dnk8355/paper2026/netcdf_daily_1april2024_31march2026/METOP-B_20250108_FG_DEP.nc
Saved: /perm/dnk8355/paper2026/netcdf_daily_1april2024_31march2026/METOP-B_20250108_AN_DEP.nc
Saved summary: /perm/dnk8355/paper2026/netcdf_daily_1april2024_31march2026/METOP-C_20250108_summary.txt
Saved: /perm/dnk8355/paper2026/netcdf_daily_1april2024_31march2026/METOP-C_20250108_OBSVALUE.nc
Saved: /perm/dnk8355/paper2026/netcdf_daily_1april2024_31march2026/METOP-C_20250108_EMIS_WATER.nc
Saved: /perm/dnk8355/paper2026/netcdf_daily_1april2024_31march2026/METOP-C_20250108_TAUSFC.nc
Saved: /perm/dnk8355/paper2026/netcdf_daily_1april2024_31march2026/METOP-C_20250108_TDOWN.nc
Saved: /perm/dnk8355/paper2026/netcdf_daily_1april2024_31march2026/METOP-C_20250108_TUP.nc
Saved: /perm/dnk8355/paper2026/netcdf_daily_1april2024_31march2026/METOP-C_20250108_TAUSFC_CLD.nc
Saved: /perm/dnk8355/paper2026/netcdf_daily_1april2024_31march2026/METOP-C_20250108_TDOWN_CLD.nc
Saved: /perm/dnk8355/paper2026/netcdf_daily_1april2024_31march2026/METOP-C_20250108_TUP_CLD.nc
Saved: /perm/dnk8355/paper2026/netcdf_daily_1april2024_31march2026/METOP-C_20250108_FG_DEP.nc
Saved: /perm/dnk8355/paper2026/netcdf_daily_1april2024_31march2026/METOP-C_20250108_AN_DEP.nc
[445380] Saved daily NetCDFs for amsua_ofb_lwda_20250108_NH_SH_variables_filtered_lsm_lower02.odb
Saved summary: /perm/dnk8355/paper2026/netcdf_daily_1april2024_31march2026/METOP-B_20250109_summary.txt
Saved: /perm/dnk8355/paper2026/netcdf_daily_1april2024_31march2026/METOP-B_20250109_OBSVALUE.nc
Saved: /perm/dnk8355/paper2026/netcdf_daily_1april2024_31march2026/METOP-B_20250109_EMIS_WATER.nc
Saved: /perm/dnk8355/paper2026/netcdf_daily_1april2024_31march2026/METOP-B_20250109_TAUSFC.nc
Saved: /perm/dnk8355/paper2026/netcdf_daily_1april2024_31march2026/METOP-B_20250109_TDOWN.nc
Saved: /perm/dnk8355/paper2026/netcdf_daily_1april2024_31march2026/METOP-B_20250109_TUP.nc
Saved: /perm/dnk8355/paper2026/netcdf_daily_1april2024_31march2026/METOP-B_20250109_TAUSFC_CLD.nc
Saved: /perm/dnk8355/paper2026/netcdf_daily_1april2024_31march2026/METOP-B_20250109_TDOWN_CLD.nc
Saved: /perm/dnk8355/paper2026/netcdf_daily_1april2024_31march2026/METOP-B_20250109_TUP_CLD.nc
Saved: /perm/dnk8355/paper2026/netcdf_daily_1april2024_31march2026/METOP-B_20250109_FG_DEP.nc
Saved: /perm/dnk8355/paper2026/netcdf_daily_1april2024_31march2026/METOP-B_20250109_AN_DEP.nc
Saved summary: /perm/dnk8355/paper2026/netcdf_daily_1april2024_31march2026/METOP-C_20250109_summary.txt
Saved: /perm/dnk8355/paper2026/netcdf_daily_1april2024_31march2026/METOP-C_20250109_OBSVALUE.nc
Saved: /perm/dnk8355/paper2026/netcdf_daily_1april2024_31march2026/METOP-C_20250109_EMIS_WATER.nc
Saved: /perm/dnk8355/paper2026/netcdf_daily_1april2024_31march2026/METOP-C_20250109_TAUSFC.nc
Saved: /perm/dnk8355/paper2026/netcdf_daily_1april2024_31march2026/METOP-C_20250109_TDOWN.nc
Saved: /perm/dnk8355/paper2026/netcdf_daily_1april2024_31march2026/METOP-C_20250109_TUP.nc
Saved: /perm/dnk8355/paper2026/netcdf_daily_1april2024_31march2026/METOP-C_20250109_TAUSFC_CLD.nc
Saved: /perm/dnk8355/paper2026/netcdf_daily_1april2024_31march2026/METOP-C_20250109_TDOWN_CLD.nc
Saved: /perm/dnk8355/paper2026/netcdf_daily_1april2024_31march2026/METOP-C_20250109_TUP_CLD.nc
Saved: /perm/dnk8355/paper2026/netcdf_daily_1april2024_31march2026/METOP-C_20250109_FG_DEP.nc
Saved: /perm/dnk8355/paper2026/netcdf_daily_1april2024_31march2026/METOP-C_20250109_AN_DEP.nc
[445380] Saved daily NetCDFs for amsua_ofb_lwda_20250109_NH_SH_variables_filtered_lsm_lower02.odb
Saved summary: /perm/dnk8355/paper2026/netcdf_daily_1april2024_31march2026/METOP-B_20250110_summary.txt
Saved: /perm/dnk8355/paper2026/netcdf_daily_1april2024_31march2026/METOP-B_20250110_OBSVALUE.nc
Saved: /perm/dnk8355/paper2026/netcdf_daily_1april2024_31march2026/METOP-B_20250110_EMIS_WATER.nc
Saved: /perm/dnk8355/paper2026/netcdf_daily_1april2024_31march2026/METOP-B_20250110_TAUSFC.nc
Saved: /perm/dnk8355/paper2026/netcdf_daily_1april2024_31march2026/METOP-B_20250110_TDOWN.nc
Saved: /perm/dnk8355/paper2026/netcdf_daily_1april2024_31march2026/METOP-B_20250110_TUP.nc
Saved: /perm/dnk8355/paper2026/netcdf_daily_1april2024_31march2026/METOP-B_20250110_TAUSFC_CLD.nc
Saved: /perm/dnk8355/paper2026/netcdf_daily_1april2024_31march2026/METOP-B_20250110_TDOWN_CLD.nc
Saved: /perm/dnk8355/paper2026/netcdf_daily_1april2024_31march2026/METOP-B_20250110_TUP_CLD.nc
Saved: /perm/dnk8355/paper2026/netcdf_daily_1april2024_31march2026/METOP-B_20250110_FG_DEP.nc
Saved: /perm/dnk8355/paper2026/netcdf_daily_1april2024_31march2026/METOP-B_20250110_AN_DEP.nc
Saved summary: /perm/dnk8355/paper2026/netcdf_daily_1april2024_31march2026/METOP-C_20250110_summary.txt
Saved: /perm/dnk8355/paper2026/netcdf_daily_1april2024_31march2026/METOP-C_20250110_OBSVALUE.nc
Saved: /perm/dnk8355/paper2026/netcdf_daily_1april2024_31march2026/METOP-C_20250110_EMIS_WATER.nc
Saved: /perm/dnk8355/paper2026/netcdf_daily_1april2024_31march2026/METOP-C_20250110_TAUSFC.nc
Saved: /perm/dnk8355/paper2026/netcdf_daily_1april2024_31march2026/METOP-C_20250110_TDOWN.nc
Saved: /perm/dnk8355/paper2026/netcdf_daily_1april2024_31march2026/METOP-C_20250110_TUP.nc
Saved: /perm/dnk8355/paper2026/netcdf_daily_1april2024_31march2026/METOP-C_20250110_TAUSFC_CLD.nc
Saved: /perm/dnk8355/paper2026/netcdf_daily_1april2024_31march2026/METOP-C_20250110_TDOWN_CLD.nc
Saved: /perm/dnk8355/paper2026/netcdf_daily_1april2024_31march2026/METOP-C_20250110_TUP_CLD.nc
Saved: /perm/dnk8355/paper2026/netcdf_daily_1april2024_31march2026/METOP-C_20250110_FG_DEP.nc
Saved: /perm/dnk8355/paper2026/netcdf_daily_1april2024_31march2026/METOP-C_20250110_AN_DEP.nc
[445380] Saved daily NetCDFs for amsua_ofb_lwda_20250110_NH_SH_variables_filtered_lsm_lower02.odb
Saved summary: /perm/dnk8355/paper2026/netcdf_daily_1april2024_31march2026/METOP-B_20250111_summary.txt
Saved: /perm/dnk8355/paper2026/netcdf_daily_1april2024_31march2026/METOP-B_20250111_OBSVALUE.nc
Saved: /perm/dnk8355/paper2026/netcdf_daily_1april2024_31march2026/METOP-B_20250111_EMIS_WATER.nc
Saved: /perm/dnk8355/paper2026/netcdf_daily_1april2024_31march2026/METOP-B_20250111_TAUSFC.nc
Saved: /perm/dnk8355/paper2026/netcdf_daily_1april2024_31march2026/METOP-B_20250111_TDOWN.nc
Saved: /perm/dnk8355/paper2026/netcdf_daily_1april2024_31march2026/METOP-B_20250111_TUP.nc
Saved: /perm/dnk8355/paper2026/netcdf_daily_1april2024_31march2026/METOP-B_20250111_TAUSFC_CLD.nc
Saved: /perm/dnk8355/paper2026/netcdf_daily_1april2024_31march2026/METOP-B_20250111_TDOWN_CLD.nc
Saved: /perm/dnk8355/paper2026/netcdf_daily_1april2024_31march2026/METOP-B_20250111_TUP_CLD.nc
Saved: /perm/dnk8355/paper2026/netcdf_daily_1april2024_31march2026/METOP-B_20250111_FG_DEP.nc
Saved: /perm/dnk8355/paper2026/netcdf_daily_1april2024_31march2026/METOP-B_20250111_AN_DEP.nc
Saved summary: /perm/dnk8355/paper2026/netcdf_daily_1april2024_31march2026/METOP-C_20250111_summary.txt
Saved: /perm/dnk8355/paper2026/netcdf_daily_1april2024_31march2026/METOP-C_20250111_OBSVALUE.nc
Saved: /perm/dnk8355/paper2026/netcdf_daily_1april2024_31march2026/METOP-C_20250111_EMIS_WATER.nc
Saved: /perm/dnk8355/paper2026/netcdf_daily_1april2024_31march2026/METOP-C_20250111_TAUSFC.nc
Saved: /perm/dnk8355/paper2026/netcdf_daily_1april2024_31march2026/METOP-C_20250111_TDOWN.nc
Saved: /perm/dnk8355/paper2026/netcdf_daily_1april2024_31march2026/METOP-C_20250111_TUP.nc
Saved: /perm/dnk8355/paper2026/netcdf_daily_1april2024_31march2026/METOP-C_20250111_TAUSFC_CLD.nc
Saved: /perm/dnk8355/paper2026/netcdf_daily_1april2024_31march2026/METOP-C_20250111_TDOWN_CLD.nc
Saved: /perm/dnk8355/paper2026/netcdf_daily_1april2024_31march2026/METOP-C_20250111_TUP_CLD.nc
Saved: /perm/dnk8355/paper2026/netcdf_daily_1april2024_31march2026/METOP-C_20250111_FG_DEP.nc
Saved: /perm/dnk8355/paper2026/netcdf_daily_1april2024_31march2026/METOP-C_20250111_AN_DEP.nc
[445380] Saved daily NetCDFs for amsua_ofb_lwda_20250111_NH_SH_variables_filtered_lsm_lower02.odb
Saved summary: /perm/dnk8355/paper2026/netcdf_daily_1april2024_31march2026/METOP-B_20250112_summary.txt
Saved: /perm/dnk8355/paper2026/netcdf_daily_1april2024_31march2026/METOP-B_20250112_OBSVALUE.nc
Saved: /perm/dnk8355/paper2026/netcdf_daily_1april2024_31march2026/METOP-B_20250112_EMIS_WATER.nc
Saved: /perm/dnk8355/paper2026/netcdf_daily_1april2024_31march2026/METOP-B_20250112_TAUSFC.nc
Saved: /perm/dnk8355/paper2026/netcdf_daily_1april2024_31march2026/METOP-B_20250112_TDOWN.nc
Saved: /perm/dnk8355/paper2026/netcdf_daily_1april2024_31march2026/METOP-B_20250112_TUP.nc
Saved: /perm/dnk8355/paper2026/netcdf_daily_1april2024_31march2026/METOP-B_20250112_TAUSFC_CLD.nc
Saved: /perm/dnk8355/paper2026/netcdf_daily_1april2024_31march2026/METOP-B_20250112_TDOWN_CLD.nc
Saved: /perm/dnk8355/paper2026/netcdf_daily_1april2024_31march2026/METOP-B_20250112_TUP_CLD.nc
Saved: /perm/dnk8355/paper2026/netcdf_daily_1april2024_31march2026/METOP-B_20250112_FG_DEP.nc
Saved: /perm/dnk8355/paper2026/netcdf_daily_1april2024_31march2026/METOP-B_20250112_AN_DEP.nc
Saved summary: /perm/dnk8355/paper2026/netcdf_daily_1april2024_31march2026/METOP-C_20250112_summary.txt
Saved: /perm/dnk8355/paper2026/netcdf_daily_1april2024_31march2026/METOP-C_20250112_OBSVALUE.nc
Saved: /perm/dnk8355/paper2026/netcdf_daily_1april2024_31march2026/METOP-C_20250112_EMIS_WATER.nc
Saved: /perm/dnk8355/paper2026/netcdf_daily_1april2024_31march2026/METOP-C_20250112_TAUSFC.nc
Saved: /perm/dnk8355/paper2026/netcdf_daily_1april2024_31march2026/METOP-C_20250112_TDOWN.nc
Saved: /perm/dnk8355/paper2026/netcdf_daily_1april2024_31march2026/METOP-C_20250112_TUP.nc
Saved: /perm/dnk8355/paper2026/netcdf_daily_1april2024_31march2026/METOP-C_20250112_TAUSFC_CLD.nc
Saved: /perm/dnk8355/paper2026/netcdf_daily_1april2024_31march2026/METOP-C_20250112_TDOWN_CLD.nc
Saved: /perm/dnk8355/paper2026/netcdf_daily_1april2024_31march2026/METOP-C_20250112_TUP_CLD.nc
Saved: /perm/dnk8355/paper2026/netcdf_daily_1april2024_31march2026/METOP-C_20250112_FG_DEP.nc
Saved: /perm/dnk8355/paper2026/netcdf_daily_1april2024_31march2026/METOP-C_20250112_AN_DEP.nc
[445380] Saved daily NetCDFs for amsua_ofb_lwda_20250112_NH_SH_variables_filtered_lsm_lower02.odb
Saved summary: /perm/dnk8355/paper2026/netcdf_daily_1april2024_31march2026/METOP-B_20250113_summary.txt
Saved: /perm/dnk8355/paper2026/netcdf_daily_1april2024_31march2026/METOP-B_20250113_OBSVALUE.nc
Saved: /perm/dnk8355/paper2026/netcdf_daily_1april2024_31march2026/METOP-B_20250113_EMIS_WATER.nc
Saved: /perm/dnk8355/paper2026/netcdf_daily_1april2024_31march2026/METOP-B_20250113_TAUSFC.nc
Saved: /perm/dnk8355/paper2026/netcdf_daily_1april2024_31march2026/METOP-B_20250113_TDOWN.nc
Saved: /perm/dnk8355/paper2026/netcdf_daily_1april2024_31march2026/METOP-B_20250113_TUP.nc
Saved: /perm/dnk8355/paper2026/netcdf_daily_1april2024_31march2026/METOP-B_20250113_TAUSFC_CLD.nc
Saved: /perm/dnk8355/paper2026/netcdf_daily_1april2024_31march2026/METOP-B_20250113_TDOWN_CLD.nc
Saved: /perm/dnk8355/paper2026/netcdf_daily_1april2024_31march2026/METOP-B_20250113_TUP_CLD.nc
Saved: /perm/dnk8355/paper2026/netcdf_daily_1april2024_31march2026/METOP-B_20250113_FG_DEP.nc
Saved: /perm/dnk8355/paper2026/netcdf_daily_1april2024_31march2026/METOP-B_20250113_AN_DEP.nc
Saved summary: /perm/dnk8355/paper2026/netcdf_daily_1april2024_31march2026/METOP-C_20250113_summary.txt
Saved: /perm/dnk8355/paper2026/netcdf_daily_1april2024_31march2026/METOP-C_20250113_OBSVALUE.nc
Saved: /perm/dnk8355/paper2026/netcdf_daily_1april2024_31march2026/METOP-C_20250113_EMIS_WATER.nc
Saved: /perm/dnk8355/paper2026/netcdf_daily_1april2024_31march2026/METOP-C_20250113_TAUSFC.nc
Saved: /perm/dnk8355/paper2026/netcdf_daily_1april2024_31march2026/METOP-C_20250113_TDOWN.nc
Saved: /perm/dnk8355/paper2026/netcdf_daily_1april2024_31march2026/METOP-C_20250113_TUP.nc
Saved: /perm/dnk8355/paper2026/netcdf_daily_1april2024_31march2026/METOP-C_20250113_TAUSFC_CLD.nc
Saved: /perm/dnk8355/paper2026/netcdf_daily_1april2024_31march2026/METOP-C_20250113_TDOWN_CLD.nc
Saved: /perm/dnk8355/paper2026/netcdf_daily_1april2024_31march2026/METOP-C_20250113_TUP_CLD.nc
Saved: /perm/dnk8355/paper2026/netcdf_daily_1april2024_31march2026/METOP-C_20250113_FG_DEP.nc
Saved: /perm/dnk8355/paper2026/netcdf_daily_1april2024_31march2026/METOP-C_20250113_AN_DEP.nc
[445380] Saved daily NetCDFs for amsua_ofb_lwda_20250113_NH_SH_variables_filtered_lsm_lower02.odb
Saved summary: /perm/dnk8355/paper2026/netcdf_daily_1april2024_31march2026/METOP-B_20250114_summary.txt
Saved: /perm/dnk8355/paper2026/netcdf_daily_1april2024_31march2026/METOP-B_20250114_OBSVALUE.nc
Saved: /perm/dnk8355/paper2026/netcdf_daily_1april2024_31march2026/METOP-B_20250114_EMIS_WATER.nc
Saved: /perm/dnk8355/paper2026/netcdf_daily_1april2024_31march2026/METOP-B_20250114_TAUSFC.nc
Saved: /perm/dnk8355/paper2026/netcdf_daily_1april2024_31march2026/METOP-B_20250114_TDOWN.nc
Saved: /perm/dnk8355/paper2026/netcdf_daily_1april2024_31march2026/METOP-B_20250114_TUP.nc
Saved: /perm/dnk8355/paper2026/netcdf_daily_1april2024_31march2026/METOP-B_20250114_TAUSFC_CLD.nc
Saved: /perm/dnk8355/paper2026/netcdf_daily_1april2024_31march2026/METOP-B_20250114_TDOWN_CLD.nc
Saved: /perm/dnk8355/paper2026/netcdf_daily_1april2024_31march2026/METOP-B_20250114_TUP_CLD.nc
Saved: /perm/dnk8355/paper2026/netcdf_daily_1april2024_31march2026/METOP-B_20250114_FG_DEP.nc
Saved: /perm/dnk8355/paper2026/netcdf_daily_1april2024_31march2026/METOP-B_20250114_AN_DEP.nc
Saved summary: /perm/dnk8355/paper2026/netcdf_daily_1april2024_31march2026/METOP-C_20250114_summary.txt
Saved: /perm/dnk8355/paper2026/netcdf_daily_1april2024_31march2026/METOP-C_20250114_OBSVALUE.nc
Saved: /perm/dnk8355/paper2026/netcdf_daily_1april2024_31march2026/METOP-C_20250114_EMIS_WATER.nc
Saved: /perm/dnk8355/paper2026/netcdf_daily_1april2024_31march2026/METOP-C_20250114_TAUSFC.nc
Saved: /perm/dnk8355/paper2026/netcdf_daily_1april2024_31march2026/METOP-C_20250114_TDOWN.nc
Saved: /perm/dnk8355/paper2026/netcdf_daily_1april2024_31march2026/METOP-C_20250114_TUP.nc
Saved: /perm/dnk8355/paper2026/netcdf_daily_1april2024_31march2026/METOP-C_20250114_TAUSFC_CLD.nc
Saved: /perm/dnk8355/paper2026/netcdf_daily_1april2024_31march2026/METOP-C_20250114_TDOWN_CLD.nc
Saved: /perm/dnk8355/paper2026/netcdf_daily_1april2024_31march2026/METOP-C_20250114_TUP_CLD.nc
Saved: /perm/dnk8355/paper2026/netcdf_daily_1april2024_31march2026/METOP-C_20250114_FG_DEP.nc
Saved: /perm/dnk8355/paper2026/netcdf_daily_1april2024_31march2026/METOP-C_20250114_AN_DEP.nc
[445380] Saved daily NetCDFs for amsua_ofb_lwda_20250114_NH_SH_variables_filtered_lsm_lower02.odb
Saved summary: /perm/dnk8355/paper2026/netcdf_daily_1april2024_31march2026/METOP-B_20250115_summary.txt
Saved: /perm/dnk8355/paper2026/netcdf_daily_1april2024_31march2026/METOP-B_20250115_OBSVALUE.nc
Saved: /perm/dnk8355/paper2026/netcdf_daily_1april2024_31march2026/METOP-B_20250115_EMIS_WATER.nc
Saved: /perm/dnk8355/paper2026/netcdf_daily_1april2024_31march2026/METOP-C_20240915_EMIS_WATER.nc
Saved: /perm/dnk8355/paper2026/netcdf_daily_1april2024_31march2026/METOP-C_20240915_TAUSFC.nc
Saved: /perm/dnk8355/paper2026/netcdf_daily_1april2024_31march2026/METOP-C_20240915_TDOWN.nc
Saved: /perm/dnk8355/paper2026/netcdf_daily_1april2024_31march2026/METOP-C_20240915_TUP.nc
Saved: /perm/dnk8355/paper2026/netcdf_daily_1april2024_31march2026/METOP-C_20240915_TAUSFC_CLD.nc
Saved: /perm/dnk8355/paper2026/netcdf_daily_1april2024_31march2026/METOP-C_20240915_TDOWN_CLD.nc
Saved: /perm/dnk8355/paper2026/netcdf_daily_1april2024_31march2026/METOP-C_20240915_TUP_CLD.nc
Saved: /perm/dnk8355/paper2026/netcdf_daily_1april2024_31march2026/METOP-C_20240915_FG_DEP.nc
Saved: /perm/dnk8355/paper2026/netcdf_daily_1april2024_31march2026/METOP-C_20240915_AN_DEP.nc
[445383] Saved daily NetCDFs for amsua_ofb_lwda_20240915_NH_SH_variables_filtered_lsm_lower02.odb
Saved summary: /perm/dnk8355/paper2026/netcdf_daily_1april2024_31march2026/METOP-B_20240916_summary.txt
Saved: /perm/dnk8355/paper2026/netcdf_daily_1april2024_31march2026/METOP-B_20240916_OBSVALUE.nc
Saved: /perm/dnk8355/paper2026/netcdf_daily_1april2024_31march2026/METOP-B_20240916_EMIS_WATER.nc
Saved: /perm/dnk8355/paper2026/netcdf_daily_1april2024_31march2026/METOP-B_20240916_TAUSFC.nc
Saved: /perm/dnk8355/paper2026/netcdf_daily_1april2024_31march2026/METOP-B_20240916_TDOWN.nc
Saved: /perm/dnk8355/paper2026/netcdf_daily_1april2024_31march2026/METOP-B_20240916_TUP.nc
Saved: /perm/dnk8355/paper2026/netcdf_daily_1april2024_31march2026/METOP-B_20240916_TAUSFC_CLD.nc
Saved: /perm/dnk8355/paper2026/netcdf_daily_1april2024_31march2026/METOP-B_20240916_TDOWN_CLD.nc
Saved: /perm/dnk8355/paper2026/netcdf_daily_1april2024_31march2026/METOP-B_20240916_TUP_CLD.nc
Saved: /perm/dnk8355/paper2026/netcdf_daily_1april2024_31march2026/METOP-B_20240916_FG_DEP.nc
Saved: /perm/dnk8355/paper2026/netcdf_daily_1april2024_31march2026/METOP-B_20240916_AN_DEP.nc
Saved summary: /perm/dnk8355/paper2026/netcdf_daily_1april2024_31march2026/METOP-C_20240916_summary.txt
Saved: /perm/dnk8355/paper2026/netcdf_daily_1april2024_31march2026/METOP-C_20240916_OBSVALUE.nc
Saved: /perm/dnk8355/paper2026/netcdf_daily_1april2024_31march2026/METOP-C_20240916_EMIS_WATER.nc
Saved: /perm/dnk8355/paper2026/netcdf_daily_1april2024_31march2026/METOP-C_20240916_TAUSFC.nc
Saved: /perm/dnk8355/paper2026/netcdf_daily_1april2024_31march2026/METOP-C_20240916_TDOWN.nc
Saved: /perm/dnk8355/paper2026/netcdf_daily_1april2024_31march2026/METOP-C_20240916_TUP.nc
Saved: /perm/dnk8355/paper2026/netcdf_daily_1april2024_31march2026/METOP-C_20240916_TAUSFC_CLD.nc
Saved: /perm/dnk8355/paper2026/netcdf_daily_1april2024_31march2026/METOP-C_20240916_TDOWN_CLD.nc
Saved: /perm/dnk8355/paper2026/netcdf_daily_1april2024_31march2026/METOP-C_20240916_TUP_CLD.nc
Saved: /perm/dnk8355/paper2026/netcdf_daily_1april2024_31march2026/METOP-C_20240916_FG_DEP.nc
Saved: /perm/dnk8355/paper2026/netcdf_daily_1april2024_31march2026/METOP-C_20240916_AN_DEP.nc
[445383] Saved daily NetCDFs for amsua_ofb_lwda_20240916_NH_SH_variables_filtered_lsm_lower02.odb
Saved summary: /perm/dnk8355/paper2026/netcdf_daily_1april2024_31march2026/METOP-B_20240917_summary.txt
Saved: /perm/dnk8355/paper2026/netcdf_daily_1april2024_31march2026/METOP-B_20240917_OBSVALUE.nc
Saved: /perm/dnk8355/paper2026/netcdf_daily_1april2024_31march2026/METOP-B_20240917_EMIS_WATER.nc
Saved: /perm/dnk8355/paper2026/netcdf_daily_1april2024_31march2026/METOP-B_20240917_TAUSFC.nc
Saved: /perm/dnk8355/paper2026/netcdf_daily_1april2024_31march2026/METOP-B_20240917_TDOWN.nc
Saved: /perm/dnk8355/paper2026/netcdf_daily_1april2024_31march2026/METOP-B_20240917_TUP.nc
Saved: /perm/dnk8355/paper2026/netcdf_daily_1april2024_31march2026/METOP-B_20240917_TAUSFC_CLD.nc
Saved: /perm/dnk8355/paper2026/netcdf_daily_1april2024_31march2026/METOP-B_20240917_TDOWN_CLD.nc
Saved: /perm/dnk8355/paper2026/netcdf_daily_1april2024_31march2026/METOP-B_20240917_TUP_CLD.nc
Saved: /perm/dnk8355/paper2026/netcdf_daily_1april2024_31march2026/METOP-B_20240917_FG_DEP.nc
Saved: /perm/dnk8355/paper2026/netcdf_daily_1april2024_31march2026/METOP-B_20240917_AN_DEP.nc
Saved summary: /perm/dnk8355/paper2026/netcdf_daily_1april2024_31march2026/METOP-C_20240917_summary.txt
Saved: /perm/dnk8355/paper2026/netcdf_daily_1april2024_31march2026/METOP-C_20240917_OBSVALUE.nc
Saved: /perm/dnk8355/paper2026/netcdf_daily_1april2024_31march2026/METOP-C_20240917_EMIS_WATER.nc
Saved: /perm/dnk8355/paper2026/netcdf_daily_1april2024_31march2026/METOP-C_20240917_TAUSFC.nc
Saved: /perm/dnk8355/paper2026/netcdf_daily_1april2024_31march2026/METOP-C_20240917_TDOWN.nc
Saved: /perm/dnk8355/paper2026/netcdf_daily_1april2024_31march2026/METOP-C_20240917_TUP.nc
Saved: /perm/dnk8355/paper2026/netcdf_daily_1april2024_31march2026/METOP-C_20240917_TAUSFC_CLD.nc
Saved: /perm/dnk8355/paper2026/netcdf_daily_1april2024_31march2026/METOP-C_20240917_TDOWN_CLD.nc
Saved: /perm/dnk8355/paper2026/netcdf_daily_1april2024_31march2026/METOP-C_20240917_TUP_CLD.nc
Saved: /perm/dnk8355/paper2026/netcdf_daily_1april2024_31march2026/METOP-C_20240917_FG_DEP.nc
Saved: /perm/dnk8355/paper2026/netcdf_daily_1april2024_31march2026/METOP-C_20240917_AN_DEP.nc
[445383] Saved daily NetCDFs for amsua_ofb_lwda_20240917_NH_SH_variables_filtered_lsm_lower02.odb
Saved summary: /perm/dnk8355/paper2026/netcdf_daily_1april2024_31march2026/METOP-B_20240918_summary.txt
Saved: /perm/dnk8355/paper2026/netcdf_daily_1april2024_31march2026/METOP-B_20240918_OBSVALUE.nc
Saved: /perm/dnk8355/paper2026/netcdf_daily_1april2024_31march2026/METOP-B_20240918_EMIS_WATER.nc
Saved: /perm/dnk8355/paper2026/netcdf_daily_1april2024_31march2026/METOP-B_20240918_TAUSFC.nc
Saved: /perm/dnk8355/paper2026/netcdf_daily_1april2024_31march2026/METOP-B_20240918_TDOWN.nc
Saved: /perm/dnk8355/paper2026/netcdf_daily_1april2024_31march2026/METOP-B_20240918_TUP.nc
Saved: /perm/dnk8355/paper2026/netcdf_daily_1april2024_31march2026/METOP-B_20240918_TAUSFC_CLD.nc
Saved: /perm/dnk8355/paper2026/netcdf_daily_1april2024_31march2026/METOP-B_20240918_TDOWN_CLD.nc
Saved: /perm/dnk8355/paper2026/netcdf_daily_1april2024_31march2026/METOP-B_20240918_TUP_CLD.nc
Saved: /perm/dnk8355/paper2026/netcdf_daily_1april2024_31march2026/METOP-B_20240918_FG_DEP.nc
Saved: /perm/dnk8355/paper2026/netcdf_daily_1april2024_31march2026/METOP-B_20240918_AN_DEP.nc
Saved summary: /perm/dnk8355/paper2026/netcdf_daily_1april2024_31march2026/METOP-C_20240918_summary.txt
Saved: /perm/dnk8355/paper2026/netcdf_daily_1april2024_31march2026/METOP-C_20240918_OBSVALUE.nc
Saved: /perm/dnk8355/paper2026/netcdf_daily_1april2024_31march2026/METOP-C_20240918_EMIS_WATER.nc
Saved: /perm/dnk8355/paper2026/netcdf_daily_1april2024_31march2026/METOP-C_20240918_TAUSFC.nc
Saved: /perm/dnk8355/paper2026/netcdf_daily_1april2024_31march2026/METOP-C_20240918_TDOWN.nc
Saved: /perm/dnk8355/paper2026/netcdf_daily_1april2024_31march2026/METOP-C_20240918_TUP.nc
Saved: /perm/dnk8355/paper2026/netcdf_daily_1april2024_31march2026/METOP-C_20240918_TAUSFC_CLD.nc
Saved: /perm/dnk8355/paper2026/netcdf_daily_1april2024_31march2026/METOP-C_20240918_TDOWN_CLD.nc
Saved: /perm/dnk8355/paper2026/netcdf_daily_1april2024_31march2026/METOP-C_20240918_TUP_CLD.nc
Saved: /perm/dnk8355/paper2026/netcdf_daily_1april2024_31march2026/METOP-C_20240918_FG_DEP.nc
Saved: /perm/dnk8355/paper2026/netcdf_daily_1april2024_31march2026/METOP-C_20240918_AN_DEP.nc
[445383] Saved daily NetCDFs for amsua_ofb_lwda_20240918_NH_SH_variables_filtered_lsm_lower02.odb
Saved summary: /perm/dnk8355/paper2026/netcdf_daily_1april2024_31march2026/METOP-B_20240919_summary.txt
Saved: /perm/dnk8355/paper2026/netcdf_daily_1april2024_31march2026/METOP-B_20240919_OBSVALUE.nc
Saved: /perm/dnk8355/paper2026/netcdf_daily_1april2024_31march2026/METOP-B_20240919_EMIS_WATER.nc
Saved: /perm/dnk8355/paper2026/netcdf_daily_1april2024_31march2026/METOP-B_20240919_TAUSFC.nc
Saved: /perm/dnk8355/paper2026/netcdf_daily_1april2024_31march2026/METOP-B_20240919_TDOWN.nc
Saved: /perm/dnk8355/paper2026/netcdf_daily_1april2024_31march2026/METOP-B_20240919_TUP.nc
Saved: /perm/dnk8355/paper2026/netcdf_daily_1april2024_31march2026/METOP-B_20240919_TAUSFC_CLD.nc
Saved: /perm/dnk8355/paper2026/netcdf_daily_1april2024_31march2026/METOP-B_20240919_TDOWN_CLD.nc
Saved: /perm/dnk8355/paper2026/netcdf_daily_1april2024_31march2026/METOP-B_20240919_TUP_CLD.nc
Saved: /perm/dnk8355/paper2026/netcdf_daily_1april2024_31march2026/METOP-B_20240919_FG_DEP.nc
Saved: /perm/dnk8355/paper2026/netcdf_daily_1april2024_31march2026/METOP-B_20240919_AN_DEP.nc
Saved summary: /perm/dnk8355/paper2026/netcdf_daily_1april2024_31march2026/METOP-C_20240919_summary.txt
Saved: /perm/dnk8355/paper2026/netcdf_daily_1april2024_31march2026/METOP-C_20240919_OBSVALUE.nc
Saved: /perm/dnk8355/paper2026/netcdf_daily_1april2024_31march2026/METOP-C_20240919_EMIS_WATER.nc
Saved: /perm/dnk8355/paper2026/netcdf_daily_1april2024_31march2026/METOP-C_20240919_TAUSFC.nc
Saved: /perm/dnk8355/paper2026/netcdf_daily_1april2024_31march2026/METOP-C_20240919_TDOWN.nc
Saved: /perm/dnk8355/paper2026/netcdf_daily_1april2024_31march2026/METOP-C_20240919_TUP.nc
Saved: /perm/dnk8355/paper2026/netcdf_daily_1april2024_31march2026/METOP-C_20240919_TAUSFC_CLD.nc
Saved: /perm/dnk8355/paper2026/netcdf_daily_1april2024_31march2026/METOP-C_20240919_TDOWN_CLD.nc
Saved: /perm/dnk8355/paper2026/netcdf_daily_1april2024_31march2026/METOP-C_20240919_TUP_CLD.nc
Saved: /perm/dnk8355/paper2026/netcdf_daily_1april2024_31march2026/METOP-C_20240919_FG_DEP.nc
Saved: /perm/dnk8355/paper2026/netcdf_daily_1april2024_31march2026/METOP-C_20240919_AN_DEP.nc
[445383] Saved daily NetCDFs for amsua_ofb_lwda_20240919_NH_SH_variables_filtered_lsm_lower02.odb
Saved summary: /perm/dnk8355/paper2026/netcdf_daily_1april2024_31march2026/METOP-B_20240920_summary.txt
Saved: /perm/dnk8355/paper2026/netcdf_daily_1april2024_31march2026/METOP-B_20240920_OBSVALUE.nc
Saved: /perm/dnk8355/paper2026/netcdf_daily_1april2024_31march2026/METOP-B_20240920_EMIS_WATER.nc
Saved: /perm/dnk8355/paper2026/netcdf_daily_1april2024_31march2026/METOP-B_20240920_TAUSFC.nc
Saved: /perm/dnk8355/paper2026/netcdf_daily_1april2024_31march2026/METOP-B_20240920_TDOWN.nc
Saved: /perm/dnk8355/paper2026/netcdf_daily_1april2024_31march2026/METOP-B_20240920_TUP.nc
Saved: /perm/dnk8355/paper2026/netcdf_daily_1april2024_31march2026/METOP-B_20240920_TAUSFC_CLD.nc
Saved: /perm/dnk8355/paper2026/netcdf_daily_1april2024_31march2026/METOP-B_20240920_TDOWN_CLD.nc
Saved: /perm/dnk8355/paper2026/netcdf_daily_1april2024_31march2026/METOP-B_20240920_TUP_CLD.nc
Saved: /perm/dnk8355/paper2026/netcdf_daily_1april2024_31march2026/METOP-B_20240920_FG_DEP.nc
Saved: /perm/dnk8355/paper2026/netcdf_daily_1april2024_31march2026/METOP-B_20240920_AN_DEP.nc
Saved summary: /perm/dnk8355/paper2026/netcdf_daily_1april2024_31march2026/METOP-C_20240920_summary.txt
Saved: /perm/dnk8355/paper2026/netcdf_daily_1april2024_31march2026/METOP-C_20240920_OBSVALUE.nc
Saved: /perm/dnk8355/paper2026/netcdf_daily_1april2024_31march2026/METOP-C_20240920_EMIS_WATER.nc
Saved: /perm/dnk8355/paper2026/netcdf_daily_1april2024_31march2026/METOP-C_20240920_TAUSFC.nc
Saved: /perm/dnk8355/paper2026/netcdf_daily_1april2024_31march2026/METOP-C_20240920_TDOWN.nc
Saved: /perm/dnk8355/paper2026/netcdf_daily_1april2024_31march2026/METOP-C_20240920_TUP.nc
Saved: /perm/dnk8355/paper2026/netcdf_daily_1april2024_31march2026/METOP-C_20240920_TAUSFC_CLD.nc
Saved: /perm/dnk8355/paper2026/netcdf_daily_1april2024_31march2026/METOP-C_20240920_TDOWN_CLD.nc
Saved: /perm/dnk8355/paper2026/netcdf_daily_1april2024_31march2026/METOP-C_20240920_TUP_CLD.nc
Saved: /perm/dnk8355/paper2026/netcdf_daily_1april2024_31march2026/METOP-C_20240920_FG_DEP.nc
Saved: /perm/dnk8355/paper2026/netcdf_daily_1april2024_31march2026/METOP-C_20240920_AN_DEP.nc
[445383] Saved daily NetCDFs for amsua_ofb_lwda_20240920_NH_SH_variables_filtered_lsm_lower02.odb
Saved summary: /perm/dnk8355/paper2026/netcdf_daily_1april2024_31march2026/METOP-B_20240921_summary.txt
Saved: /perm/dnk8355/paper2026/netcdf_daily_1april2024_31march2026/METOP-B_20240921_OBSVALUE.nc
Saved: /perm/dnk8355/paper2026/netcdf_daily_1april2024_31march2026/METOP-B_20240921_EMIS_WATER.nc
Saved: /perm/dnk8355/paper2026/netcdf_daily_1april2024_31march2026/METOP-B_20240921_TAUSFC.nc
Saved: /perm/dnk8355/paper2026/netcdf_daily_1april2024_31march2026/METOP-B_20240921_TDOWN.nc
Saved: /perm/dnk8355/paper2026/netcdf_daily_1april2024_31march2026/METOP-B_20240921_TUP.nc
Saved: /perm/dnk8355/paper2026/netcdf_daily_1april2024_31march2026/METOP-B_20240921_TAUSFC_CLD.nc
Saved: /perm/dnk8355/paper2026/netcdf_daily_1april2024_31march2026/METOP-B_20240921_TDOWN_CLD.nc
Saved: /perm/dnk8355/paper2026/netcdf_daily_1april2024_31march2026/METOP-B_20240921_TUP_CLD.nc
Saved: /perm/dnk8355/paper2026/netcdf_daily_1april2024_31march2026/METOP-B_20240921_FG_DEP.nc
Saved: /perm/dnk8355/paper2026/netcdf_daily_1april2024_31march2026/METOP-B_20240921_AN_DEP.nc
Saved summary: /perm/dnk8355/paper2026/netcdf_daily_1april2024_31march2026/METOP-C_20240921_summary.txt
Saved: /perm/dnk8355/paper2026/netcdf_daily_1april2024_31march2026/METOP-C_20240921_OBSVALUE.nc
Saved: /perm/dnk8355/paper2026/netcdf_daily_1april2024_31march2026/METOP-C_20240921_EMIS_WATER.nc
Saved: /perm/dnk8355/paper2026/netcdf_daily_1april2024_31march2026/METOP-C_20240921_TAUSFC.nc
Saved: /perm/dnk8355/paper2026/netcdf_daily_1april2024_31march2026/METOP-C_20240921_TDOWN.nc
Saved: /perm/dnk8355/paper2026/netcdf_daily_1april2024_31march2026/METOP-C_20240921_TUP.nc
Saved: /perm/dnk8355/paper2026/netcdf_daily_1april2024_31march2026/METOP-C_20240921_TAUSFC_CLD.nc
Saved: /perm/dnk8355/paper2026/netcdf_daily_1april2024_31march2026/METOP-C_20240921_TDOWN_CLD.nc
Saved: /perm/dnk8355/paper2026/netcdf_daily_1april2024_31march2026/METOP-C_20240921_TUP_CLD.nc
Saved: /perm/dnk8355/paper2026/netcdf_daily_1april2024_31march2026/METOP-C_20240921_FG_DEP.nc
Saved: /perm/dnk8355/paper2026/netcdf_daily_1april2024_31march2026/METOP-C_20240921_AN_DEP.nc
[445383] Saved daily NetCDFs for amsua_ofb_lwda_20240921_NH_SH_variables_filtered_lsm_lower02.odb
Saved summary: /perm/dnk8355/paper2026/netcdf_daily_1april2024_31march2026/METOP-B_20240922_summary.txt
Saved: /perm/dnk8355/paper2026/netcdf_daily_1april2024_31march2026/METOP-B_20240922_OBSVALUE.nc
Saved: /perm/dnk8355/paper2026/netcdf_daily_1april2024_31march2026/METOP-B_20240922_EMIS_WATER.nc
Saved: /perm/dnk8355/paper2026/netcdf_daily_1april2024_31march2026/METOP-B_20240922_TAUSFC.nc
Saved: /perm/dnk8355/paper2026/netcdf_daily_1april2024_31march2026/METOP-B_20240922_TDOWN.nc
Saved: /perm/dnk8355/paper2026/netcdf_daily_1april2024_31march2026/METOP-B_20240922_TUP.nc
Saved: /perm/dnk8355/paper2026/netcdf_daily_1april2024_31march2026/METOP-B_20240922_TAUSFC_CLD.nc
Saved: /perm/dnk8355/paper2026/netcdf_daily_1april2024_31march2026/METOP-B_20240922_TDOWN_CLD.nc
Saved: /perm/dnk8355/paper2026/netcdf_daily_1april2024_31march2026/METOP-B_20240922_TUP_CLD.nc
Saved: /perm/dnk8355/paper2026/netcdf_daily_1april2024_31march2026/METOP-B_20240922_FG_DEP.nc
Saved: /perm/dnk8355/paper2026/netcdf_daily_1april2024_31march2026/METOP-B_20240922_AN_DEP.nc
Saved summary: /perm/dnk8355/paper2026/netcdf_daily_1april2024_31march2026/METOP-C_20240922_summary.txt
Saved: /perm/dnk8355/paper2026/netcdf_daily_1april2024_31march2026/METOP-C_20240922_OBSVALUE.nc
Saved: /perm/dnk8355/paper2026/netcdf_daily_1april2024_31march2026/METOP-C_20240922_EMIS_WATER.nc
Saved: /perm/dnk8355/paper2026/netcdf_daily_1april2024_31march2026/METOP-C_20240922_TAUSFC.nc
Saved: /perm/dnk8355/paper2026/netcdf_daily_1april2024_31march2026/METOP-C_20240922_TDOWN.nc
Saved: /perm/dnk8355/paper2026/netcdf_daily_1april2024_31march2026/METOP-C_20240922_TUP.nc
Saved: /perm/dnk8355/paper2026/netcdf_daily_1april2024_31march2026/METOP-C_20240922_TAUSFC_CLD.nc
Saved: /perm/dnk8355/paper2026/netcdf_daily_1april2024_31march2026/METOP-C_20240922_TDOWN_CLD.nc
Saved: /perm/dnk8355/paper2026/netcdf_daily_1april2024_31march2026/METOP-C_20240922_TUP_CLD.nc
Saved: /perm/dnk8355/paper2026/netcdf_daily_1april2024_31march2026/METOP-C_20240922_FG_DEP.nc
Saved: /perm/dnk8355/paper2026/netcdf_daily_1april2024_31march2026/METOP-C_20240922_AN_DEP.nc
[445383] Saved daily NetCDFs for amsua_ofb_lwda_20240922_NH_SH_variables_filtered_lsm_lower02.odb
Saved summary: /perm/dnk8355/paper2026/netcdf_daily_1april2024_31march2026/METOP-B_20240923_summary.txt
Saved: /perm/dnk8355/paper2026/netcdf_daily_1april2024_31march2026/METOP-B_20240923_OBSVALUE.nc
Saved: /perm/dnk8355/paper2026/netcdf_daily_1april2024_31march2026/METOP-B_20240923_EMIS_WATER.nc
Saved: /perm/dnk8355/paper2026/netcdf_daily_1april2024_31march2026/METOP-B_20240923_TAUSFC.nc
Saved: /perm/dnk8355/paper2026/netcdf_daily_1april2024_31march2026/METOP-B_20240923_TDOWN.nc
Saved: /perm/dnk8355/paper2026/netcdf_daily_1april2024_31march2026/METOP-B_20240923_TUP.nc
Saved: /perm/dnk8355/paper2026/netcdf_daily_1april2024_31march2026/METOP-B_20240923_TAUSFC_CLD.nc
Saved: /perm/dnk8355/paper2026/netcdf_daily_1april2024_31march2026/METOP-B_20240923_TDOWN_CLD.nc
Saved: /perm/dnk8355/paper2026/netcdf_daily_1april2024_31march2026/METOP-B_20240923_TUP_CLD.nc
Saved: /perm/dnk8355/paper2026/netcdf_daily_1april2024_31march2026/METOP-B_20240923_FG_DEP.nc
Saved: /perm/dnk8355/paper2026/netcdf_daily_1april2024_31march2026/METOP-B_20240923_AN_DEP.nc
Saved summary: /perm/dnk8355/paper2026/netcdf_daily_1april2024_31march2026/METOP-C_20240923_summary.txt
Saved: /perm/dnk8355/paper2026/netcdf_daily_1april2024_31march2026/METOP-C_20240923_OBSVALUE.nc
Saved: /perm/dnk8355/paper2026/netcdf_daily_1april2024_31march2026/METOP-C_20240923_EMIS_WATER.nc
Saved: /perm/dnk8355/paper2026/netcdf_daily_1april2024_31march2026/METOP-C_20240923_TAUSFC.nc
Saved: /perm/dnk8355/paper2026/netcdf_daily_1april2024_31march2026/METOP-C_20240923_TDOWN.nc
Saved: /perm/dnk8355/paper2026/netcdf_daily_1april2024_31march2026/METOP-C_20240923_TUP.nc
Saved: /perm/dnk8355/paper2026/netcdf_daily_1april2024_31march2026/METOP-C_20240923_TAUSFC_CLD.nc
Saved: /perm/dnk8355/paper2026/netcdf_daily_1april2024_31march2026/METOP-C_20240923_TDOWN_CLD.nc
Saved: /perm/dnk8355/paper2026/netcdf_daily_1april2024_31march2026/METOP-C_20240923_TUP_CLD.nc
Saved: /perm/dnk8355/paper2026/netcdf_daily_1april2024_31march2026/METOP-C_20240923_FG_DEP.nc
Saved: /perm/dnk8355/paper2026/netcdf_daily_1april2024_31march2026/METOP-C_20240923_AN_DEP.nc
[445383] Saved daily NetCDFs for amsua_ofb_lwda_20240923_NH_SH_variables_filtered_lsm_lower02.odb
Saved summary: /perm/dnk8355/paper2026/netcdf_daily_1april2024_31march2026/METOP-B_20240924_summary.txt
Saved: /perm/dnk8355/paper2026/netcdf_daily_1april2024_31march2026/METOP-B_20240924_OBSVALUE.nc
Saved: /perm/dnk8355/paper2026/netcdf_daily_1april2024_31march2026/METOP-B_20240924_EMIS_WATER.nc
Saved: /perm/dnk8355/paper2026/netcdf_daily_1april2024_31march2026/METOP-B_20240924_TAUSFC.nc
Saved: /perm/dnk8355/paper2026/netcdf_daily_1april2024_31march2026/METOP-B_20240924_TDOWN.nc
Saved: /perm/dnk8355/paper2026/netcdf_daily_1april2024_31march2026/METOP-B_20240924_TUP.nc
Saved: /perm/dnk8355/paper2026/netcdf_daily_1april2024_31march2026/METOP-B_20240924_TAUSFC_CLD.nc
Saved: /perm/dnk8355/paper2026/netcdf_daily_1april2024_31march2026/METOP-B_20240924_TDOWN_CLD.nc
Saved: /perm/dnk8355/paper2026/netcdf_daily_1april2024_31march2026/METOP-B_20240924_TUP_CLD.nc
Saved: /perm/dnk8355/paper2026/netcdf_daily_1april2024_31march2026/METOP-B_20240924_FG_DEP.nc
Saved: /perm/dnk8355/paper2026/netcdf_daily_1april2024_31march2026/METOP-B_20240924_AN_DEP.nc
Saved summary: /perm/dnk8355/paper2026/netcdf_daily_1april2024_31march2026/METOP-C_20240924_summary.txt
Saved: /perm/dnk8355/paper2026/netcdf_daily_1april2024_31march2026/METOP-C_20240924_OBSVALUE.nc
Saved: /perm/dnk8355/paper2026/netcdf_daily_1april2024_31march2026/METOP-C_20240924_EMIS_WATER.nc
Saved: /perm/dnk8355/paper2026/netcdf_daily_1april2024_31march2026/METOP-C_20240924_TAUSFC.nc
Saved: /perm/dnk8355/paper2026/netcdf_daily_1april2024_31march2026/METOP-C_20240924_TDOWN.nc
Saved: /perm/dnk8355/paper2026/netcdf_daily_1april2024_31march2026/METOP-C_20240924_TUP.nc
Saved: /perm/dnk8355/paper2026/netcdf_daily_1april2024_31march2026/METOP-C_20240924_TAUSFC_CLD.nc
Saved: /perm/dnk8355/paper2026/netcdf_daily_1april2024_31march2026/METOP-C_20240924_TDOWN_CLD.nc
Saved: /perm/dnk8355/paper2026/netcdf_daily_1april2024_31march2026/METOP-C_20240924_TUP_CLD.nc
Saved: /perm/dnk8355/paper2026/netcdf_daily_1april2024_31march2026/METOP-C_20240924_FG_DEP.nc
Saved: /perm/dnk8355/paper2026/netcdf_daily_1april2024_31march2026/METOP-C_20240924_AN_DEP.nc
[445383] Saved daily NetCDFs for amsua_ofb_lwda_20240924_NH_SH_variables_filtered_lsm_lower02.odb
Saved summary: /perm/dnk8355/paper2026/netcdf_daily_1april2024_31march2026/METOP-B_20240925_summary.txt
Saved: /perm/dnk8355/paper2026/netcdf_daily_1april2024_31march2026/METOP-B_20240925_OBSVALUE.nc
Saved: /perm/dnk8355/paper2026/netcdf_daily_1april2024_31march2026/METOP-B_20240925_EMIS_WATER.nc
Saved: /perm/dnk8355/paper2026/netcdf_daily_1april2024_31march2026/METOP-B_20240925_TAUSFC.nc
Saved: /perm/dnk8355/paper2026/netcdf_daily_1april2024_31march2026/METOP-B_20240925_TDOWN.nc
Saved: /perm/dnk8355/paper2026/netcdf_daily_1april2024_31march2026/METOP-B_20240925_TUP.nc
Saved: /perm/dnk8355/paper2026/netcdf_daily_1april2024_31march2026/METOP-B_20240925_TAUSFC_CLD.nc
Saved: /perm/dnk8355/paper2026/netcdf_daily_1april2024_31march2026/METOP-B_20240925_TDOWN_CLD.nc
Saved: /perm/dnk8355/paper2026/netcdf_daily_1april2024_31march2026/METOP-B_20240925_TUP_CLD.nc
Saved: /perm/dnk8355/paper2026/netcdf_daily_1april2024_31march2026/METOP-B_20240925_FG_DEP.nc
Saved: /perm/dnk8355/paper2026/netcdf_daily_1april2024_31march2026/METOP-B_20240925_AN_DEP.nc
Saved summary: /perm/dnk8355/paper2026/netcdf_daily_1april2024_31march2026/METOP-C_20240925_summary.txt
Saved: /perm/dnk8355/paper2026/netcdf_daily_1april2024_31march2026/METOP-C_20240925_OBSVALUE.nc
Saved: /perm/dnk8355/paper2026/netcdf_daily_1april2024_31march2026/METOP-C_20240925_EMIS_WATER.nc
Saved: /perm/dnk8355/paper2026/netcdf_daily_1april2024_31march2026/METOP-C_20240925_TAUSFC.nc
Saved: /perm/dnk8355/paper2026/netcdf_daily_1april2024_31march2026/METOP-C_20240925_TDOWN.nc
Saved: /perm/dnk8355/paper2026/netcdf_daily_1april2024_31march2026/METOP-C_20240925_TUP.nc
Saved: /perm/dnk8355/paper2026/netcdf_daily_1april2024_31march2026/METOP-C_20240925_TAUSFC_CLD.nc
Saved: /perm/dnk8355/paper2026/netcdf_daily_1april2024_31march2026/METOP-C_20240925_TDOWN_CLD.nc
Saved: /perm/dnk8355/paper2026/netcdf_daily_1april2024_31march2026/METOP-C_20240925_TUP_CLD.nc
Saved: /perm/dnk8355/paper2026/netcdf_daily_1april2024_31march2026/METOP-C_20240925_FG_DEP.nc
Saved: /perm/dnk8355/paper2026/netcdf_daily_1april2024_31march2026/METOP-C_20240925_AN_DEP.nc
[445383] Saved daily NetCDFs for amsua_ofb_lwda_20240925_NH_SH_variables_filtered_lsm_lower02.odb
Saved summary: /perm/dnk8355/paper2026/netcdf_daily_1april2024_31march2026/METOP-B_20240926_summary.txt
Saved: /perm/dnk8355/paper2026/netcdf_daily_1april2024_31march2026/METOP-B_20240926_OBSVALUE.nc
Saved: /perm/dnk8355/paper2026/netcdf_daily_1april2024_31march2026/METOP-B_20240926_EMIS_WATER.nc
Saved: /perm/dnk8355/paper2026/netcdf_daily_1april2024_31march2026/METOP-B_20240926_TAUSFC.nc
Saved: /perm/dnk8355/paper2026/netcdf_daily_1april2024_31march2026/METOP-B_20240926_TDOWN.nc
Saved: /perm/dnk8355/paper2026/netcdf_daily_1april2024_31march2026/METOP-B_20240926_TUP.nc
Saved: /perm/dnk8355/paper2026/netcdf_daily_1april2024_31march2026/METOP-B_20240926_TAUSFC_CLD.nc
Saved: /perm/dnk8355/paper2026/netcdf_daily_1april2024_31march2026/METOP-B_20240926_TDOWN_CLD.nc
Saved: /perm/dnk8355/paper2026/netcdf_daily_1april2024_31march2026/METOP-B_20240926_TUP_CLD.nc
Saved: /perm/dnk8355/paper2026/netcdf_daily_1april2024_31march2026/METOP-B_20240926_FG_DEP.nc
Saved: /perm/dnk8355/paper2026/netcdf_daily_1april2024_31march2026/METOP-B_20240926_AN_DEP.nc
Saved summary: /perm/dnk8355/paper2026/netcdf_daily_1april2024_31march2026/METOP-C_20240926_summary.txt
Saved: /perm/dnk8355/paper2026/netcdf_daily_1april2024_31march2026/METOP-C_20240926_OBSVALUE.nc
Saved: /perm/dnk8355/paper2026/netcdf_daily_1april2024_31march2026/METOP-C_20240926_EMIS_WATER.nc
Saved: /perm/dnk8355/paper2026/netcdf_daily_1april2024_31march2026/METOP-C_20240926_TAUSFC.nc
Saved: /perm/dnk8355/paper2026/netcdf_daily_1april2024_31march2026/METOP-C_20240926_TDOWN.nc
Saved: /perm/dnk8355/paper2026/netcdf_daily_1april2024_31march2026/METOP-C_20240926_TUP.nc
Saved: /perm/dnk8355/paper2026/netcdf_daily_1april2024_31march2026/METOP-C_20240926_TAUSFC_CLD.nc
Saved: /perm/dnk8355/paper2026/netcdf_daily_1april2024_31march2026/METOP-C_20240926_TDOWN_CLD.nc
Saved: /perm/dnk8355/paper2026/netcdf_daily_1april2024_31march2026/METOP-C_20240926_TUP_CLD.nc
Saved: /perm/dnk8355/paper2026/netcdf_daily_1april2024_31march2026/METOP-C_20240926_FG_DEP.nc
Saved: /perm/dnk8355/paper2026/netcdf_daily_1april2024_31march2026/METOP-C_20240926_AN_DEP.nc
[445383] Saved daily NetCDFs for amsua_ofb_lwda_20240926_NH_SH_variables_filtered_lsm_lower02.odb
Saved summary: /perm/dnk8355/paper2026/netcdf_daily_1april2024_31march2026/METOP-B_20240927_summary.txt
Saved: /perm/dnk8355/paper2026/netcdf_daily_1april2024_31march2026/METOP-B_20240927_OBSVALUE.nc
Saved: /perm/dnk8355/paper2026/netcdf_daily_1april2024_31march2026/METOP-B_20240927_EMIS_WATER.nc
Saved: /perm/dnk8355/paper2026/netcdf_daily_1april2024_31march2026/METOP-B_20240927_TAUSFC.nc
Saved: /perm/dnk8355/paper2026/netcdf_daily_1april2024_31march2026/METOP-B_20240927_TDOWN.nc
Saved: /perm/dnk8355/paper2026/netcdf_daily_1april2024_31march2026/METOP-B_20240927_TUP.nc
Saved: /perm/dnk8355/paper2026/netcdf_daily_1april2024_31march2026/METOP-B_20240927_TAUSFC_CLD.nc
Saved: /perm/dnk8355/paper2026/netcdf_daily_1april2024_31march2026/METOP-B_20240927_TDOWN_CLD.nc
Saved: /perm/dnk8355/paper2026/netcdf_daily_1april2024_31march2026/METOP-B_20240927_TUP_CLD.nc
Saved: /perm/dnk8355/paper2026/netcdf_daily_1april2024_31march2026/METOP-B_20240927_FG_DEP.nc
Saved: /perm/dnk8355/paper2026/netcdf_daily_1april2024_31march2026/METOP-B_20240927_AN_DEP.nc
Saved summary: /perm/dnk8355/paper2026/netcdf_daily_1april2024_31march2026/METOP-C_20240927_summary.txt
Saved: /perm/dnk8355/paper2026/netcdf_daily_1april2024_31march2026/METOP-C_20240927_OBSVALUE.nc
Saved: /perm/dnk8355/paper2026/netcdf_daily_1april2024_31march2026/METOP-C_20240927_EMIS_WATER.nc
Saved: /perm/dnk8355/paper2026/netcdf_daily_1april2024_31march2026/METOP-C_20240927_TAUSFC.nc
Saved: /perm/dnk8355/paper2026/netcdf_daily_1april2024_31march2026/METOP-C_20240927_TDOWN.nc
Saved: /perm/dnk8355/paper2026/netcdf_daily_1april2024_31march2026/METOP-C_20240927_TUP.nc
Saved: /perm/dnk8355/paper2026/netcdf_daily_1april2024_31march2026/METOP-C_20240927_TAUSFC_CLD.nc
Saved: /perm/dnk8355/paper2026/netcdf_daily_1april2024_31march2026/METOP-C_20240927_TDOWN_CLD.nc
Saved: /perm/dnk8355/paper2026/netcdf_daily_1april2024_31march2026/METOP-C_20240927_TUP_CLD.nc
Saved: /perm/dnk8355/paper2026/netcdf_daily_1april2024_31march2026/METOP-C_20240927_FG_DEP.nc
Saved: /perm/dnk8355/paper2026/netcdf_daily_1april2024_31march2026/METOP-C_20240927_AN_DEP.nc
[445383] Saved daily NetCDFs for amsua_ofb_lwda_20240927_NH_SH_variables_filtered_lsm_lower02.odb
Saved summary: /perm/dnk8355/paper2026/netcdf_daily_1april2024_31march2026/METOP-B_20240928_summary.txt
Saved: /perm/dnk8355/paper2026/netcdf_daily_1april2024_31march2026/METOP-B_20240928_OBSVALUE.nc
Saved: /perm/dnk8355/paper2026/netcdf_daily_1april2024_31march2026/METOP-B_20240928_EMIS_WATER.nc
Saved: /perm/dnk8355/paper2026/netcdf_daily_1april2024_31march2026/METOP-B_20240928_TAUSFC.nc
Saved: /perm/dnk8355/paper2026/netcdf_daily_1april2024_31march2026/METOP-B_20240928_TDOWN.nc
Saved: /perm/dnk8355/paper2026/netcdf_daily_1april2024_31march2026/METOP-B_20240928_TUP.nc
Saved: /perm/dnk8355/paper2026/netcdf_daily_1april2024_31march2026/METOP-B_20240928_TAUSFC_CLD.nc
Saved: /perm/dnk8355/paper2026/netcdf_daily_1april2024_31march2026/METOP-B_20240928_TDOWN_CLD.nc
Saved: /perm/dnk8355/paper2026/netcdf_daily_1april2024_31march2026/METOP-B_20240928_TUP_CLD.nc
Saved: /perm/dnk8355/paper2026/netcdf_daily_1april2024_31march2026/METOP-B_20240928_FG_DEP.nc
Saved: /perm/dnk8355/paper2026/netcdf_daily_1april2024_31march2026/METOP-B_20240928_AN_DEP.nc
Saved summary: /perm/dnk8355/paper2026/netcdf_daily_1april2024_31march2026/METOP-C_20240928_summary.txt
Saved: /perm/dnk8355/paper2026/netcdf_daily_1april2024_31march2026/METOP-C_20240928_OBSVALUE.nc
Saved: /perm/dnk8355/paper2026/netcdf_daily_1april2024_31march2026/METOP-C_20240928_EMIS_WATER.nc
Saved: /perm/dnk8355/paper2026/netcdf_daily_1april2024_31march2026/METOP-C_20240928_TAUSFC.nc
Saved: /perm/dnk8355/paper2026/netcdf_daily_1april2024_31march2026/METOP-C_20240928_TDOWN.nc
Saved: /perm/dnk8355/paper2026/netcdf_daily_1april2024_31march2026/METOP-C_20240928_TUP.nc
Saved: /perm/dnk8355/paper2026/netcdf_daily_1april2024_31march2026/METOP-C_20240928_TAUSFC_CLD.nc
Saved: /perm/dnk8355/paper2026/netcdf_daily_1april2024_31march2026/METOP-C_20240928_TDOWN_CLD.nc
Saved: /perm/dnk8355/paper2026/netcdf_daily_1april2024_31march2026/METOP-C_20240928_TUP_CLD.nc
Saved: /perm/dnk8355/paper2026/netcdf_daily_1april2024_31march2026/METOP-C_20240928_FG_DEP.nc
Saved: /perm/dnk8355/paper2026/netcdf_daily_1april2024_31march2026/METOP-C_20240928_AN_DEP.nc
[445383] Saved daily NetCDFs for amsua_ofb_lwda_20240928_NH_SH_variables_filtered_lsm_lower02.odb
Saved summary: /perm/dnk8355/paper2026/netcdf_daily_1april2024_31march2026/METOP-B_20240929_summary.txt
Saved: /perm/dnk8355/paper2026/netcdf_daily_1april2024_31march2026/METOP-B_20240929_OBSVALUE.nc
Saved: /perm/dnk8355/paper2026/netcdf_daily_1april2024_31march2026/METOP-B_20240929_EMIS_WATER.nc
Saved: /perm/dnk8355/paper2026/netcdf_daily_1april2024_31march2026/METOP-B_20240929_TAUSFC.nc
Saved: /perm/dnk8355/paper2026/netcdf_daily_1april2024_31march2026/METOP-B_20240929_TDOWN.nc
Saved: /perm/dnk8355/paper2026/netcdf_daily_1april2024_31march2026/METOP-B_20240929_TUP.nc
Saved: /perm/dnk8355/paper2026/netcdf_daily_1april2024_31march2026/METOP-B_20240929_TAUSFC_CLD.nc
Saved: /perm/dnk8355/paper2026/netcdf_daily_1april2024_31march2026/METOP-B_20240929_TDOWN_CLD.nc
Saved: /perm/dnk8355/paper2026/netcdf_daily_1april2024_31march2026/METOP-B_20240929_TUP_CLD.nc
Saved: /perm/dnk8355/paper2026/netcdf_daily_1april2024_31march2026/METOP-B_20240929_FG_DEP.nc
Saved: /perm/dnk8355/paper2026/netcdf_daily_1april2024_31march2026/METOP-B_20240929_AN_DEP.nc
Saved summary: /perm/dnk8355/paper2026/netcdf_daily_1april2024_31march2026/METOP-C_20240929_summary.txt
Saved: /perm/dnk8355/paper2026/netcdf_daily_1april2024_31march2026/METOP-C_20240929_OBSVALUE.nc
Saved: /perm/dnk8355/paper2026/netcdf_daily_1april2024_31march2026/METOP-C_20240929_EMIS_WATER.nc
Saved: /perm/dnk8355/paper2026/netcdf_daily_1april2024_31march2026/METOP-C_20240929_TAUSFC.nc
Saved: /perm/dnk8355/paper2026/netcdf_daily_1april2024_31march2026/METOP-C_20240929_TDOWN.nc
Saved: /perm/dnk8355/paper2026/netcdf_daily_1april2024_31march2026/METOP-C_20240929_TUP.nc
Saved: /perm/dnk8355/paper2026/netcdf_daily_1april2024_31march2026/METOP-C_20240929_TAUSFC_CLD.nc
Saved: /perm/dnk8355/paper2026/netcdf_daily_1april2024_31march2026/METOP-C_20240929_TDOWN_CLD.nc
Saved: /perm/dnk8355/paper2026/netcdf_daily_1april2024_31march2026/METOP-C_20240929_TUP_CLD.nc
Saved: /perm/dnk8355/paper2026/netcdf_daily_1april2024_31march2026/METOP-C_20240929_FG_DEP.nc
Saved: /perm/dnk8355/paper2026/netcdf_daily_1april2024_31march2026/METOP-C_20240929_AN_DEP.nc
[445383] Saved daily NetCDFs for amsua_ofb_lwda_20240929_NH_SH_variables_filtered_lsm_lower02.odb
Saved summary: /perm/dnk8355/paper2026/netcdf_daily_1april2024_31march2026/METOP-B_20240930_summary.txt
Saved: /perm/dnk8355/paper2026/netcdf_daily_1april2024_31march2026/METOP-B_20240930_OBSVALUE.nc
Saved: /perm/dnk8355/paper2026/netcdf_daily_1april2024_31march2026/METOP-B_20240930_EMIS_WATER.nc
Saved: /perm/dnk8355/paper2026/netcdf_daily_1april2024_31march2026/METOP-B_20240930_TAUSFC.nc
Saved: /perm/dnk8355/paper2026/netcdf_daily_1april2024_31march2026/METOP-B_20240930_TDOWN.nc
Saved: /perm/dnk8355/paper2026/netcdf_daily_1april2024_31march2026/METOP-B_20240930_TUP.nc
Saved: /perm/dnk8355/paper2026/netcdf_daily_1april2024_31march2026/METOP-B_20240930_TAUSFC_CLD.nc
Saved: /perm/dnk8355/paper2026/netcdf_daily_1april2024_31march2026/METOP-B_20240930_TDOWN_CLD.nc
Saved: /perm/dnk8355/paper2026/netcdf_daily_1april2024_31march2026/METOP-B_20240930_TUP_CLD.nc
Saved: /perm/dnk8355/paper2026/netcdf_daily_1april2024_31march2026/METOP-B_20240930_FG_DEP.nc
Saved: /perm/dnk8355/paper2026/netcdf_daily_1april2024_31march2026/METOP-B_20240930_AN_DEP.nc
Saved summary: /perm/dnk8355/paper2026/netcdf_daily_1april2024_31march2026/METOP-C_20240930_summary.txt
Saved: /perm/dnk8355/paper2026/netcdf_daily_1april2024_31march2026/METOP-C_20240930_OBSVALUE.nc
Saved: /perm/dnk8355/paper2026/netcdf_daily_1april2024_31march2026/METOP-C_20240930_EMIS_WATER.nc
Saved: /perm/dnk8355/paper2026/netcdf_daily_1april2024_31march2026/METOP-C_20240930_TAUSFC.nc
Saved: /perm/dnk8355/paper2026/netcdf_daily_1april2024_31march2026/METOP-C_20240930_TDOWN.nc
Saved: /perm/dnk8355/paper2026/netcdf_daily_1april2024_31march2026/METOP-C_20240930_TUP.nc
Saved: /perm/dnk8355/paper2026/netcdf_daily_1april2024_31march2026/METOP-C_20240930_TAUSFC_CLD.nc
Saved: /perm/dnk8355/paper2026/netcdf_daily_1april2024_31march2026/METOP-C_20240930_TDOWN_CLD.nc
Saved: /perm/dnk8355/paper2026/netcdf_daily_1april2024_31march2026/METOP-C_20240930_TUP_CLD.nc
Saved: /perm/dnk8355/paper2026/netcdf_daily_1april2024_31march2026/METOP-C_20240930_FG_DEP.nc
Saved: /perm/dnk8355/paper2026/netcdf_daily_1april2024_31march2026/METOP-C_20240930_AN_DEP.nc
[445383] Saved daily NetCDFs for amsua_ofb_lwda_20240930_NH_SH_variables_filtered_lsm_lower02.odb
Saved summary: /perm/dnk8355/paper2026/netcdf_daily_1april2024_31march2026/METOP-B_20241001_summary.txt
Saved: /perm/dnk8355/paper2026/netcdf_daily_1april2024_31march2026/METOP-B_20241001_OBSVALUE.nc
Saved: /perm/dnk8355/paper2026/netcdf_daily_1april2024_31march2026/METOP-B_20241001_EMIS_WATER.nc
Saved: /perm/dnk8355/paper2026/netcdf_daily_1april2024_31march2026/METOP-B_20241001_TAUSFC.nc
Saved: /perm/dnk8355/paper2026/netcdf_daily_1april2024_31march2026/METOP-B_20241001_TDOWN.nc
Saved: /perm/dnk8355/paper2026/netcdf_daily_1april2024_31march2026/METOP-B_20241001_TUP.nc
Saved: /perm/dnk8355/paper2026/netcdf_daily_1april2024_31march2026/METOP-B_20241001_TAUSFC_CLD.nc
Saved: /perm/dnk8355/paper2026/netcdf_daily_1april2024_31march2026/METOP-B_20241001_TDOWN_CLD.nc
Saved: /perm/dnk8355/paper2026/netcdf_daily_1april2024_31march2026/METOP-B_20241001_TUP_CLD.nc
Saved: /perm/dnk8355/paper2026/netcdf_daily_1april2024_31march2026/METOP-B_20241001_FG_DEP.nc
Saved: /perm/dnk8355/paper2026/netcdf_daily_1april2024_31march2026/METOP-B_20241001_AN_DEP.nc
Saved summary: /perm/dnk8355/paper2026/netcdf_daily_1april2024_31march2026/METOP-C_20241001_summary.txt
Saved: /perm/dnk8355/paper2026/netcdf_daily_1april2024_31march2026/METOP-C_20241001_OBSVALUE.nc
Saved: /perm/dnk8355/paper2026/netcdf_daily_1april2024_31march2026/METOP-C_20241001_EMIS_WATER.nc
Saved: /perm/dnk8355/paper2026/netcdf_daily_1april2024_31march2026/METOP-C_20241001_TAUSFC.nc
Saved: /perm/dnk8355/paper2026/netcdf_daily_1april2024_31march2026/METOP-C_20241001_TDOWN.nc
Saved: /perm/dnk8355/paper2026/netcdf_daily_1april2024_31march2026/METOP-C_20241001_TUP.nc
Saved: /perm/dnk8355/paper2026/netcdf_daily_1april2024_31march2026/METOP-C_20241001_TAUSFC_CLD.nc
Saved: /perm/dnk8355/paper2026/netcdf_daily_1april2024_31march2026/METOP-C_20241001_TDOWN_CLD.nc
Saved: /perm/dnk8355/paper2026/netcdf_daily_1april2024_31march2026/METOP-C_20241001_TUP_CLD.nc
Saved: /perm/dnk8355/paper2026/netcdf_daily_1april2024_31march2026/METOP-C_20241001_FG_DEP.nc
Saved: /perm/dnk8355/paper2026/netcdf_daily_1april2024_31march2026/METOP-C_20241001_AN_DEP.nc
[445383] Saved daily NetCDFs for amsua_ofb_lwda_20241001_NH_SH_variables_filtered_lsm_lower02.odb
Saved summary: /perm/dnk8355/paper2026/netcdf_daily_1april2024_31march2026/METOP-B_20241002_summary.txt
Saved: /perm/dnk8355/paper2026/netcdf_daily_1april2024_31march2026/METOP-B_20241002_OBSVALUE.nc
Saved: /perm/dnk8355/paper2026/netcdf_daily_1april2024_31march2026/METOP-B_20241002_EMIS_WATER.nc
Saved: /perm/dnk8355/paper2026/netcdf_daily_1april2024_31march2026/METOP-B_20241002_TAUSFC.nc
Saved: /perm/dnk8355/paper2026/netcdf_daily_1april2024_31march2026/METOP-B_20241002_TDOWN.nc
Saved: /perm/dnk8355/paper2026/netcdf_daily_1april2024_31march2026/METOP-B_20241002_TUP.nc
Saved: /perm/dnk8355/paper2026/netcdf_daily_1april2024_31march2026/METOP-B_20241002_TAUSFC_CLD.nc
Saved: /perm/dnk8355/paper2026/netcdf_daily_1april2024_31march2026/METOP-B_20241002_TDOWN_CLD.nc
Saved: /perm/dnk8355/paper2026/netcdf_daily_1april2024_31march2026/METOP-B_20241002_TUP_CLD.nc
Saved: /perm/dnk8355/paper2026/netcdf_daily_1april2024_31march2026/METOP-B_20241002_FG_DEP.nc
Saved: /perm/dnk8355/paper2026/netcdf_daily_1april2024_31march2026/METOP-B_20241002_AN_DEP.nc
Saved summary: /perm/dnk8355/paper2026/netcdf_daily_1april2024_31march2026/METOP-C_20241002_summary.txt
Saved: /perm/dnk8355/paper2026/netcdf_daily_1april2024_31march2026/METOP-C_20241002_OBSVALUE.nc
Saved: /perm/dnk8355/paper2026/netcdf_daily_1april2024_31march2026/METOP-C_20241002_EMIS_WATER.nc
Saved: /perm/dnk8355/paper2026/netcdf_daily_1april2024_31march2026/METOP-C_20241002_TAUSFC.nc
Saved: /perm/dnk8355/paper2026/netcdf_daily_1april2024_31march2026/METOP-C_20241002_TDOWN.nc
Saved: /perm/dnk8355/paper2026/netcdf_daily_1april2024_31march2026/METOP-C_20241002_TUP.nc
Saved: /perm/dnk8355/paper2026/netcdf_daily_1april2024_31march2026/METOP-C_20241002_TAUSFC_CLD.nc
Saved: /perm/dnk8355/paper2026/netcdf_daily_1april2024_31march2026/METOP-C_20241002_TDOWN_CLD.nc
Saved: /perm/dnk8355/paper2026/netcdf_daily_1april2024_31march2026/METOP-C_20241002_TUP_CLD.nc
Saved: /perm/dnk8355/paper2026/netcdf_daily_1april2024_31march2026/METOP-C_20241002_FG_DEP.nc
Saved: /perm/dnk8355/paper2026/netcdf_daily_1april2024_31march2026/METOP-C_20241002_AN_DEP.nc
[445383] Saved daily NetCDFs for amsua_ofb_lwda_20241002_NH_SH_variables_filtered_lsm_lower02.odb
Saved summary: /perm/dnk8355/paper2026/netcdf_daily_1april2024_31march2026/METOP-B_20241003_summary.txt
Saved: /perm/dnk8355/paper2026/netcdf_daily_1april2024_31march2026/METOP-B_20241003_OBSVALUE.nc
Saved: /perm/dnk8355/paper2026/netcdf_daily_1april2024_31march2026/METOP-B_20241003_EMIS_WATER.nc
Saved: /perm/dnk8355/paper2026/netcdf_daily_1april2024_31march2026/METOP-B_20241003_TAUSFC.nc
Saved: /perm/dnk8355/paper2026/netcdf_daily_1april2024_31march2026/METOP-B_20241003_TDOWN.nc
Saved: /perm/dnk8355/paper2026/netcdf_daily_1april2024_31march2026/METOP-B_20241003_TUP.nc
Saved: /perm/dnk8355/paper2026/netcdf_daily_1april2024_31march2026/METOP-B_20241003_TAUSFC_CLD.nc
Saved: /perm/dnk8355/paper2026/netcdf_daily_1april2024_31march2026/METOP-B_20241003_TDOWN_CLD.nc
Saved: /perm/dnk8355/paper2026/netcdf_daily_1april2024_31march2026/METOP-B_20241003_TUP_CLD.nc
Saved: /perm/dnk8355/paper2026/netcdf_daily_1april2024_31march2026/METOP-B_20241003_FG_DEP.nc
Saved: /perm/dnk8355/paper2026/netcdf_daily_1april2024_31march2026/METOP-B_20241003_AN_DEP.nc
Saved summary: /perm/dnk8355/paper2026/netcdf_daily_1april2024_31march2026/METOP-C_20241003_summary.txt
Saved: /perm/dnk8355/paper2026/netcdf_daily_1april2024_31march2026/METOP-C_20241003_OBSVALUE.nc
Saved: /perm/dnk8355/paper2026/netcdf_daily_1april2024_31march2026/METOP-C_20241003_EMIS_WATER.nc
Saved: /perm/dnk8355/paper2026/netcdf_daily_1april2024_31march2026/METOP-C_20241003_TAUSFC.nc
Saved: /perm/dnk8355/paper2026/netcdf_daily_1april2024_31march2026/METOP-C_20241003_TDOWN.nc
Saved: /perm/dnk8355/paper2026/netcdf_daily_1april2024_31march2026/METOP-C_20241003_TUP.nc
Saved: /perm/dnk8355/paper2026/netcdf_daily_1april2024_31march2026/METOP-C_20241003_TAUSFC_CLD.nc
Saved: /perm/dnk8355/paper2026/netcdf_daily_1april2024_31march2026/METOP-C_20241003_TDOWN_CLD.nc
Saved: /perm/dnk8355/paper2026/netcdf_daily_1april2024_31march2026/METOP-C_20241003_TUP_CLD.nc
Saved: /perm/dnk8355/paper2026/netcdf_daily_1april2024_31march2026/METOP-C_20241003_FG_DEP.nc
Saved: /perm/dnk8355/paper2026/netcdf_daily_1april2024_31march2026/METOP-C_20241003_AN_DEP.nc
[445383] Saved daily NetCDFs for amsua_ofb_lwda_20241003_NH_SH_variables_filtered_lsm_lower02.odb
Saved summary: /perm/dnk8355/paper2026/netcdf_daily_1april2024_31march2026/METOP-B_20241004_summary.txt
Saved: /perm/dnk8355/paper2026/netcdf_daily_1april2024_31march2026/METOP-B_20241004_OBSVALUE.nc
Saved: /perm/dnk8355/paper2026/netcdf_daily_1april2024_31march2026/METOP-B_20241004_EMIS_WATER.nc
Saved: /perm/dnk8355/paper2026/netcdf_daily_1april2024_31march2026/METOP-B_20241004_TAUSFC.nc
Saved: /perm/dnk8355/paper2026/netcdf_daily_1april2024_31march2026/METOP-B_20241004_TDOWN.nc
Saved: /perm/dnk8355/paper2026/netcdf_daily_1april2024_31march2026/METOP-B_20241004_TUP.nc
Saved: /perm/dnk8355/paper2026/netcdf_daily_1april2024_31march2026/METOP-B_20241004_TAUSFC_CLD.nc
Saved: /perm/dnk8355/paper2026/netcdf_daily_1april2024_31march2026/METOP-B_20241004_TDOWN_CLD.nc
Saved: /perm/dnk8355/paper2026/netcdf_daily_1april2024_31march2026/METOP-B_20241004_TUP_CLD.nc
Saved: /perm/dnk8355/paper2026/netcdf_daily_1april2024_31march2026/METOP-B_20241004_FG_DEP.nc
Saved: /perm/dnk8355/paper2026/netcdf_daily_1april2024_31march2026/METOP-B_20241004_AN_DEP.nc
Saved summary: /perm/dnk8355/paper2026/netcdf_daily_1april2024_31march2026/METOP-C_20241004_summary.txt
Saved: /perm/dnk8355/paper2026/netcdf_daily_1april2024_31march2026/METOP-C_20241004_OBSVALUE.nc
Saved: /perm/dnk8355/paper2026/netcdf_daily_1april2024_31march2026/METOP-C_20241004_EMIS_WATER.nc
Saved: /perm/dnk8355/paper2026/netcdf_daily_1april2024_31march2026/METOP-C_20241004_TAUSFC.nc
Saved: /perm/dnk8355/paper2026/netcdf_daily_1april2024_31march2026/METOP-C_20241004_TDOWN.nc
Saved: /perm/dnk8355/paper2026/netcdf_daily_1april2024_31march2026/METOP-C_20241004_TUP.nc
Saved: /perm/dnk8355/paper2026/netcdf_daily_1april2024_31march2026/METOP-C_20241004_TAUSFC_CLD.nc
Saved: /perm/dnk8355/paper2026/netcdf_daily_1april2024_31march2026/METOP-C_20241004_TDOWN_CLD.nc
Saved: /perm/dnk8355/paper2026/netcdf_daily_1april2024_31march2026/METOP-C_20241004_TUP_CLD.nc
Saved: /perm/dnk8355/paper2026/netcdf_daily_1april2024_31march2026/METOP-C_20241004_FG_DEP.nc
Saved: /perm/dnk8355/paper2026/netcdf_daily_1april2024_31march2026/METOP-C_20241004_AN_DEP.nc
[445383] Saved daily NetCDFs for amsua_ofb_lwda_20241004_NH_SH_variables_filtered_lsm_lower02.odb
Saved summary: /perm/dnk8355/paper2026/netcdf_daily_1april2024_31march2026/METOP-B_20241005_summary.txt
Saved: /perm/dnk8355/paper2026/netcdf_daily_1april2024_31march2026/METOP-B_20241005_OBSVALUE.nc
Saved: /perm/dnk8355/paper2026/netcdf_daily_1april2024_31march2026/METOP-B_20241005_EMIS_WATER.nc
Saved: /perm/dnk8355/paper2026/netcdf_daily_1april2024_31march2026/METOP-B_20241005_TAUSFC.nc
Saved: /perm/dnk8355/paper2026/netcdf_daily_1april2024_31march2026/METOP-B_20241005_TDOWN.nc
Saved: /perm/dnk8355/paper2026/netcdf_daily_1april2024_31march2026/METOP-B_20241005_TUP.nc
Saved: /perm/dnk8355/paper2026/netcdf_daily_1april2024_31march2026/METOP-B_20241005_TAUSFC_CLD.nc
Saved: /perm/dnk8355/paper2026/netcdf_daily_1april2024_31march2026/METOP-B_20241005_TDOWN_CLD.nc
Saved: /perm/dnk8355/paper2026/netcdf_daily_1april2024_31march2026/METOP-B_20241005_TUP_CLD.nc
Saved: /perm/dnk8355/paper2026/netcdf_daily_1april2024_31march2026/METOP-B_20241005_FG_DEP.nc
Saved: /perm/dnk8355/paper2026/netcdf_daily_1april2024_31march2026/METOP-B_20241005_AN_DEP.nc
Saved summary: /perm/dnk8355/paper2026/netcdf_daily_1april2024_31march2026/METOP-C_20241005_summary.txt
Saved: /perm/dnk8355/paper2026/netcdf_daily_1april2024_31march2026/METOP-C_20241005_OBSVALUE.nc
Saved: /perm/dnk8355/paper2026/netcdf_daily_1april2024_31march2026/METOP-C_20241005_EMIS_WATER.nc
Saved: /perm/dnk8355/paper2026/netcdf_daily_1april2024_31march2026/METOP-C_20241005_TAUSFC.nc
Saved: /perm/dnk8355/paper2026/netcdf_daily_1april2024_31march2026/METOP-C_20241005_TDOWN.nc
Saved: /perm/dnk8355/paper2026/netcdf_daily_1april2024_31march2026/METOP-C_20241005_TUP.nc
Saved: /perm/dnk8355/paper2026/netcdf_daily_1april2024_31march2026/METOP-C_20241005_TAUSFC_CLD.nc
Saved: /perm/dnk8355/paper2026/netcdf_daily_1april2024_31march2026/METOP-C_20241005_TDOWN_CLD.nc
Saved: /perm/dnk8355/paper2026/netcdf_daily_1april2024_31march2026/METOP-C_20241005_TUP_CLD.nc
Saved: /perm/dnk8355/paper2026/netcdf_daily_1april2024_31march2026/METOP-C_20241005_FG_DEP.nc
Saved: /perm/dnk8355/paper2026/netcdf_daily_1april2024_31march2026/METOP-C_20241005_AN_DEP.nc
[445383] Saved daily NetCDFs for amsua_ofb_lwda_20241005_NH_SH_variables_filtered_lsm_lower02.odb
Saved summary: /perm/dnk8355/paper2026/netcdf_daily_1april2024_31march2026/METOP-B_20241006_summary.txt
Saved: /perm/dnk8355/paper2026/netcdf_daily_1april2024_31march2026/METOP-B_20241006_OBSVALUE.nc
Saved: /perm/dnk8355/paper2026/netcdf_daily_1april2024_31march2026/METOP-B_20241006_EMIS_WATER.nc
Saved: /perm/dnk8355/paper2026/netcdf_daily_1april2024_31march2026/METOP-B_20241006_TAUSFC.nc
Saved: /perm/dnk8355/paper2026/netcdf_daily_1april2024_31march2026/METOP-B_20241006_TDOWN.nc
Saved: /perm/dnk8355/paper2026/netcdf_daily_1april2024_31march2026/METOP-B_20241006_TUP.nc
Saved: /perm/dnk8355/paper2026/netcdf_daily_1april2024_31march2026/METOP-B_20241006_TAUSFC_CLD.nc
Saved: /perm/dnk8355/paper2026/netcdf_daily_1april2024_31march2026/METOP-B_20241006_TDOWN_CLD.nc
Saved: /perm/dnk8355/paper2026/netcdf_daily_1april2024_31march2026/METOP-B_20241006_TUP_CLD.nc
Saved: /perm/dnk8355/paper2026/netcdf_daily_1april2024_31march2026/METOP-B_20241006_FG_DEP.nc
Saved: /perm/dnk8355/paper2026/netcdf_daily_1april2024_31march2026/METOP-B_20241006_AN_DEP.nc
Saved summary: /perm/dnk8355/paper2026/netcdf_daily_1april2024_31march2026/METOP-C_20241006_summary.txt
Saved: /perm/dnk8355/paper2026/netcdf_daily_1april2024_31march2026/METOP-C_20241006_OBSVALUE.nc
Saved: /perm/dnk8355/paper2026/netcdf_daily_1april2024_31march2026/METOP-C_20241006_EMIS_WATER.nc
Saved: /perm/dnk8355/paper2026/netcdf_daily_1april2024_31march2026/METOP-C_20241006_TAUSFC.nc
Saved: /perm/dnk8355/paper2026/netcdf_daily_1april2024_31march2026/METOP-C_20241006_TDOWN.nc
Saved: /perm/dnk8355/paper2026/netcdf_daily_1april2024_31march2026/METOP-C_20241006_TUP.nc
Saved: /perm/dnk8355/paper2026/netcdf_daily_1april2024_31march2026/METOP-C_20241006_TAUSFC_CLD.nc
Saved: /perm/dnk8355/paper2026/netcdf_daily_1april2024_31march2026/METOP-C_20241006_TDOWN_CLD.nc
Saved: /perm/dnk8355/paper2026/netcdf_daily_1april2024_31march2026/METOP-C_20241006_TUP_CLD.nc
Saved: /perm/dnk8355/paper2026/netcdf_daily_1april2024_31march2026/METOP-C_20241006_FG_DEP.nc
Saved: /perm/dnk8355/paper2026/netcdf_daily_1april2024_31march2026/METOP-C_20241006_AN_DEP.nc
[445383] Saved daily NetCDFs for amsua_ofb_lwda_20241006_NH_SH_variables_filtered_lsm_lower02.odb
Saved summary: /perm/dnk8355/paper2026/netcdf_daily_1april2024_31march2026/METOP-B_20241007_summary.txt
Saved: /perm/dnk8355/paper2026/netcdf_daily_1april2024_31march2026/METOP-B_20241007_OBSVALUE.nc
Saved: /perm/dnk8355/paper2026/netcdf_daily_1april2024_31march2026/METOP-B_20241007_EMIS_WATER.nc
Saved: /perm/dnk8355/paper2026/netcdf_daily_1april2024_31march2026/METOP-B_20241007_TAUSFC.nc
Saved: /perm/dnk8355/paper2026/netcdf_daily_1april2024_31march2026/METOP-B_20241007_TDOWN.nc
Saved: /perm/dnk8355/paper2026/netcdf_daily_1april2024_31march2026/METOP-B_20241007_TUP.nc
Saved: /perm/dnk8355/paper2026/netcdf_daily_1april2024_31march2026/METOP-B_20241007_TAUSFC_CLD.nc
Saved: /perm/dnk8355/paper2026/netcdf_daily_1april2024_31march2026/METOP-B_20241007_TDOWN_CLD.nc
Saved: /perm/dnk8355/paper2026/netcdf_daily_1april2024_31march2026/METOP-B_20241007_TUP_CLD.nc
Saved: /perm/dnk8355/paper2026/netcdf_daily_1april2024_31march2026/METOP-B_20241007_FG_DEP.nc
Saved: /perm/dnk8355/paper2026/netcdf_daily_1april2024_31march2026/METOP-B_20241007_AN_DEP.nc
Saved summary: /perm/dnk8355/paper2026/netcdf_daily_1april2024_31march2026/METOP-C_20241007_summary.txt
Saved: /perm/dnk8355/paper2026/netcdf_daily_1april2024_31march2026/METOP-C_20241007_OBSVALUE.nc
Saved: /perm/dnk8355/paper2026/netcdf_daily_1april2024_31march2026/METOP-C_20241007_EMIS_WATER.nc
Saved: /perm/dnk8355/paper2026/netcdf_daily_1april2024_31march2026/METOP-C_20241007_TAUSFC.nc
Saved: /perm/dnk8355/paper2026/netcdf_daily_1april2024_31march2026/METOP-C_20241007_TDOWN.nc
Saved: /perm/dnk8355/paper2026/netcdf_daily_1april2024_31march2026/METOP-C_20241007_TUP.nc
Saved: /perm/dnk8355/paper2026/netcdf_daily_1april2024_31march2026/METOP-C_20241007_TAUSFC_CLD.nc
Saved: /perm/dnk8355/paper2026/netcdf_daily_1april2024_31march2026/METOP-C_20241007_TDOWN_CLD.nc
Saved: /perm/dnk8355/paper2026/netcdf_daily_1april2024_31march2026/METOP-C_20241007_TUP_CLD.nc
Saved: /perm/dnk8355/paper2026/netcdf_daily_1april2024_31march2026/METOP-C_20241007_FG_DEP.nc
Saved: /perm/dnk8355/paper2026/netcdf_daily_1april2024_31march2026/METOP-C_20241007_AN_DEP.nc
[445383] Saved daily NetCDFs for amsua_ofb_lwda_20241007_NH_SH_variables_filtered_lsm_lower02.odb
Saved summary: /perm/dnk8355/paper2026/netcdf_daily_1april2024_31march2026/METOP-B_20241008_summary.txt
Saved: /perm/dnk8355/paper2026/netcdf_daily_1april2024_31march2026/METOP-B_20241008_OBSVALUE.nc
Saved: /perm/dnk8355/paper2026/netcdf_daily_1april2024_31march2026/METOP-B_20241008_EMIS_WATER.nc
Saved: /perm/dnk8355/paper2026/netcdf_daily_1april2024_31march2026/METOP-B_20241008_TAUSFC.nc
Saved: /perm/dnk8355/paper2026/netcdf_daily_1april2024_31march2026/METOP-B_20241008_TDOWN.nc
Saved: /perm/dnk8355/paper2026/netcdf_daily_1april2024_31march2026/METOP-B_20241008_TUP.nc
Saved: /perm/dnk8355/paper2026/netcdf_daily_1april2024_31march2026/METOP-B_20241008_TAUSFC_CLD.nc
Saved: /perm/dnk8355/paper2026/netcdf_daily_1april2024_31march2026/METOP-B_20241008_TDOWN_CLD.nc
Saved: /perm/dnk8355/paper2026/netcdf_daily_1april2024_31march2026/METOP-B_20241008_TUP_CLD.nc
Saved: /perm/dnk8355/paper2026/netcdf_daily_1april2024_31march2026/METOP-B_20241008_FG_DEP.nc
Saved: /perm/dnk8355/paper2026/netcdf_daily_1april2024_31march2026/METOP-B_20241008_AN_DEP.nc
Saved summary: /perm/dnk8355/paper2026/netcdf_daily_1april2024_31march2026/METOP-C_20241008_summary.txt
Saved: /perm/dnk8355/paper2026/netcdf_daily_1april2024_31march2026/METOP-C_20241008_OBSVALUE.nc
Saved: /perm/dnk8355/paper2026/netcdf_daily_1april2024_31march2026/METOP-C_20241008_EMIS_WATER.nc
Saved: /perm/dnk8355/paper2026/netcdf_daily_1april2024_31march2026/METOP-C_20241008_TAUSFC.nc
Saved: /perm/dnk8355/paper2026/netcdf_daily_1april2024_31march2026/METOP-C_20241008_TDOWN.nc
Saved: /perm/dnk8355/paper2026/netcdf_daily_1april2024_31march2026/METOP-C_20241008_TUP.nc
Saved: /perm/dnk8355/paper2026/netcdf_daily_1april2024_31march2026/METOP-C_20241008_TAUSFC_CLD.nc
Saved: /perm/dnk8355/paper2026/netcdf_daily_1april2024_31march2026/METOP-C_20241008_TDOWN_CLD.nc
Saved: /perm/dnk8355/paper2026/netcdf_daily_1april2024_31march2026/METOP-C_20241008_TUP_CLD.nc
Saved: /perm/dnk8355/paper2026/netcdf_daily_1april2024_31march2026/METOP-C_20241008_FG_DEP.nc
Saved: /perm/dnk8355/paper2026/netcdf_daily_1april2024_31march2026/METOP-C_20241008_AN_DEP.nc
[445383] Saved daily NetCDFs for amsua_ofb_lwda_20241008_NH_SH_variables_filtered_lsm_lower02.odb
Saved summary: /perm/dnk8355/paper2026/netcdf_daily_1april2024_31march2026/METOP-B_20241009_summary.txt
Saved: /perm/dnk8355/paper2026/netcdf_daily_1april2024_31march2026/METOP-B_20241009_OBSVALUE.nc
Saved: /perm/dnk8355/paper2026/netcdf_daily_1april2024_31march2026/METOP-B_20241009_EMIS_WATER.nc
Saved: /perm/dnk8355/paper2026/netcdf_daily_1april2024_31march2026/METOP-B_20241009_TAUSFC.nc
Saved: /perm/dnk8355/paper2026/netcdf_daily_1april2024_31march2026/METOP-B_20241009_TDOWN.nc
Saved: /perm/dnk8355/paper2026/netcdf_daily_1april2024_31march2026/METOP-B_20241009_TUP.nc
Saved: /perm/dnk8355/paper2026/netcdf_daily_1april2024_31march2026/METOP-B_20241009_TAUSFC_CLD.nc
Saved: /perm/dnk8355/paper2026/netcdf_daily_1april2024_31march2026/METOP-B_20241009_TDOWN_CLD.nc
Saved: /perm/dnk8355/paper2026/netcdf_daily_1april2024_31march2026/METOP-B_20241009_TUP_CLD.nc
Saved: /perm/dnk8355/paper2026/netcdf_daily_1april2024_31march2026/METOP-B_20241009_FG_DEP.nc
Saved: /perm/dnk8355/paper2026/netcdf_daily_1april2024_31march2026/METOP-B_20241009_AN_DEP.nc
Saved summary: /perm/dnk8355/paper2026/netcdf_daily_1april2024_31march2026/METOP-C_20241009_summary.txt
Saved: /perm/dnk8355/paper2026/netcdf_daily_1april2024_31march2026/METOP-C_20241009_OBSVALUE.nc
Saved: /perm/dnk8355/paper2026/netcdf_daily_1april2024_31march2026/METOP-C_20241009_EMIS_WATER.nc
Saved: /perm/dnk8355/paper2026/netcdf_daily_1april2024_31march2026/METOP-C_20241009_TAUSFC.nc
Saved: /perm/dnk8355/paper2026/netcdf_daily_1april2024_31march2026/METOP-C_20241009_TDOWN.nc
Saved: /perm/dnk8355/paper2026/netcdf_daily_1april2024_31march2026/METOP-C_20241009_TUP.nc
Saved: /perm/dnk8355/paper2026/netcdf_daily_1april2024_31march2026/METOP-C_20241009_TAUSFC_CLD.nc
Saved: /perm/dnk8355/paper2026/netcdf_daily_1april2024_31march2026/METOP-C_20241009_TDOWN_CLD.nc
Saved: /perm/dnk8355/paper2026/netcdf_daily_1april2024_31march2026/METOP-C_20241009_TUP_CLD.nc
Saved: /perm/dnk8355/paper2026/netcdf_daily_1april2024_31march2026/METOP-C_20241009_FG_DEP.nc
Saved: /perm/dnk8355/paper2026/netcdf_daily_1april2024_31march2026/METOP-C_20241009_AN_DEP.nc
[445383] Saved daily NetCDFs for amsua_ofb_lwda_20241009_NH_SH_variables_filtered_lsm_lower02.odb
Saved summary: /perm/dnk8355/paper2026/netcdf_daily_1april2024_31march2026/METOP-B_20241010_summary.txt
Saved: /perm/dnk8355/paper2026/netcdf_daily_1april2024_31march2026/METOP-B_20241010_OBSVALUE.nc
Saved: /perm/dnk8355/paper2026/netcdf_daily_1april2024_31march2026/METOP-B_20241010_EMIS_WATER.nc
Saved: /perm/dnk8355/paper2026/netcdf_daily_1april2024_31march2026/METOP-B_20241010_TAUSFC.nc
Saved: /perm/dnk8355/paper2026/netcdf_daily_1april2024_31march2026/METOP-B_20241010_TDOWN.nc
Saved: /perm/dnk8355/paper2026/netcdf_daily_1april2024_31march2026/METOP-B_20241010_TUP.nc
Saved: /perm/dnk8355/paper2026/netcdf_daily_1april2024_31march2026/METOP-B_20241010_TAUSFC_CLD.nc
Saved: /perm/dnk8355/paper2026/netcdf_daily_1april2024_31march2026/METOP-B_20241010_TDOWN_CLD.nc
Saved: /perm/dnk8355/paper2026/netcdf_daily_1april2024_31march2026/METOP-B_20241010_TUP_CLD.nc
Saved: /perm/dnk8355/paper2026/netcdf_daily_1april2024_31march2026/METOP-B_20241010_FG_DEP.nc
Saved: /perm/dnk8355/paper2026/netcdf_daily_1april2024_31march2026/METOP-B_20241010_AN_DEP.nc
Saved summary: /perm/dnk8355/paper2026/netcdf_daily_1april2024_31march2026/METOP-C_20241010_summary.txt
Saved: /perm/dnk8355/paper2026/netcdf_daily_1april2024_31march2026/METOP-C_20241010_OBSVALUE.nc
Saved: /perm/dnk8355/paper2026/netcdf_daily_1april2024_31march2026/METOP-C_20241010_EMIS_WATER.nc
Saved: /perm/dnk8355/paper2026/netcdf_daily_1april2024_31march2026/METOP-C_20241010_TAUSFC.nc
Saved: /perm/dnk8355/paper2026/netcdf_daily_1april2024_31march2026/METOP-C_20241010_TDOWN.nc
Saved: /perm/dnk8355/paper2026/netcdf_daily_1april2024_31march2026/METOP-C_20241010_TUP.nc
Saved: /perm/dnk8355/paper2026/netcdf_daily_1april2024_31march2026/METOP-C_20241010_TAUSFC_CLD.nc
Saved: /perm/dnk8355/paper2026/netcdf_daily_1april2024_31march2026/METOP-C_20241010_TDOWN_CLD.nc
Saved: /perm/dnk8355/paper2026/netcdf_daily_1april2024_31march2026/METOP-C_20241010_TUP_CLD.nc
Saved: /perm/dnk8355/paper2026/netcdf_daily_1april2024_31march2026/METOP-C_20241010_FG_DEP.nc
Saved: /perm/dnk8355/paper2026/netcdf_daily_1april2024_31march2026/METOP-C_20241010_AN_DEP.nc
[445383] Saved daily NetCDFs for amsua_ofb_lwda_20241010_NH_SH_variables_filtered_lsm_lower02.odb
Saved summary: /perm/dnk8355/paper2026/netcdf_daily_1april2024_31march2026/METOP-B_20241011_summary.txt
Saved: /perm/dnk8355/paper2026/netcdf_daily_1april2024_31march2026/METOP-B_20241011_OBSVALUE.nc
Saved: /perm/dnk8355/paper2026/netcdf_daily_1april2024_31march2026/METOP-B_20241011_EMIS_WATER.nc
Saved: /perm/dnk8355/paper2026/netcdf_daily_1april2024_31march2026/METOP-B_20241011_TAUSFC.nc
Saved: /perm/dnk8355/paper2026/netcdf_daily_1april2024_31march2026/METOP-B_20241011_TDOWN.nc
Saved: /perm/dnk8355/paper2026/netcdf_daily_1april2024_31march2026/METOP-B_20241011_TUP.nc
Saved: /perm/dnk8355/paper2026/netcdf_daily_1april2024_31march2026/METOP-B_20241011_TAUSFC_CLD.nc
Saved: /perm/dnk8355/paper2026/netcdf_daily_1april2024_31march2026/METOP-B_20241011_TDOWN_CLD.nc
Saved: /perm/dnk8355/paper2026/netcdf_daily_1april2024_31march2026/METOP-B_20241011_TUP_CLD.nc
Saved: /perm/dnk8355/paper2026/netcdf_daily_1april2024_31march2026/METOP-B_20241011_FG_DEP.nc
Saved: /perm/dnk8355/paper2026/netcdf_daily_1april2024_31march2026/METOP-B_20241011_AN_DEP.nc
Saved summary: /perm/dnk8355/paper2026/netcdf_daily_1april2024_31march2026/METOP-C_20241011_summary.txt
Saved: /perm/dnk8355/paper2026/netcdf_daily_1april2024_31march2026/METOP-C_20241011_OBSVALUE.nc
Saved: /perm/dnk8355/paper2026/netcdf_daily_1april2024_31march2026/METOP-C_20241011_EMIS_WATER.nc
Saved: /perm/dnk8355/paper2026/netcdf_daily_1april2024_31march2026/METOP-C_20241011_TAUSFC.nc
Saved: /perm/dnk8355/paper2026/netcdf_daily_1april2024_31march2026/METOP-C_20241011_TDOWN.nc
Saved: /perm/dnk8355/paper2026/netcdf_daily_1april2024_31march2026/METOP-C_20241011_TUP.nc
Saved: /perm/dnk8355/paper2026/netcdf_daily_1april2024_31march2026/METOP-C_20241011_TAUSFC_CLD.nc
Saved: /perm/dnk8355/paper2026/netcdf_daily_1april2024_31march2026/METOP-C_20241011_TDOWN_CLD.nc
Saved: /perm/dnk8355/paper2026/netcdf_daily_1april2024_31march2026/METOP-C_20241011_TUP_CLD.nc
Saved: /perm/dnk8355/paper2026/netcdf_daily_1april2024_31march2026/METOP-C_20241011_FG_DEP.nc
Saved: /perm/dnk8355/paper2026/netcdf_daily_1april2024_31march2026/METOP-C_20241011_AN_DEP.nc
[445383] Saved daily NetCDFs for amsua_ofb_lwda_20241011_NH_SH_variables_filtered_lsm_lower02.odb
Saved summary: /perm/dnk8355/paper2026/netcdf_daily_1april2024_31march2026/METOP-B_20241012_summary.txt
Saved: /perm/dnk8355/paper2026/netcdf_daily_1april2024_31march2026/METOP-B_20241012_OBSVALUE.nc
Saved: /perm/dnk8355/paper2026/netcdf_daily_1april2024_31march2026/METOP-B_20241012_EMIS_WATER.nc
Saved: /perm/dnk8355/paper2026/netcdf_daily_1april2024_31march2026/METOP-B_20241012_TAUSFC.nc
Saved: /perm/dnk8355/paper2026/netcdf_daily_1april2024_31march2026/METOP-B_20241012_TDOWN.nc
Saved: /perm/dnk8355/paper2026/netcdf_daily_1april2024_31march2026/METOP-B_20241012_TUP.nc
Saved: /perm/dnk8355/paper2026/netcdf_daily_1april2024_31march2026/METOP-B_20241012_TAUSFC_CLD.nc
Saved: /perm/dnk8355/paper2026/netcdf_daily_1april2024_31march2026/METOP-B_20241012_TDOWN_CLD.nc
Saved: /perm/dnk8355/paper2026/netcdf_daily_1april2024_31march2026/METOP-B_20241012_TUP_CLD.nc
Saved: /perm/dnk8355/paper2026/netcdf_daily_1april2024_31march2026/METOP-B_20241012_FG_DEP.nc
Saved: /perm/dnk8355/paper2026/netcdf_daily_1april2024_31march2026/METOP-B_20241012_AN_DEP.nc
Saved summary: /perm/dnk8355/paper2026/netcdf_daily_1april2024_31march2026/METOP-C_20241012_summary.txt
Saved: /perm/dnk8355/paper2026/netcdf_daily_1april2024_31march2026/METOP-C_20241012_OBSVALUE.nc
Saved: /perm/dnk8355/paper2026/netcdf_daily_1april2024_31march2026/METOP-C_20241012_EMIS_WATER.nc
Saved: /perm/dnk8355/paper2026/netcdf_daily_1april2024_31march2026/METOP-C_20241012_TAUSFC.nc
Saved: /perm/dnk8355/paper2026/netcdf_daily_1april2024_31march2026/METOP-C_20241012_TDOWN.nc
Saved: /perm/dnk8355/paper2026/netcdf_daily_1april2024_31march2026/METOP-C_20241012_TUP.nc
Saved: /perm/dnk8355/paper2026/netcdf_daily_1april2024_31march2026/METOP-C_20241012_TAUSFC_CLD.nc
Saved: /perm/dnk8355/paper2026/netcdf_daily_1april2024_31march2026/METOP-C_20241012_TDOWN_CLD.nc
Saved: /perm/dnk8355/paper2026/netcdf_daily_1april2024_31march2026/METOP-C_20241012_TUP_CLD.nc
Saved: /perm/dnk8355/paper2026/netcdf_daily_1april2024_31march2026/METOP-C_20241012_FG_DEP.nc
Saved: /perm/dnk8355/paper2026/netcdf_daily_1april2024_31march2026/METOP-C_20241012_AN_DEP.nc
[445383] Saved daily NetCDFs for amsua_ofb_lwda_20241012_NH_SH_variables_filtered_lsm_lower02.odb
Saved summary: /perm/dnk8355/paper2026/netcdf_daily_1april2024_31march2026/METOP-B_20241013_summary.txt
Saved: /perm/dnk8355/paper2026/netcdf_daily_1april2024_31march2026/METOP-B_20241013_OBSVALUE.nc
Saved: /perm/dnk8355/paper2026/netcdf_daily_1april2024_31march2026/METOP-B_20241013_EMIS_WATER.nc
Saved: /perm/dnk8355/paper2026/netcdf_daily_1april2024_31march2026/METOP-B_20241013_TAUSFC.nc
Saved: /perm/dnk8355/paper2026/netcdf_daily_1april2024_31march2026/METOP-B_20241013_TDOWN.nc
Saved: /perm/dnk8355/paper2026/netcdf_daily_1april2024_31march2026/METOP-B_20241013_TUP.nc
Saved: /perm/dnk8355/paper2026/netcdf_daily_1april2024_31march2026/METOP-B_20241013_TAUSFC_CLD.nc
Saved: /perm/dnk8355/paper2026/netcdf_daily_1april2024_31march2026/METOP-B_20241013_TDOWN_CLD.nc
Saved: /perm/dnk8355/paper2026/netcdf_daily_1april2024_31march2026/METOP-B_20241013_TUP_CLD.nc
Saved: /perm/dnk8355/paper2026/netcdf_daily_1april2024_31march2026/METOP-B_20241013_FG_DEP.nc
Saved: /perm/dnk8355/paper2026/netcdf_daily_1april2024_31march2026/METOP-B_20241013_AN_DEP.nc
Saved summary: /perm/dnk8355/paper2026/netcdf_daily_1april2024_31march2026/METOP-C_20241013_summary.txt
Saved: /perm/dnk8355/paper2026/netcdf_daily_1april2024_31march2026/METOP-C_20241013_OBSVALUE.nc
Saved: /perm/dnk8355/paper2026/netcdf_daily_1april2024_31march2026/METOP-C_20241013_EMIS_WATER.nc
Saved: /perm/dnk8355/paper2026/netcdf_daily_1april2024_31march2026/METOP-C_20241013_TAUSFC.nc
Saved: /perm/dnk8355/paper2026/netcdf_daily_1april2024_31march2026/METOP-C_20241013_TDOWN.nc
Saved: /perm/dnk8355/paper2026/netcdf_daily_1april2024_31march2026/METOP-C_20241013_TUP.nc
Saved: /perm/dnk8355/paper2026/netcdf_daily_1april2024_31march2026/METOP-C_20241013_TAUSFC_CLD.nc
Saved: /perm/dnk8355/paper2026/netcdf_daily_1april2024_31march2026/METOP-C_20241013_TDOWN_CLD.nc
Saved: /perm/dnk8355/paper2026/netcdf_daily_1april2024_31march2026/METOP-C_20241013_TUP_CLD.nc
Saved: /perm/dnk8355/paper2026/netcdf_daily_1april2024_31march2026/METOP-C_20241013_FG_DEP.nc
Saved: /perm/dnk8355/paper2026/netcdf_daily_1april2024_31march2026/METOP-C_20241013_AN_DEP.nc
[445383] Saved daily NetCDFs for amsua_ofb_lwda_20241013_NH_SH_variables_filtered_lsm_lower02.odb
Saved summary: /perm/dnk8355/paper2026/netcdf_daily_1april2024_31march2026/METOP-B_20241014_summary.txt
Saved: /perm/dnk8355/paper2026/netcdf_daily_1april2024_31march2026/METOP-B_20241014_OBSVALUE.nc
Saved: /perm/dnk8355/paper2026/netcdf_daily_1april2024_31march2026/METOP-B_20241014_EMIS_WATER.nc
Saved: /perm/dnk8355/paper2026/netcdf_daily_1april2024_31march2026/METOP-B_20241014_TAUSFC.nc
Saved: /perm/dnk8355/paper2026/netcdf_daily_1april2024_31march2026/METOP-B_20241014_TDOWN.nc
Saved: /perm/dnk8355/paper2026/netcdf_daily_1april2024_31march2026/METOP-B_20241014_TUP.nc
Saved: /perm/dnk8355/paper2026/netcdf_daily_1april2024_31march2026/METOP-B_20241014_TAUSFC_CLD.nc
Saved: /perm/dnk8355/paper2026/netcdf_daily_1april2024_31march2026/METOP-B_20241014_TDOWN_CLD.nc
Saved: /perm/dnk8355/paper2026/netcdf_daily_1april2024_31march2026/METOP-B_20241014_TUP_CLD.nc
Saved: /perm/dnk8355/paper2026/netcdf_daily_1april2024_31march2026/METOP-B_20241014_FG_DEP.nc
Saved: /perm/dnk8355/paper2026/netcdf_daily_1april2024_31march2026/METOP-B_20241014_AN_DEP.nc
Saved summary: /perm/dnk8355/paper2026/netcdf_daily_1april2024_31march2026/METOP-C_20241014_summary.txt
Saved: /perm/dnk8355/paper2026/netcdf_daily_1april2024_31march2026/METOP-C_20241014_OBSVALUE.nc
Saved: /perm/dnk8355/paper2026/netcdf_daily_1april2024_31march2026/METOP-C_20241014_EMIS_WATER.nc
Saved: /perm/dnk8355/paper2026/netcdf_daily_1april2024_31march2026/METOP-C_20241014_TAUSFC.nc
Saved: /perm/dnk8355/paper2026/netcdf_daily_1april2024_31march2026/METOP-C_20241014_TDOWN.nc
Saved: /perm/dnk8355/paper2026/netcdf_daily_1april2024_31march2026/METOP-C_20241014_TUP.nc
Saved: /perm/dnk8355/paper2026/netcdf_daily_1april2024_31march2026/METOP-C_20241014_TAUSFC_CLD.nc
Saved: /perm/dnk8355/paper2026/netcdf_daily_1april2024_31march2026/METOP-C_20241014_TDOWN_CLD.nc
Saved: /perm/dnk8355/paper2026/netcdf_daily_1april2024_31march2026/METOP-C_20241014_TUP_CLD.nc
Saved: /perm/dnk8355/paper2026/netcdf_daily_1april2024_31march2026/METOP-C_20241014_FG_DEP.nc
Saved: /perm/dnk8355/paper2026/netcdf_daily_1april2024_31march2026/METOP-C_20241014_AN_DEP.nc
[445383] Saved daily NetCDFs for amsua_ofb_lwda_20241014_NH_SH_variables_filtered_lsm_lower02.odb
Saved summary: /perm/dnk8355/paper2026/netcdf_daily_1april2024_31march2026/METOP-B_20241015_summary.txt
Saved: /perm/dnk8355/paper2026/netcdf_daily_1april2024_31march2026/METOP-B_20241015_OBSVALUE.nc
Saved: /perm/dnk8355/paper2026/netcdf_daily_1april2024_31march2026/METOP-B_20241015_EMIS_WATER.nc
Saved: /perm/dnk8355/paper2026/netcdf_daily_1april2024_31march2026/METOP-C_20240615_EMIS_WATER.nc
Saved: /perm/dnk8355/paper2026/netcdf_daily_1april2024_31march2026/METOP-C_20240615_TAUSFC.nc
Saved: /perm/dnk8355/paper2026/netcdf_daily_1april2024_31march2026/METOP-C_20240615_TDOWN.nc
Saved: /perm/dnk8355/paper2026/netcdf_daily_1april2024_31march2026/METOP-C_20240615_TUP.nc
Saved: /perm/dnk8355/paper2026/netcdf_daily_1april2024_31march2026/METOP-C_20240615_TAUSFC_CLD.nc
Saved: /perm/dnk8355/paper2026/netcdf_daily_1april2024_31march2026/METOP-C_20240615_TDOWN_CLD.nc
Saved: /perm/dnk8355/paper2026/netcdf_daily_1april2024_31march2026/METOP-C_20240615_TUP_CLD.nc
Saved: /perm/dnk8355/paper2026/netcdf_daily_1april2024_31march2026/METOP-C_20240615_FG_DEP.nc
Saved: /perm/dnk8355/paper2026/netcdf_daily_1april2024_31march2026/METOP-C_20240615_AN_DEP.nc
[445381] Saved daily NetCDFs for amsua_ofb_lwda_20240615_NH_SH_variables_filtered_lsm_lower02.odb
Saved summary: /perm/dnk8355/paper2026/netcdf_daily_1april2024_31march2026/METOP-B_20240616_summary.txt
Saved: /perm/dnk8355/paper2026/netcdf_daily_1april2024_31march2026/METOP-B_20240616_OBSVALUE.nc
Saved: /perm/dnk8355/paper2026/netcdf_daily_1april2024_31march2026/METOP-B_20240616_EMIS_WATER.nc
Saved: /perm/dnk8355/paper2026/netcdf_daily_1april2024_31march2026/METOP-B_20240616_TAUSFC.nc
Saved: /perm/dnk8355/paper2026/netcdf_daily_1april2024_31march2026/METOP-B_20240616_TDOWN.nc
Saved: /perm/dnk8355/paper2026/netcdf_daily_1april2024_31march2026/METOP-B_20240616_TUP.nc
Saved: /perm/dnk8355/paper2026/netcdf_daily_1april2024_31march2026/METOP-B_20240616_TAUSFC_CLD.nc
Saved: /perm/dnk8355/paper2026/netcdf_daily_1april2024_31march2026/METOP-B_20240616_TDOWN_CLD.nc
Saved: /perm/dnk8355/paper2026/netcdf_daily_1april2024_31march2026/METOP-B_20240616_TUP_CLD.nc
Saved: /perm/dnk8355/paper2026/netcdf_daily_1april2024_31march2026/METOP-B_20240616_FG_DEP.nc
Saved: /perm/dnk8355/paper2026/netcdf_daily_1april2024_31march2026/METOP-B_20240616_AN_DEP.nc
Saved summary: /perm/dnk8355/paper2026/netcdf_daily_1april2024_31march2026/METOP-C_20240616_summary.txt
Saved: /perm/dnk8355/paper2026/netcdf_daily_1april2024_31march2026/METOP-C_20240616_OBSVALUE.nc
Saved: /perm/dnk8355/paper2026/netcdf_daily_1april2024_31march2026/METOP-C_20240616_EMIS_WATER.nc
Saved: /perm/dnk8355/paper2026/netcdf_daily_1april2024_31march2026/METOP-C_20240616_TAUSFC.nc
Saved: /perm/dnk8355/paper2026/netcdf_daily_1april2024_31march2026/METOP-C_20240616_TDOWN.nc
Saved: /perm/dnk8355/paper2026/netcdf_daily_1april2024_31march2026/METOP-C_20240616_TUP.nc
Saved: /perm/dnk8355/paper2026/netcdf_daily_1april2024_31march2026/METOP-C_20240616_TAUSFC_CLD.nc
Saved: /perm/dnk8355/paper2026/netcdf_daily_1april2024_31march2026/METOP-C_20240616_TDOWN_CLD.nc
Saved: /perm/dnk8355/paper2026/netcdf_daily_1april2024_31march2026/METOP-C_20240616_TUP_CLD.nc
Saved: /perm/dnk8355/paper2026/netcdf_daily_1april2024_31march2026/METOP-C_20240616_FG_DEP.nc
Saved: /perm/dnk8355/paper2026/netcdf_daily_1april2024_31march2026/METOP-C_20240616_AN_DEP.nc
[445381] Saved daily NetCDFs for amsua_ofb_lwda_20240616_NH_SH_variables_filtered_lsm_lower02.odb
Saved summary: /perm/dnk8355/paper2026/netcdf_daily_1april2024_31march2026/METOP-B_20240617_summary.txt
Saved: /perm/dnk8355/paper2026/netcdf_daily_1april2024_31march2026/METOP-B_20240617_OBSVALUE.nc
Saved: /perm/dnk8355/paper2026/netcdf_daily_1april2024_31march2026/METOP-B_20240617_EMIS_WATER.nc
Saved: /perm/dnk8355/paper2026/netcdf_daily_1april2024_31march2026/METOP-B_20240617_TAUSFC.nc
Saved: /perm/dnk8355/paper2026/netcdf_daily_1april2024_31march2026/METOP-B_20240617_TDOWN.nc
Saved: /perm/dnk8355/paper2026/netcdf_daily_1april2024_31march2026/METOP-B_20240617_TUP.nc
Saved: /perm/dnk8355/paper2026/netcdf_daily_1april2024_31march2026/METOP-B_20240617_TAUSFC_CLD.nc
Saved: /perm/dnk8355/paper2026/netcdf_daily_1april2024_31march2026/METOP-B_20240617_TDOWN_CLD.nc
Saved: /perm/dnk8355/paper2026/netcdf_daily_1april2024_31march2026/METOP-B_20240617_TUP_CLD.nc
Saved: /perm/dnk8355/paper2026/netcdf_daily_1april2024_31march2026/METOP-B_20240617_FG_DEP.nc
Saved: /perm/dnk8355/paper2026/netcdf_daily_1april2024_31march2026/METOP-B_20240617_AN_DEP.nc
Saved summary: /perm/dnk8355/paper2026/netcdf_daily_1april2024_31march2026/METOP-C_20240617_summary.txt
Saved: /perm/dnk8355/paper2026/netcdf_daily_1april2024_31march2026/METOP-C_20240617_OBSVALUE.nc
Saved: /perm/dnk8355/paper2026/netcdf_daily_1april2024_31march2026/METOP-C_20240617_EMIS_WATER.nc
Saved: /perm/dnk8355/paper2026/netcdf_daily_1april2024_31march2026/METOP-C_20240617_TAUSFC.nc
Saved: /perm/dnk8355/paper2026/netcdf_daily_1april2024_31march2026/METOP-C_20240617_TDOWN.nc
Saved: /perm/dnk8355/paper2026/netcdf_daily_1april2024_31march2026/METOP-C_20240617_TUP.nc
Saved: /perm/dnk8355/paper2026/netcdf_daily_1april2024_31march2026/METOP-C_20240617_TAUSFC_CLD.nc
Saved: /perm/dnk8355/paper2026/netcdf_daily_1april2024_31march2026/METOP-C_20240617_TDOWN_CLD.nc
Saved: /perm/dnk8355/paper2026/netcdf_daily_1april2024_31march2026/METOP-C_20240617_TUP_CLD.nc
Saved: /perm/dnk8355/paper2026/netcdf_daily_1april2024_31march2026/METOP-C_20240617_FG_DEP.nc
Saved: /perm/dnk8355/paper2026/netcdf_daily_1april2024_31march2026/METOP-C_20240617_AN_DEP.nc
[445381] Saved daily NetCDFs for amsua_ofb_lwda_20240617_NH_SH_variables_filtered_lsm_lower02.odb
Saved summary: /perm/dnk8355/paper2026/netcdf_daily_1april2024_31march2026/METOP-B_20240618_summary.txt
Saved: /perm/dnk8355/paper2026/netcdf_daily_1april2024_31march2026/METOP-B_20240618_OBSVALUE.nc
Saved: /perm/dnk8355/paper2026/netcdf_daily_1april2024_31march2026/METOP-B_20240618_EMIS_WATER.nc
Saved: /perm/dnk8355/paper2026/netcdf_daily_1april2024_31march2026/METOP-B_20240618_TAUSFC.nc
Saved: /perm/dnk8355/paper2026/netcdf_daily_1april2024_31march2026/METOP-B_20240618_TDOWN.nc
Saved: /perm/dnk8355/paper2026/netcdf_daily_1april2024_31march2026/METOP-B_20240618_TUP.nc
Saved: /perm/dnk8355/paper2026/netcdf_daily_1april2024_31march2026/METOP-B_20240618_TAUSFC_CLD.nc
Saved: /perm/dnk8355/paper2026/netcdf_daily_1april2024_31march2026/METOP-B_20240618_TDOWN_CLD.nc
Saved: /perm/dnk8355/paper2026/netcdf_daily_1april2024_31march2026/METOP-B_20240618_TUP_CLD.nc
Saved: /perm/dnk8355/paper2026/netcdf_daily_1april2024_31march2026/METOP-B_20240618_FG_DEP.nc
Saved: /perm/dnk8355/paper2026/netcdf_daily_1april2024_31march2026/METOP-B_20240618_AN_DEP.nc
Saved summary: /perm/dnk8355/paper2026/netcdf_daily_1april2024_31march2026/METOP-C_20240618_summary.txt
Saved: /perm/dnk8355/paper2026/netcdf_daily_1april2024_31march2026/METOP-C_20240618_OBSVALUE.nc
Saved: /perm/dnk8355/paper2026/netcdf_daily_1april2024_31march2026/METOP-C_20240618_EMIS_WATER.nc
Saved: /perm/dnk8355/paper2026/netcdf_daily_1april2024_31march2026/METOP-C_20240618_TAUSFC.nc
Saved: /perm/dnk8355/paper2026/netcdf_daily_1april2024_31march2026/METOP-C_20240618_TDOWN.nc
Saved: /perm/dnk8355/paper2026/netcdf_daily_1april2024_31march2026/METOP-C_20240618_TUP.nc
Saved: /perm/dnk8355/paper2026/netcdf_daily_1april2024_31march2026/METOP-C_20240618_TAUSFC_CLD.nc
Saved: /perm/dnk8355/paper2026/netcdf_daily_1april2024_31march2026/METOP-C_20240618_TDOWN_CLD.nc
Saved: /perm/dnk8355/paper2026/netcdf_daily_1april2024_31march2026/METOP-C_20240618_TUP_CLD.nc
Saved: /perm/dnk8355/paper2026/netcdf_daily_1april2024_31march2026/METOP-C_20240618_FG_DEP.nc
Saved: /perm/dnk8355/paper2026/netcdf_daily_1april2024_31march2026/METOP-C_20240618_AN_DEP.nc
[445381] Saved daily NetCDFs for amsua_ofb_lwda_20240618_NH_SH_variables_filtered_lsm_lower02.odb
Saved summary: /perm/dnk8355/paper2026/netcdf_daily_1april2024_31march2026/METOP-B_20240619_summary.txt
Saved: /perm/dnk8355/paper2026/netcdf_daily_1april2024_31march2026/METOP-B_20240619_OBSVALUE.nc
Saved: /perm/dnk8355/paper2026/netcdf_daily_1april2024_31march2026/METOP-B_20240619_EMIS_WATER.nc
Saved: /perm/dnk8355/paper2026/netcdf_daily_1april2024_31march2026/METOP-B_20240619_TAUSFC.nc
Saved: /perm/dnk8355/paper2026/netcdf_daily_1april2024_31march2026/METOP-B_20240619_TDOWN.nc
Saved: /perm/dnk8355/paper2026/netcdf_daily_1april2024_31march2026/METOP-B_20240619_TUP.nc
Saved: /perm/dnk8355/paper2026/netcdf_daily_1april2024_31march2026/METOP-B_20240619_TAUSFC_CLD.nc
Saved: /perm/dnk8355/paper2026/netcdf_daily_1april2024_31march2026/METOP-B_20240619_TDOWN_CLD.nc
Saved: /perm/dnk8355/paper2026/netcdf_daily_1april2024_31march2026/METOP-B_20240619_TUP_CLD.nc
Saved: /perm/dnk8355/paper2026/netcdf_daily_1april2024_31march2026/METOP-B_20240619_FG_DEP.nc
Saved: /perm/dnk8355/paper2026/netcdf_daily_1april2024_31march2026/METOP-B_20240619_AN_DEP.nc
Saved summary: /perm/dnk8355/paper2026/netcdf_daily_1april2024_31march2026/METOP-C_20240619_summary.txt
Saved: /perm/dnk8355/paper2026/netcdf_daily_1april2024_31march2026/METOP-C_20240619_OBSVALUE.nc
Saved: /perm/dnk8355/paper2026/netcdf_daily_1april2024_31march2026/METOP-C_20240619_EMIS_WATER.nc
Saved: /perm/dnk8355/paper2026/netcdf_daily_1april2024_31march2026/METOP-C_20240619_TAUSFC.nc
Saved: /perm/dnk8355/paper2026/netcdf_daily_1april2024_31march2026/METOP-C_20240619_TDOWN.nc
Saved: /perm/dnk8355/paper2026/netcdf_daily_1april2024_31march2026/METOP-C_20240619_TUP.nc
Saved: /perm/dnk8355/paper2026/netcdf_daily_1april2024_31march2026/METOP-C_20240619_TAUSFC_CLD.nc
Saved: /perm/dnk8355/paper2026/netcdf_daily_1april2024_31march2026/METOP-C_20240619_TDOWN_CLD.nc
Saved: /perm/dnk8355/paper2026/netcdf_daily_1april2024_31march2026/METOP-C_20240619_TUP_CLD.nc
Saved: /perm/dnk8355/paper2026/netcdf_daily_1april2024_31march2026/METOP-C_20240619_FG_DEP.nc
Saved: /perm/dnk8355/paper2026/netcdf_daily_1april2024_31march2026/METOP-C_20240619_AN_DEP.nc
[445381] Saved daily NetCDFs for amsua_ofb_lwda_20240619_NH_SH_variables_filtered_lsm_lower02.odb
Saved summary: /perm/dnk8355/paper2026/netcdf_daily_1april2024_31march2026/METOP-B_20240620_summary.txt
Saved: /perm/dnk8355/paper2026/netcdf_daily_1april2024_31march2026/METOP-B_20240620_OBSVALUE.nc
Saved: /perm/dnk8355/paper2026/netcdf_daily_1april2024_31march2026/METOP-B_20240620_EMIS_WATER.nc
Saved: /perm/dnk8355/paper2026/netcdf_daily_1april2024_31march2026/METOP-B_20240620_TAUSFC.nc
Saved: /perm/dnk8355/paper2026/netcdf_daily_1april2024_31march2026/METOP-B_20240620_TDOWN.nc
Saved: /perm/dnk8355/paper2026/netcdf_daily_1april2024_31march2026/METOP-B_20240620_TUP.nc
Saved: /perm/dnk8355/paper2026/netcdf_daily_1april2024_31march2026/METOP-B_20240620_TAUSFC_CLD.nc
Saved: /perm/dnk8355/paper2026/netcdf_daily_1april2024_31march2026/METOP-B_20240620_TDOWN_CLD.nc
Saved: /perm/dnk8355/paper2026/netcdf_daily_1april2024_31march2026/METOP-B_20240620_TUP_CLD.nc
Saved: /perm/dnk8355/paper2026/netcdf_daily_1april2024_31march2026/METOP-B_20240620_FG_DEP.nc
Saved: /perm/dnk8355/paper2026/netcdf_daily_1april2024_31march2026/METOP-B_20240620_AN_DEP.nc
Saved summary: /perm/dnk8355/paper2026/netcdf_daily_1april2024_31march2026/METOP-C_20240620_summary.txt
Saved: /perm/dnk8355/paper2026/netcdf_daily_1april2024_31march2026/METOP-C_20240620_OBSVALUE.nc
Saved: /perm/dnk8355/paper2026/netcdf_daily_1april2024_31march2026/METOP-C_20240620_EMIS_WATER.nc
Saved: /perm/dnk8355/paper2026/netcdf_daily_1april2024_31march2026/METOP-C_20240620_TAUSFC.nc
Saved: /perm/dnk8355/paper2026/netcdf_daily_1april2024_31march2026/METOP-C_20240620_TDOWN.nc
Saved: /perm/dnk8355/paper2026/netcdf_daily_1april2024_31march2026/METOP-C_20240620_TUP.nc
Saved: /perm/dnk8355/paper2026/netcdf_daily_1april2024_31march2026/METOP-C_20240620_TAUSFC_CLD.nc
Saved: /perm/dnk8355/paper2026/netcdf_daily_1april2024_31march2026/METOP-C_20240620_TDOWN_CLD.nc
Saved: /perm/dnk8355/paper2026/netcdf_daily_1april2024_31march2026/METOP-C_20240620_TUP_CLD.nc
Saved: /perm/dnk8355/paper2026/netcdf_daily_1april2024_31march2026/METOP-C_20240620_FG_DEP.nc
Saved: /perm/dnk8355/paper2026/netcdf_daily_1april2024_31march2026/METOP-C_20240620_AN_DEP.nc
[445381] Saved daily NetCDFs for amsua_ofb_lwda_20240620_NH_SH_variables_filtered_lsm_lower02.odb
Saved summary: /perm/dnk8355/paper2026/netcdf_daily_1april2024_31march2026/METOP-B_20240621_summary.txt
Saved: /perm/dnk8355/paper2026/netcdf_daily_1april2024_31march2026/METOP-B_20240621_OBSVALUE.nc
Saved: /perm/dnk8355/paper2026/netcdf_daily_1april2024_31march2026/METOP-B_20240621_EMIS_WATER.nc
Saved: /perm/dnk8355/paper2026/netcdf_daily_1april2024_31march2026/METOP-B_20240621_TAUSFC.nc
Saved: /perm/dnk8355/paper2026/netcdf_daily_1april2024_31march2026/METOP-B_20240621_TDOWN.nc
Saved: /perm/dnk8355/paper2026/netcdf_daily_1april2024_31march2026/METOP-B_20240621_TUP.nc
Saved: /perm/dnk8355/paper2026/netcdf_daily_1april2024_31march2026/METOP-B_20240621_TAUSFC_CLD.nc
Saved: /perm/dnk8355/paper2026/netcdf_daily_1april2024_31march2026/METOP-B_20240621_TDOWN_CLD.nc
Saved: /perm/dnk8355/paper2026/netcdf_daily_1april2024_31march2026/METOP-B_20240621_TUP_CLD.nc
Saved: /perm/dnk8355/paper2026/netcdf_daily_1april2024_31march2026/METOP-B_20240621_FG_DEP.nc
Saved: /perm/dnk8355/paper2026/netcdf_daily_1april2024_31march2026/METOP-B_20240621_AN_DEP.nc
Saved summary: /perm/dnk8355/paper2026/netcdf_daily_1april2024_31march2026/METOP-C_20240621_summary.txt
Saved: /perm/dnk8355/paper2026/netcdf_daily_1april2024_31march2026/METOP-C_20240621_OBSVALUE.nc
Saved: /perm/dnk8355/paper2026/netcdf_daily_1april2024_31march2026/METOP-C_20240621_EMIS_WATER.nc
Saved: /perm/dnk8355/paper2026/netcdf_daily_1april2024_31march2026/METOP-C_20240621_TAUSFC.nc
Saved: /perm/dnk8355/paper2026/netcdf_daily_1april2024_31march2026/METOP-C_20240621_TDOWN.nc
Saved: /perm/dnk8355/paper2026/netcdf_daily_1april2024_31march2026/METOP-C_20240621_TUP.nc
Saved: /perm/dnk8355/paper2026/netcdf_daily_1april2024_31march2026/METOP-C_20240621_TAUSFC_CLD.nc
Saved: /perm/dnk8355/paper2026/netcdf_daily_1april2024_31march2026/METOP-C_20240621_TDOWN_CLD.nc
Saved: /perm/dnk8355/paper2026/netcdf_daily_1april2024_31march2026/METOP-C_20240621_TUP_CLD.nc
Saved: /perm/dnk8355/paper2026/netcdf_daily_1april2024_31march2026/METOP-C_20240621_FG_DEP.nc
Saved: /perm/dnk8355/paper2026/netcdf_daily_1april2024_31march2026/METOP-C_20240621_AN_DEP.nc
[445381] Saved daily NetCDFs for amsua_ofb_lwda_20240621_NH_SH_variables_filtered_lsm_lower02.odb
Saved summary: /perm/dnk8355/paper2026/netcdf_daily_1april2024_31march2026/METOP-B_20240622_summary.txt
Saved: /perm/dnk8355/paper2026/netcdf_daily_1april2024_31march2026/METOP-B_20240622_OBSVALUE.nc
Saved: /perm/dnk8355/paper2026/netcdf_daily_1april2024_31march2026/METOP-B_20240622_EMIS_WATER.nc
Saved: /perm/dnk8355/paper2026/netcdf_daily_1april2024_31march2026/METOP-B_20240622_TAUSFC.nc
Saved: /perm/dnk8355/paper2026/netcdf_daily_1april2024_31march2026/METOP-B_20240622_TDOWN.nc
Saved: /perm/dnk8355/paper2026/netcdf_daily_1april2024_31march2026/METOP-B_20240622_TUP.nc
Saved: /perm/dnk8355/paper2026/netcdf_daily_1april2024_31march2026/METOP-B_20240622_TAUSFC_CLD.nc
Saved: /perm/dnk8355/paper2026/netcdf_daily_1april2024_31march2026/METOP-B_20240622_TDOWN_CLD.nc
Saved: /perm/dnk8355/paper2026/netcdf_daily_1april2024_31march2026/METOP-B_20240622_TUP_CLD.nc
Saved: /perm/dnk8355/paper2026/netcdf_daily_1april2024_31march2026/METOP-B_20240622_FG_DEP.nc
Saved: /perm/dnk8355/paper2026/netcdf_daily_1april2024_31march2026/METOP-B_20240622_AN_DEP.nc
Saved summary: /perm/dnk8355/paper2026/netcdf_daily_1april2024_31march2026/METOP-C_20240622_summary.txt
Saved: /perm/dnk8355/paper2026/netcdf_daily_1april2024_31march2026/METOP-C_20240622_OBSVALUE.nc
Saved: /perm/dnk8355/paper2026/netcdf_daily_1april2024_31march2026/METOP-C_20240622_EMIS_WATER.nc
Saved: /perm/dnk8355/paper2026/netcdf_daily_1april2024_31march2026/METOP-C_20240622_TAUSFC.nc
Saved: /perm/dnk8355/paper2026/netcdf_daily_1april2024_31march2026/METOP-C_20240622_TDOWN.nc
Saved: /perm/dnk8355/paper2026/netcdf_daily_1april2024_31march2026/METOP-C_20240622_TUP.nc
Saved: /perm/dnk8355/paper2026/netcdf_daily_1april2024_31march2026/METOP-C_20240622_TAUSFC_CLD.nc
Saved: /perm/dnk8355/paper2026/netcdf_daily_1april2024_31march2026/METOP-C_20240622_TDOWN_CLD.nc
Saved: /perm/dnk8355/paper2026/netcdf_daily_1april2024_31march2026/METOP-C_20240622_TUP_CLD.nc
Saved: /perm/dnk8355/paper2026/netcdf_daily_1april2024_31march2026/METOP-C_20240622_FG_DEP.nc
Saved: /perm/dnk8355/paper2026/netcdf_daily_1april2024_31march2026/METOP-C_20240622_AN_DEP.nc
[445381] Saved daily NetCDFs for amsua_ofb_lwda_20240622_NH_SH_variables_filtered_lsm_lower02.odb
Saved summary: /perm/dnk8355/paper2026/netcdf_daily_1april2024_31march2026/METOP-B_20240623_summary.txt
Saved: /perm/dnk8355/paper2026/netcdf_daily_1april2024_31march2026/METOP-B_20240623_OBSVALUE.nc
Saved: /perm/dnk8355/paper2026/netcdf_daily_1april2024_31march2026/METOP-B_20240623_EMIS_WATER.nc
Saved: /perm/dnk8355/paper2026/netcdf_daily_1april2024_31march2026/METOP-B_20240623_TAUSFC.nc
Saved: /perm/dnk8355/paper2026/netcdf_daily_1april2024_31march2026/METOP-B_20240623_TDOWN.nc
Saved: /perm/dnk8355/paper2026/netcdf_daily_1april2024_31march2026/METOP-B_20240623_TUP.nc
Saved: /perm/dnk8355/paper2026/netcdf_daily_1april2024_31march2026/METOP-B_20240623_TAUSFC_CLD.nc
Saved: /perm/dnk8355/paper2026/netcdf_daily_1april2024_31march2026/METOP-B_20240623_TDOWN_CLD.nc
Saved: /perm/dnk8355/paper2026/netcdf_daily_1april2024_31march2026/METOP-B_20240623_TUP_CLD.nc
Saved: /perm/dnk8355/paper2026/netcdf_daily_1april2024_31march2026/METOP-B_20240623_FG_DEP.nc
Saved: /perm/dnk8355/paper2026/netcdf_daily_1april2024_31march2026/METOP-B_20240623_AN_DEP.nc
Saved summary: /perm/dnk8355/paper2026/netcdf_daily_1april2024_31march2026/METOP-C_20240623_summary.txt
Saved: /perm/dnk8355/paper2026/netcdf_daily_1april2024_31march2026/METOP-C_20240623_OBSVALUE.nc
Saved: /perm/dnk8355/paper2026/netcdf_daily_1april2024_31march2026/METOP-C_20240623_EMIS_WATER.nc
Saved: /perm/dnk8355/paper2026/netcdf_daily_1april2024_31march2026/METOP-C_20240623_TAUSFC.nc
Saved: /perm/dnk8355/paper2026/netcdf_daily_1april2024_31march2026/METOP-C_20240623_TDOWN.nc
Saved: /perm/dnk8355/paper2026/netcdf_daily_1april2024_31march2026/METOP-C_20240623_TUP.nc
Saved: /perm/dnk8355/paper2026/netcdf_daily_1april2024_31march2026/METOP-C_20240623_TAUSFC_CLD.nc
Saved: /perm/dnk8355/paper2026/netcdf_daily_1april2024_31march2026/METOP-C_20240623_TDOWN_CLD.nc
Saved: /perm/dnk8355/paper2026/netcdf_daily_1april2024_31march2026/METOP-C_20240623_TUP_CLD.nc
Saved: /perm/dnk8355/paper2026/netcdf_daily_1april2024_31march2026/METOP-C_20240623_FG_DEP.nc
Saved: /perm/dnk8355/paper2026/netcdf_daily_1april2024_31march2026/METOP-C_20240623_AN_DEP.nc
[445381] Saved daily NetCDFs for amsua_ofb_lwda_20240623_NH_SH_variables_filtered_lsm_lower02.odb
Saved summary: /perm/dnk8355/paper2026/netcdf_daily_1april2024_31march2026/METOP-B_20240624_summary.txt
Saved: /perm/dnk8355/paper2026/netcdf_daily_1april2024_31march2026/METOP-B_20240624_OBSVALUE.nc
Saved: /perm/dnk8355/paper2026/netcdf_daily_1april2024_31march2026/METOP-B_20240624_EMIS_WATER.nc
Saved: /perm/dnk8355/paper2026/netcdf_daily_1april2024_31march2026/METOP-B_20240624_TAUSFC.nc
Saved: /perm/dnk8355/paper2026/netcdf_daily_1april2024_31march2026/METOP-B_20240624_TDOWN.nc
Saved: /perm/dnk8355/paper2026/netcdf_daily_1april2024_31march2026/METOP-B_20240624_TUP.nc
Saved: /perm/dnk8355/paper2026/netcdf_daily_1april2024_31march2026/METOP-B_20240624_TAUSFC_CLD.nc
Saved: /perm/dnk8355/paper2026/netcdf_daily_1april2024_31march2026/METOP-B_20240624_TDOWN_CLD.nc
Saved: /perm/dnk8355/paper2026/netcdf_daily_1april2024_31march2026/METOP-B_20240624_TUP_CLD.nc
Saved: /perm/dnk8355/paper2026/netcdf_daily_1april2024_31march2026/METOP-B_20240624_FG_DEP.nc
Saved: /perm/dnk8355/paper2026/netcdf_daily_1april2024_31march2026/METOP-B_20240624_AN_DEP.nc
Saved summary: /perm/dnk8355/paper2026/netcdf_daily_1april2024_31march2026/METOP-C_20240624_summary.txt
Saved: /perm/dnk8355/paper2026/netcdf_daily_1april2024_31march2026/METOP-C_20240624_OBSVALUE.nc
Saved: /perm/dnk8355/paper2026/netcdf_daily_1april2024_31march2026/METOP-C_20240624_EMIS_WATER.nc
Saved: /perm/dnk8355/paper2026/netcdf_daily_1april2024_31march2026/METOP-C_20240624_TAUSFC.nc
Saved: /perm/dnk8355/paper2026/netcdf_daily_1april2024_31march2026/METOP-C_20240624_TDOWN.nc
Saved: /perm/dnk8355/paper2026/netcdf_daily_1april2024_31march2026/METOP-C_20240624_TUP.nc
Saved: /perm/dnk8355/paper2026/netcdf_daily_1april2024_31march2026/METOP-C_20240624_TAUSFC_CLD.nc
Saved: /perm/dnk8355/paper2026/netcdf_daily_1april2024_31march2026/METOP-C_20240624_TDOWN_CLD.nc
Saved: /perm/dnk8355/paper2026/netcdf_daily_1april2024_31march2026/METOP-C_20240624_TUP_CLD.nc
Saved: /perm/dnk8355/paper2026/netcdf_daily_1april2024_31march2026/METOP-C_20240624_FG_DEP.nc
Saved: /perm/dnk8355/paper2026/netcdf_daily_1april2024_31march2026/METOP-C_20240624_AN_DEP.nc
[445381] Saved daily NetCDFs for amsua_ofb_lwda_20240624_NH_SH_variables_filtered_lsm_lower02.odb
Saved summary: /perm/dnk8355/paper2026/netcdf_daily_1april2024_31march2026/METOP-B_20240625_summary.txt
Saved: /perm/dnk8355/paper2026/netcdf_daily_1april2024_31march2026/METOP-B_20240625_OBSVALUE.nc
Saved: /perm/dnk8355/paper2026/netcdf_daily_1april2024_31march2026/METOP-B_20240625_EMIS_WATER.nc
Saved: /perm/dnk8355/paper2026/netcdf_daily_1april2024_31march2026/METOP-B_20240625_TAUSFC.nc
Saved: /perm/dnk8355/paper2026/netcdf_daily_1april2024_31march2026/METOP-B_20240625_TDOWN.nc
Saved: /perm/dnk8355/paper2026/netcdf_daily_1april2024_31march2026/METOP-B_20240625_TUP.nc
Saved: /perm/dnk8355/paper2026/netcdf_daily_1april2024_31march2026/METOP-B_20240625_TAUSFC_CLD.nc
Saved: /perm/dnk8355/paper2026/netcdf_daily_1april2024_31march2026/METOP-B_20240625_TDOWN_CLD.nc
Saved: /perm/dnk8355/paper2026/netcdf_daily_1april2024_31march2026/METOP-B_20240625_TUP_CLD.nc
Saved: /perm/dnk8355/paper2026/netcdf_daily_1april2024_31march2026/METOP-B_20240625_FG_DEP.nc
Saved: /perm/dnk8355/paper2026/netcdf_daily_1april2024_31march2026/METOP-B_20240625_AN_DEP.nc
Saved summary: /perm/dnk8355/paper2026/netcdf_daily_1april2024_31march2026/METOP-C_20240625_summary.txt
Saved: /perm/dnk8355/paper2026/netcdf_daily_1april2024_31march2026/METOP-C_20240625_OBSVALUE.nc
Saved: /perm/dnk8355/paper2026/netcdf_daily_1april2024_31march2026/METOP-C_20240625_EMIS_WATER.nc
Saved: /perm/dnk8355/paper2026/netcdf_daily_1april2024_31march2026/METOP-C_20240625_TAUSFC.nc
Saved: /perm/dnk8355/paper2026/netcdf_daily_1april2024_31march2026/METOP-C_20240625_TDOWN.nc
Saved: /perm/dnk8355/paper2026/netcdf_daily_1april2024_31march2026/METOP-C_20240625_TUP.nc
Saved: /perm/dnk8355/paper2026/netcdf_daily_1april2024_31march2026/METOP-C_20240625_TAUSFC_CLD.nc
Saved: /perm/dnk8355/paper2026/netcdf_daily_1april2024_31march2026/METOP-C_20240625_TDOWN_CLD.nc
Saved: /perm/dnk8355/paper2026/netcdf_daily_1april2024_31march2026/METOP-C_20240625_TUP_CLD.nc
Saved: /perm/dnk8355/paper2026/netcdf_daily_1april2024_31march2026/METOP-C_20240625_FG_DEP.nc
Saved: /perm/dnk8355/paper2026/netcdf_daily_1april2024_31march2026/METOP-C_20240625_AN_DEP.nc
[445381] Saved daily NetCDFs for amsua_ofb_lwda_20240625_NH_SH_variables_filtered_lsm_lower02.odb
Saved summary: /perm/dnk8355/paper2026/netcdf_daily_1april2024_31march2026/METOP-B_20240626_summary.txt
Saved: /perm/dnk8355/paper2026/netcdf_daily_1april2024_31march2026/METOP-B_20240626_OBSVALUE.nc
Saved: /perm/dnk8355/paper2026/netcdf_daily_1april2024_31march2026/METOP-B_20240626_EMIS_WATER.nc
Saved: /perm/dnk8355/paper2026/netcdf_daily_1april2024_31march2026/METOP-B_20240626_TAUSFC.nc
Saved: /perm/dnk8355/paper2026/netcdf_daily_1april2024_31march2026/METOP-B_20240626_TDOWN.nc
Saved: /perm/dnk8355/paper2026/netcdf_daily_1april2024_31march2026/METOP-B_20240626_TUP.nc
Saved: /perm/dnk8355/paper2026/netcdf_daily_1april2024_31march2026/METOP-B_20240626_TAUSFC_CLD.nc
Saved: /perm/dnk8355/paper2026/netcdf_daily_1april2024_31march2026/METOP-B_20240626_TDOWN_CLD.nc
Saved: /perm/dnk8355/paper2026/netcdf_daily_1april2024_31march2026/METOP-B_20240626_TUP_CLD.nc
Saved: /perm/dnk8355/paper2026/netcdf_daily_1april2024_31march2026/METOP-B_20240626_FG_DEP.nc
Saved: /perm/dnk8355/paper2026/netcdf_daily_1april2024_31march2026/METOP-B_20240626_AN_DEP.nc
Saved summary: /perm/dnk8355/paper2026/netcdf_daily_1april2024_31march2026/METOP-C_20240626_summary.txt
Saved: /perm/dnk8355/paper2026/netcdf_daily_1april2024_31march2026/METOP-C_20240626_OBSVALUE.nc
Saved: /perm/dnk8355/paper2026/netcdf_daily_1april2024_31march2026/METOP-C_20240626_EMIS_WATER.nc
Saved: /perm/dnk8355/paper2026/netcdf_daily_1april2024_31march2026/METOP-C_20240626_TAUSFC.nc
Saved: /perm/dnk8355/paper2026/netcdf_daily_1april2024_31march2026/METOP-C_20240626_TDOWN.nc
Saved: /perm/dnk8355/paper2026/netcdf_daily_1april2024_31march2026/METOP-C_20240626_TUP.nc
Saved: /perm/dnk8355/paper2026/netcdf_daily_1april2024_31march2026/METOP-C_20240626_TAUSFC_CLD.nc
Saved: /perm/dnk8355/paper2026/netcdf_daily_1april2024_31march2026/METOP-C_20240626_TDOWN_CLD.nc
Saved: /perm/dnk8355/paper2026/netcdf_daily_1april2024_31march2026/METOP-C_20240626_TUP_CLD.nc
Saved: /perm/dnk8355/paper2026/netcdf_daily_1april2024_31march2026/METOP-C_20240626_FG_DEP.nc
Saved: /perm/dnk8355/paper2026/netcdf_daily_1april2024_31march2026/METOP-C_20240626_AN_DEP.nc
[445381] Saved daily NetCDFs for amsua_ofb_lwda_20240626_NH_SH_variables_filtered_lsm_lower02.odb
Saved summary: /perm/dnk8355/paper2026/netcdf_daily_1april2024_31march2026/METOP-B_20240627_summary.txt
Saved: /perm/dnk8355/paper2026/netcdf_daily_1april2024_31march2026/METOP-B_20240627_OBSVALUE.nc
Saved: /perm/dnk8355/paper2026/netcdf_daily_1april2024_31march2026/METOP-B_20240627_EMIS_WATER.nc
Saved: /perm/dnk8355/paper2026/netcdf_daily_1april2024_31march2026/METOP-B_20240627_TAUSFC.nc
Saved: /perm/dnk8355/paper2026/netcdf_daily_1april2024_31march2026/METOP-B_20240627_TDOWN.nc
Saved: /perm/dnk8355/paper2026/netcdf_daily_1april2024_31march2026/METOP-B_20240627_TUP.nc
Saved: /perm/dnk8355/paper2026/netcdf_daily_1april2024_31march2026/METOP-B_20240627_TAUSFC_CLD.nc
Saved: /perm/dnk8355/paper2026/netcdf_daily_1april2024_31march2026/METOP-B_20240627_TDOWN_CLD.nc
Saved: /perm/dnk8355/paper2026/netcdf_daily_1april2024_31march2026/METOP-B_20240627_TUP_CLD.nc
Saved: /perm/dnk8355/paper2026/netcdf_daily_1april2024_31march2026/METOP-B_20240627_FG_DEP.nc
Saved: /perm/dnk8355/paper2026/netcdf_daily_1april2024_31march2026/METOP-B_20240627_AN_DEP.nc
Saved summary: /perm/dnk8355/paper2026/netcdf_daily_1april2024_31march2026/METOP-C_20240627_summary.txt
Saved: /perm/dnk8355/paper2026/netcdf_daily_1april2024_31march2026/METOP-C_20240627_OBSVALUE.nc
Saved: /perm/dnk8355/paper2026/netcdf_daily_1april2024_31march2026/METOP-C_20240627_EMIS_WATER.nc
Saved: /perm/dnk8355/paper2026/netcdf_daily_1april2024_31march2026/METOP-C_20240627_TAUSFC.nc
Saved: /perm/dnk8355/paper2026/netcdf_daily_1april2024_31march2026/METOP-C_20240627_TDOWN.nc
Saved: /perm/dnk8355/paper2026/netcdf_daily_1april2024_31march2026/METOP-C_20240627_TUP.nc
Saved: /perm/dnk8355/paper2026/netcdf_daily_1april2024_31march2026/METOP-C_20240627_TAUSFC_CLD.nc
Saved: /perm/dnk8355/paper2026/netcdf_daily_1april2024_31march2026/METOP-C_20240627_TDOWN_CLD.nc
Saved: /perm/dnk8355/paper2026/netcdf_daily_1april2024_31march2026/METOP-C_20240627_TUP_CLD.nc
Saved: /perm/dnk8355/paper2026/netcdf_daily_1april2024_31march2026/METOP-C_20240627_FG_DEP.nc
Saved: /perm/dnk8355/paper2026/netcdf_daily_1april2024_31march2026/METOP-C_20240627_AN_DEP.nc
[445381] Saved daily NetCDFs for amsua_ofb_lwda_20240627_NH_SH_variables_filtered_lsm_lower02.odb
Saved summary: /perm/dnk8355/paper2026/netcdf_daily_1april2024_31march2026/METOP-B_20240628_summary.txt
Saved: /perm/dnk8355/paper2026/netcdf_daily_1april2024_31march2026/METOP-B_20240628_OBSVALUE.nc
Saved: /perm/dnk8355/paper2026/netcdf_daily_1april2024_31march2026/METOP-B_20240628_EMIS_WATER.nc
Saved: /perm/dnk8355/paper2026/netcdf_daily_1april2024_31march2026/METOP-B_20240628_TAUSFC.nc
Saved: /perm/dnk8355/paper2026/netcdf_daily_1april2024_31march2026/METOP-B_20240628_TDOWN.nc
Saved: /perm/dnk8355/paper2026/netcdf_daily_1april2024_31march2026/METOP-B_20240628_TUP.nc
Saved: /perm/dnk8355/paper2026/netcdf_daily_1april2024_31march2026/METOP-B_20240628_TAUSFC_CLD.nc
Saved: /perm/dnk8355/paper2026/netcdf_daily_1april2024_31march2026/METOP-B_20240628_TDOWN_CLD.nc
Saved: /perm/dnk8355/paper2026/netcdf_daily_1april2024_31march2026/METOP-B_20240628_TUP_CLD.nc
Saved: /perm/dnk8355/paper2026/netcdf_daily_1april2024_31march2026/METOP-B_20240628_FG_DEP.nc
Saved: /perm/dnk8355/paper2026/netcdf_daily_1april2024_31march2026/METOP-B_20240628_AN_DEP.nc
Saved summary: /perm/dnk8355/paper2026/netcdf_daily_1april2024_31march2026/METOP-C_20240628_summary.txt
Saved: /perm/dnk8355/paper2026/netcdf_daily_1april2024_31march2026/METOP-C_20240628_OBSVALUE.nc
Saved: /perm/dnk8355/paper2026/netcdf_daily_1april2024_31march2026/METOP-C_20240628_EMIS_WATER.nc
Saved: /perm/dnk8355/paper2026/netcdf_daily_1april2024_31march2026/METOP-C_20240628_TAUSFC.nc
Saved: /perm/dnk8355/paper2026/netcdf_daily_1april2024_31march2026/METOP-C_20240628_TDOWN.nc
Saved: /perm/dnk8355/paper2026/netcdf_daily_1april2024_31march2026/METOP-C_20240628_TUP.nc
Saved: /perm/dnk8355/paper2026/netcdf_daily_1april2024_31march2026/METOP-C_20240628_TAUSFC_CLD.nc
Saved: /perm/dnk8355/paper2026/netcdf_daily_1april2024_31march2026/METOP-C_20240628_TDOWN_CLD.nc
Saved: /perm/dnk8355/paper2026/netcdf_daily_1april2024_31march2026/METOP-C_20240628_TUP_CLD.nc
Saved: /perm/dnk8355/paper2026/netcdf_daily_1april2024_31march2026/METOP-C_20240628_FG_DEP.nc
Saved: /perm/dnk8355/paper2026/netcdf_daily_1april2024_31march2026/METOP-C_20240628_AN_DEP.nc
[445381] Saved daily NetCDFs for amsua_ofb_lwda_20240628_NH_SH_variables_filtered_lsm_lower02.odb
Saved summary: /perm/dnk8355/paper2026/netcdf_daily_1april2024_31march2026/METOP-B_20240629_summary.txt
Saved: /perm/dnk8355/paper2026/netcdf_daily_1april2024_31march2026/METOP-B_20240629_OBSVALUE.nc
Saved: /perm/dnk8355/paper2026/netcdf_daily_1april2024_31march2026/METOP-B_20240629_EMIS_WATER.nc
Saved: /perm/dnk8355/paper2026/netcdf_daily_1april2024_31march2026/METOP-B_20240629_TAUSFC.nc
Saved: /perm/dnk8355/paper2026/netcdf_daily_1april2024_31march2026/METOP-B_20240629_TDOWN.nc
Saved: /perm/dnk8355/paper2026/netcdf_daily_1april2024_31march2026/METOP-B_20240629_TUP.nc
Saved: /perm/dnk8355/paper2026/netcdf_daily_1april2024_31march2026/METOP-B_20240629_TAUSFC_CLD.nc
Saved: /perm/dnk8355/paper2026/netcdf_daily_1april2024_31march2026/METOP-B_20240629_TDOWN_CLD.nc
Saved: /perm/dnk8355/paper2026/netcdf_daily_1april2024_31march2026/METOP-B_20240629_TUP_CLD.nc
Saved: /perm/dnk8355/paper2026/netcdf_daily_1april2024_31march2026/METOP-B_20240629_FG_DEP.nc
Saved: /perm/dnk8355/paper2026/netcdf_daily_1april2024_31march2026/METOP-B_20240629_AN_DEP.nc
Saved summary: /perm/dnk8355/paper2026/netcdf_daily_1april2024_31march2026/METOP-C_20240629_summary.txt
Saved: /perm/dnk8355/paper2026/netcdf_daily_1april2024_31march2026/METOP-C_20240629_OBSVALUE.nc
Saved: /perm/dnk8355/paper2026/netcdf_daily_1april2024_31march2026/METOP-C_20240629_EMIS_WATER.nc
Saved: /perm/dnk8355/paper2026/netcdf_daily_1april2024_31march2026/METOP-C_20240629_TAUSFC.nc
Saved: /perm/dnk8355/paper2026/netcdf_daily_1april2024_31march2026/METOP-C_20240629_TDOWN.nc
Saved: /perm/dnk8355/paper2026/netcdf_daily_1april2024_31march2026/METOP-C_20240629_TUP.nc
Saved: /perm/dnk8355/paper2026/netcdf_daily_1april2024_31march2026/METOP-C_20240629_TAUSFC_CLD.nc
Saved: /perm/dnk8355/paper2026/netcdf_daily_1april2024_31march2026/METOP-C_20240629_TDOWN_CLD.nc
Saved: /perm/dnk8355/paper2026/netcdf_daily_1april2024_31march2026/METOP-C_20240629_TUP_CLD.nc
Saved: /perm/dnk8355/paper2026/netcdf_daily_1april2024_31march2026/METOP-C_20240629_FG_DEP.nc
Saved: /perm/dnk8355/paper2026/netcdf_daily_1april2024_31march2026/METOP-C_20240629_AN_DEP.nc
[445381] Saved daily NetCDFs for amsua_ofb_lwda_20240629_NH_SH_variables_filtered_lsm_lower02.odb
Saved summary: /perm/dnk8355/paper2026/netcdf_daily_1april2024_31march2026/METOP-B_20240630_summary.txt
Saved: /perm/dnk8355/paper2026/netcdf_daily_1april2024_31march2026/METOP-B_20240630_OBSVALUE.nc
Saved: /perm/dnk8355/paper2026/netcdf_daily_1april2024_31march2026/METOP-B_20240630_EMIS_WATER.nc
Saved: /perm/dnk8355/paper2026/netcdf_daily_1april2024_31march2026/METOP-B_20240630_TAUSFC.nc
Saved: /perm/dnk8355/paper2026/netcdf_daily_1april2024_31march2026/METOP-B_20240630_TDOWN.nc
Saved: /perm/dnk8355/paper2026/netcdf_daily_1april2024_31march2026/METOP-B_20240630_TUP.nc
Saved: /perm/dnk8355/paper2026/netcdf_daily_1april2024_31march2026/METOP-B_20240630_TAUSFC_CLD.nc
Saved: /perm/dnk8355/paper2026/netcdf_daily_1april2024_31march2026/METOP-B_20240630_TDOWN_CLD.nc
Saved: /perm/dnk8355/paper2026/netcdf_daily_1april2024_31march2026/METOP-B_20240630_TUP_CLD.nc
Saved: /perm/dnk8355/paper2026/netcdf_daily_1april2024_31march2026/METOP-B_20240630_FG_DEP.nc
Saved: /perm/dnk8355/paper2026/netcdf_daily_1april2024_31march2026/METOP-B_20240630_AN_DEP.nc
Saved summary: /perm/dnk8355/paper2026/netcdf_daily_1april2024_31march2026/METOP-C_20240630_summary.txt
Saved: /perm/dnk8355/paper2026/netcdf_daily_1april2024_31march2026/METOP-C_20240630_OBSVALUE.nc
Saved: /perm/dnk8355/paper2026/netcdf_daily_1april2024_31march2026/METOP-C_20240630_EMIS_WATER.nc
Saved: /perm/dnk8355/paper2026/netcdf_daily_1april2024_31march2026/METOP-C_20240630_TAUSFC.nc
Saved: /perm/dnk8355/paper2026/netcdf_daily_1april2024_31march2026/METOP-C_20240630_TDOWN.nc
Saved: /perm/dnk8355/paper2026/netcdf_daily_1april2024_31march2026/METOP-C_20240630_TUP.nc
Saved: /perm/dnk8355/paper2026/netcdf_daily_1april2024_31march2026/METOP-C_20240630_TAUSFC_CLD.nc
Saved: /perm/dnk8355/paper2026/netcdf_daily_1april2024_31march2026/METOP-C_20240630_TDOWN_CLD.nc
Saved: /perm/dnk8355/paper2026/netcdf_daily_1april2024_31march2026/METOP-C_20240630_TUP_CLD.nc
Saved: /perm/dnk8355/paper2026/netcdf_daily_1april2024_31march2026/METOP-C_20240630_FG_DEP.nc
Saved: /perm/dnk8355/paper2026/netcdf_daily_1april2024_31march2026/METOP-C_20240630_AN_DEP.nc
[445381] Saved daily NetCDFs for amsua_ofb_lwda_20240630_NH_SH_variables_filtered_lsm_lower02.odb
Saved summary: /perm/dnk8355/paper2026/netcdf_daily_1april2024_31march2026/METOP-B_20240701_summary.txt
Saved: /perm/dnk8355/paper2026/netcdf_daily_1april2024_31march2026/METOP-B_20240701_OBSVALUE.nc
Saved: /perm/dnk8355/paper2026/netcdf_daily_1april2024_31march2026/METOP-B_20240701_EMIS_WATER.nc
Saved: /perm/dnk8355/paper2026/netcdf_daily_1april2024_31march2026/METOP-B_20240701_TAUSFC.nc
Saved: /perm/dnk8355/paper2026/netcdf_daily_1april2024_31march2026/METOP-B_20240701_TDOWN.nc
Saved: /perm/dnk8355/paper2026/netcdf_daily_1april2024_31march2026/METOP-B_20240701_TUP.nc
Saved: /perm/dnk8355/paper2026/netcdf_daily_1april2024_31march2026/METOP-B_20240701_TAUSFC_CLD.nc
Saved: /perm/dnk8355/paper2026/netcdf_daily_1april2024_31march2026/METOP-B_20240701_TDOWN_CLD.nc
Saved: /perm/dnk8355/paper2026/netcdf_daily_1april2024_31march2026/METOP-B_20240701_TUP_CLD.nc
Saved: /perm/dnk8355/paper2026/netcdf_daily_1april2024_31march2026/METOP-B_20240701_FG_DEP.nc
Saved: /perm/dnk8355/paper2026/netcdf_daily_1april2024_31march2026/METOP-B_20240701_AN_DEP.nc
Saved summary: /perm/dnk8355/paper2026/netcdf_daily_1april2024_31march2026/METOP-C_20240701_summary.txt
Saved: /perm/dnk8355/paper2026/netcdf_daily_1april2024_31march2026/METOP-C_20240701_OBSVALUE.nc
Saved: /perm/dnk8355/paper2026/netcdf_daily_1april2024_31march2026/METOP-C_20240701_EMIS_WATER.nc
Saved: /perm/dnk8355/paper2026/netcdf_daily_1april2024_31march2026/METOP-C_20240701_TAUSFC.nc
Saved: /perm/dnk8355/paper2026/netcdf_daily_1april2024_31march2026/METOP-C_20240701_TDOWN.nc
Saved: /perm/dnk8355/paper2026/netcdf_daily_1april2024_31march2026/METOP-C_20240701_TUP.nc
Saved: /perm/dnk8355/paper2026/netcdf_daily_1april2024_31march2026/METOP-C_20240701_TAUSFC_CLD.nc
Saved: /perm/dnk8355/paper2026/netcdf_daily_1april2024_31march2026/METOP-C_20240701_TDOWN_CLD.nc
Saved: /perm/dnk8355/paper2026/netcdf_daily_1april2024_31march2026/METOP-C_20240701_TUP_CLD.nc
Saved: /perm/dnk8355/paper2026/netcdf_daily_1april2024_31march2026/METOP-C_20240701_FG_DEP.nc
Saved: /perm/dnk8355/paper2026/netcdf_daily_1april2024_31march2026/METOP-C_20240701_AN_DEP.nc
[445381] Saved daily NetCDFs for amsua_ofb_lwda_20240701_NH_SH_variables_filtered_lsm_lower02.odb
Saved summary: /perm/dnk8355/paper2026/netcdf_daily_1april2024_31march2026/METOP-B_20241117_summary.txt
Saved: /perm/dnk8355/paper2026/netcdf_daily_1april2024_31march2026/METOP-B_20241117_OBSVALUE.nc
Saved: /perm/dnk8355/paper2026/netcdf_daily_1april2024_31march2026/METOP-B_20241117_EMIS_WATER.nc
Saved: /perm/dnk8355/paper2026/netcdf_daily_1april2024_31march2026/METOP-B_20241117_TAUSFC.nc
Saved: /perm/dnk8355/paper2026/netcdf_daily_1april2024_31march2026/METOP-B_20241117_TDOWN.nc
Saved: /perm/dnk8355/paper2026/netcdf_daily_1april2024_31march2026/METOP-B_20241117_TUP.nc
Saved: /perm/dnk8355/paper2026/netcdf_daily_1april2024_31march2026/METOP-B_20241117_TAUSFC_CLD.nc
Saved: /perm/dnk8355/paper2026/netcdf_daily_1april2024_31march2026/METOP-B_20241117_TDOWN_CLD.nc
Saved: /perm/dnk8355/paper2026/netcdf_daily_1april2024_31march2026/METOP-B_20241117_TUP_CLD.nc
Saved: /perm/dnk8355/paper2026/netcdf_daily_1april2024_31march2026/METOP-B_20241117_FG_DEP.nc
Saved: /perm/dnk8355/paper2026/netcdf_daily_1april2024_31march2026/METOP-B_20241117_AN_DEP.nc
Saved summary: /perm/dnk8355/paper2026/netcdf_daily_1april2024_31march2026/METOP-C_20241117_summary.txt
Saved: /perm/dnk8355/paper2026/netcdf_daily_1april2024_31march2026/METOP-C_20241117_OBSVALUE.nc
Saved: /perm/dnk8355/paper2026/netcdf_daily_1april2024_31march2026/METOP-C_20241117_EMIS_WATER.nc
Saved: /perm/dnk8355/paper2026/netcdf_daily_1april2024_31march2026/METOP-C_20241117_TAUSFC.nc
Saved: /perm/dnk8355/paper2026/netcdf_daily_1april2024_31march2026/METOP-C_20241117_TDOWN.nc
Saved: /perm/dnk8355/paper2026/netcdf_daily_1april2024_31march2026/METOP-C_20241117_TUP.nc
Saved: /perm/dnk8355/paper2026/netcdf_daily_1april2024_31march2026/METOP-C_20241117_TAUSFC_CLD.nc
Saved: /perm/dnk8355/paper2026/netcdf_daily_1april2024_31march2026/METOP-C_20241117_TDOWN_CLD.nc
Saved: /perm/dnk8355/paper2026/netcdf_daily_1april2024_31march2026/METOP-C_20241117_TUP_CLD.nc
Saved: /perm/dnk8355/paper2026/netcdf_daily_1april2024_31march2026/METOP-C_20241117_FG_DEP.nc
Saved: /perm/dnk8355/paper2026/netcdf_daily_1april2024_31march2026/METOP-C_20241117_AN_DEP.nc
[445381] Saved daily NetCDFs for amsua_ofb_lwda_20241117_NH_SH_variables_filtered_lsm_lower02.odb
Saved summary: /perm/dnk8355/paper2026/netcdf_daily_1april2024_31march2026/METOP-B_20241118_summary.txt
Saved: /perm/dnk8355/paper2026/netcdf_daily_1april2024_31march2026/METOP-B_20241118_OBSVALUE.nc
Saved: /perm/dnk8355/paper2026/netcdf_daily_1april2024_31march2026/METOP-B_20241118_EMIS_WATER.nc
Saved: /perm/dnk8355/paper2026/netcdf_daily_1april2024_31march2026/METOP-B_20241118_TAUSFC.nc
Saved: /perm/dnk8355/paper2026/netcdf_daily_1april2024_31march2026/METOP-B_20241118_TDOWN.nc
Saved: /perm/dnk8355/paper2026/netcdf_daily_1april2024_31march2026/METOP-B_20241118_TUP.nc
Saved: /perm/dnk8355/paper2026/netcdf_daily_1april2024_31march2026/METOP-B_20241118_TAUSFC_CLD.nc
Saved: /perm/dnk8355/paper2026/netcdf_daily_1april2024_31march2026/METOP-B_20241118_TDOWN_CLD.nc
Saved: /perm/dnk8355/paper2026/netcdf_daily_1april2024_31march2026/METOP-B_20241118_TUP_CLD.nc
Saved: /perm/dnk8355/paper2026/netcdf_daily_1april2024_31march2026/METOP-B_20241118_FG_DEP.nc
Saved: /perm/dnk8355/paper2026/netcdf_daily_1april2024_31march2026/METOP-B_20241118_AN_DEP.nc
Saved summary: /perm/dnk8355/paper2026/netcdf_daily_1april2024_31march2026/METOP-C_20241118_summary.txt
Saved: /perm/dnk8355/paper2026/netcdf_daily_1april2024_31march2026/METOP-C_20241118_OBSVALUE.nc
Saved: /perm/dnk8355/paper2026/netcdf_daily_1april2024_31march2026/METOP-C_20241118_EMIS_WATER.nc
Saved: /perm/dnk8355/paper2026/netcdf_daily_1april2024_31march2026/METOP-C_20241118_TAUSFC.nc
Saved: /perm/dnk8355/paper2026/netcdf_daily_1april2024_31march2026/METOP-C_20241118_TDOWN.nc
Saved: /perm/dnk8355/paper2026/netcdf_daily_1april2024_31march2026/METOP-C_20241118_TUP.nc
Saved: /perm/dnk8355/paper2026/netcdf_daily_1april2024_31march2026/METOP-C_20241118_TAUSFC_CLD.nc
Saved: /perm/dnk8355/paper2026/netcdf_daily_1april2024_31march2026/METOP-C_20241118_TDOWN_CLD.nc
Saved: /perm/dnk8355/paper2026/netcdf_daily_1april2024_31march2026/METOP-C_20241118_TUP_CLD.nc
Saved: /perm/dnk8355/paper2026/netcdf_daily_1april2024_31march2026/METOP-C_20241118_FG_DEP.nc
Saved: /perm/dnk8355/paper2026/netcdf_daily_1april2024_31march2026/METOP-C_20241118_AN_DEP.nc
[445381] Saved daily NetCDFs for amsua_ofb_lwda_20241118_NH_SH_variables_filtered_lsm_lower02.odb
Saved summary: /perm/dnk8355/paper2026/netcdf_daily_1april2024_31march2026/METOP-B_20241119_summary.txt
Saved: /perm/dnk8355/paper2026/netcdf_daily_1april2024_31march2026/METOP-B_20241119_OBSVALUE.nc
Saved: /perm/dnk8355/paper2026/netcdf_daily_1april2024_31march2026/METOP-B_20241119_EMIS_WATER.nc
Saved: /perm/dnk8355/paper2026/netcdf_daily_1april2024_31march2026/METOP-B_20241119_TAUSFC.nc
Saved: /perm/dnk8355/paper2026/netcdf_daily_1april2024_31march2026/METOP-B_20241119_TDOWN.nc
Saved: /perm/dnk8355/paper2026/netcdf_daily_1april2024_31march2026/METOP-B_20241119_TUP.nc
Saved: /perm/dnk8355/paper2026/netcdf_daily_1april2024_31march2026/METOP-B_20241119_TAUSFC_CLD.nc
Saved: /perm/dnk8355/paper2026/netcdf_daily_1april2024_31march2026/METOP-B_20241119_TDOWN_CLD.nc
Saved: /perm/dnk8355/paper2026/netcdf_daily_1april2024_31march2026/METOP-B_20241119_TUP_CLD.nc
Saved: /perm/dnk8355/paper2026/netcdf_daily_1april2024_31march2026/METOP-B_20241119_FG_DEP.nc
Saved: /perm/dnk8355/paper2026/netcdf_daily_1april2024_31march2026/METOP-B_20241119_AN_DEP.nc
Saved summary: /perm/dnk8355/paper2026/netcdf_daily_1april2024_31march2026/METOP-C_20241119_summary.txt
Saved: /perm/dnk8355/paper2026/netcdf_daily_1april2024_31march2026/METOP-C_20241119_OBSVALUE.nc
Saved: /perm/dnk8355/paper2026/netcdf_daily_1april2024_31march2026/METOP-C_20241119_EMIS_WATER.nc
Saved: /perm/dnk8355/paper2026/netcdf_daily_1april2024_31march2026/METOP-C_20241119_TAUSFC.nc
Saved: /perm/dnk8355/paper2026/netcdf_daily_1april2024_31march2026/METOP-C_20241119_TDOWN.nc
Saved: /perm/dnk8355/paper2026/netcdf_daily_1april2024_31march2026/METOP-C_20241119_TUP.nc
Saved: /perm/dnk8355/paper2026/netcdf_daily_1april2024_31march2026/METOP-C_20241119_TAUSFC_CLD.nc
Saved: /perm/dnk8355/paper2026/netcdf_daily_1april2024_31march2026/METOP-C_20241119_TDOWN_CLD.nc
Saved: /perm/dnk8355/paper2026/netcdf_daily_1april2024_31march2026/METOP-C_20241119_TUP_CLD.nc
Saved: /perm/dnk8355/paper2026/netcdf_daily_1april2024_31march2026/METOP-C_20241119_FG_DEP.nc
Saved: /perm/dnk8355/paper2026/netcdf_daily_1april2024_31march2026/METOP-C_20241119_AN_DEP.nc
[445381] Saved daily NetCDFs for amsua_ofb_lwda_20241119_NH_SH_variables_filtered_lsm_lower02.odb
Saved summary: /perm/dnk8355/paper2026/netcdf_daily_1april2024_31march2026/METOP-B_20241120_summary.txt
Saved: /perm/dnk8355/paper2026/netcdf_daily_1april2024_31march2026/METOP-B_20241120_OBSVALUE.nc
Saved: /perm/dnk8355/paper2026/netcdf_daily_1april2024_31march2026/METOP-B_20241120_EMIS_WATER.nc
Saved: /perm/dnk8355/paper2026/netcdf_daily_1april2024_31march2026/METOP-B_20241120_TAUSFC.nc
Saved: /perm/dnk8355/paper2026/netcdf_daily_1april2024_31march2026/METOP-B_20241120_TDOWN.nc
Saved: /perm/dnk8355/paper2026/netcdf_daily_1april2024_31march2026/METOP-B_20241120_TUP.nc
Saved: /perm/dnk8355/paper2026/netcdf_daily_1april2024_31march2026/METOP-B_20241120_TAUSFC_CLD.nc
Saved: /perm/dnk8355/paper2026/netcdf_daily_1april2024_31march2026/METOP-B_20241120_TDOWN_CLD.nc
Saved: /perm/dnk8355/paper2026/netcdf_daily_1april2024_31march2026/METOP-B_20241120_TUP_CLD.nc
Saved: /perm/dnk8355/paper2026/netcdf_daily_1april2024_31march2026/METOP-B_20241120_FG_DEP.nc
Saved: /perm/dnk8355/paper2026/netcdf_daily_1april2024_31march2026/METOP-B_20241120_AN_DEP.nc
Saved summary: /perm/dnk8355/paper2026/netcdf_daily_1april2024_31march2026/METOP-C_20241120_summary.txt
Saved: /perm/dnk8355/paper2026/netcdf_daily_1april2024_31march2026/METOP-C_20241120_OBSVALUE.nc
Saved: /perm/dnk8355/paper2026/netcdf_daily_1april2024_31march2026/METOP-C_20241120_EMIS_WATER.nc
Saved: /perm/dnk8355/paper2026/netcdf_daily_1april2024_31march2026/METOP-C_20241120_TAUSFC.nc
Saved: /perm/dnk8355/paper2026/netcdf_daily_1april2024_31march2026/METOP-C_20241120_TDOWN.nc
Saved: /perm/dnk8355/paper2026/netcdf_daily_1april2024_31march2026/METOP-C_20241120_TUP.nc
Saved: /perm/dnk8355/paper2026/netcdf_daily_1april2024_31march2026/METOP-C_20241120_TAUSFC_CLD.nc
Saved: /perm/dnk8355/paper2026/netcdf_daily_1april2024_31march2026/METOP-C_20241120_TDOWN_CLD.nc
Saved: /perm/dnk8355/paper2026/netcdf_daily_1april2024_31march2026/METOP-C_20241120_TUP_CLD.nc
Saved: /perm/dnk8355/paper2026/netcdf_daily_1april2024_31march2026/METOP-C_20241120_FG_DEP.nc
Saved: /perm/dnk8355/paper2026/netcdf_daily_1april2024_31march2026/METOP-C_20241120_AN_DEP.nc
[445381] Saved daily NetCDFs for amsua_ofb_lwda_20241120_NH_SH_variables_filtered_lsm_lower02.odb
Saved summary: /perm/dnk8355/paper2026/netcdf_daily_1april2024_31march2026/METOP-B_20241121_summary.txt
Saved: /perm/dnk8355/paper2026/netcdf_daily_1april2024_31march2026/METOP-B_20241121_OBSVALUE.nc
Saved: /perm/dnk8355/paper2026/netcdf_daily_1april2024_31march2026/METOP-B_20241121_EMIS_WATER.nc
Saved: /perm/dnk8355/paper2026/netcdf_daily_1april2024_31march2026/METOP-B_20241121_TAUSFC.nc
Saved: /perm/dnk8355/paper2026/netcdf_daily_1april2024_31march2026/METOP-B_20241121_TDOWN.nc
Saved: /perm/dnk8355/paper2026/netcdf_daily_1april2024_31march2026/METOP-B_20241121_TUP.nc
Saved: /perm/dnk8355/paper2026/netcdf_daily_1april2024_31march2026/METOP-B_20241121_TAUSFC_CLD.nc
Saved: /perm/dnk8355/paper2026/netcdf_daily_1april2024_31march2026/METOP-B_20241121_TDOWN_CLD.nc
Saved: /perm/dnk8355/paper2026/netcdf_daily_1april2024_31march2026/METOP-B_20241121_TUP_CLD.nc
Saved: /perm/dnk8355/paper2026/netcdf_daily_1april2024_31march2026/METOP-B_20241121_FG_DEP.nc
Saved: /perm/dnk8355/paper2026/netcdf_daily_1april2024_31march2026/METOP-B_20241121_AN_DEP.nc
Saved summary: /perm/dnk8355/paper2026/netcdf_daily_1april2024_31march2026/METOP-C_20241121_summary.txt
Saved: /perm/dnk8355/paper2026/netcdf_daily_1april2024_31march2026/METOP-C_20241121_OBSVALUE.nc
Saved: /perm/dnk8355/paper2026/netcdf_daily_1april2024_31march2026/METOP-C_20241121_EMIS_WATER.nc
Saved: /perm/dnk8355/paper2026/netcdf_daily_1april2024_31march2026/METOP-C_20241121_TAUSFC.nc
Saved: /perm/dnk8355/paper2026/netcdf_daily_1april2024_31march2026/METOP-C_20241121_TDOWN.nc
Saved: /perm/dnk8355/paper2026/netcdf_daily_1april2024_31march2026/METOP-C_20241121_TUP.nc
Saved: /perm/dnk8355/paper2026/netcdf_daily_1april2024_31march2026/METOP-C_20241121_TAUSFC_CLD.nc
Saved: /perm/dnk8355/paper2026/netcdf_daily_1april2024_31march2026/METOP-C_20241121_TDOWN_CLD.nc
Saved: /perm/dnk8355/paper2026/netcdf_daily_1april2024_31march2026/METOP-C_20241121_TUP_CLD.nc
Saved: /perm/dnk8355/paper2026/netcdf_daily_1april2024_31march2026/METOP-C_20241121_FG_DEP.nc
Saved: /perm/dnk8355/paper2026/netcdf_daily_1april2024_31march2026/METOP-C_20241121_AN_DEP.nc
[445381] Saved daily NetCDFs for amsua_ofb_lwda_20241121_NH_SH_variables_filtered_lsm_lower02.odb
Saved summary: /perm/dnk8355/paper2026/netcdf_daily_1april2024_31march2026/METOP-B_20241122_summary.txt
Saved: /perm/dnk8355/paper2026/netcdf_daily_1april2024_31march2026/METOP-B_20241122_OBSVALUE.nc
Saved: /perm/dnk8355/paper2026/netcdf_daily_1april2024_31march2026/METOP-B_20241122_EMIS_WATER.nc
Saved: /perm/dnk8355/paper2026/netcdf_daily_1april2024_31march2026/METOP-B_20241122_TAUSFC.nc
Saved: /perm/dnk8355/paper2026/netcdf_daily_1april2024_31march2026/METOP-B_20241122_TDOWN.nc
Saved: /perm/dnk8355/paper2026/netcdf_daily_1april2024_31march2026/METOP-B_20241122_TUP.nc
Saved: /perm/dnk8355/paper2026/netcdf_daily_1april2024_31march2026/METOP-B_20241122_TAUSFC_CLD.nc
Saved: /perm/dnk8355/paper2026/netcdf_daily_1april2024_31march2026/METOP-B_20241122_TDOWN_CLD.nc
Saved: /perm/dnk8355/paper2026/netcdf_daily_1april2024_31march2026/METOP-B_20241122_TUP_CLD.nc
Saved: /perm/dnk8355/paper2026/netcdf_daily_1april2024_31march2026/METOP-B_20241122_FG_DEP.nc
Saved: /perm/dnk8355/paper2026/netcdf_daily_1april2024_31march2026/METOP-B_20241122_AN_DEP.nc
Saved summary: /perm/dnk8355/paper2026/netcdf_daily_1april2024_31march2026/METOP-C_20241122_summary.txt
Saved: /perm/dnk8355/paper2026/netcdf_daily_1april2024_31march2026/METOP-C_20241122_OBSVALUE.nc
Saved: /perm/dnk8355/paper2026/netcdf_daily_1april2024_31march2026/METOP-C_20241122_EMIS_WATER.nc
Saved: /perm/dnk8355/paper2026/netcdf_daily_1april2024_31march2026/METOP-C_20241122_TAUSFC.nc
Saved: /perm/dnk8355/paper2026/netcdf_daily_1april2024_31march2026/METOP-C_20241122_TDOWN.nc
Saved: /perm/dnk8355/paper2026/netcdf_daily_1april2024_31march2026/METOP-C_20241122_TUP.nc
Saved: /perm/dnk8355/paper2026/netcdf_daily_1april2024_31march2026/METOP-C_20241122_TAUSFC_CLD.nc
Saved: /perm/dnk8355/paper2026/netcdf_daily_1april2024_31march2026/METOP-C_20241122_TDOWN_CLD.nc
Saved: /perm/dnk8355/paper2026/netcdf_daily_1april2024_31march2026/METOP-C_20241122_TUP_CLD.nc
Saved: /perm/dnk8355/paper2026/netcdf_daily_1april2024_31march2026/METOP-C_20241122_FG_DEP.nc
Saved: /perm/dnk8355/paper2026/netcdf_daily_1april2024_31march2026/METOP-C_20241122_AN_DEP.nc
[445381] Saved daily NetCDFs for amsua_ofb_lwda_20241122_NH_SH_variables_filtered_lsm_lower02.odb
Saved summary: /perm/dnk8355/paper2026/netcdf_daily_1april2024_31march2026/METOP-B_20241123_summary.txt
Saved: /perm/dnk8355/paper2026/netcdf_daily_1april2024_31march2026/METOP-B_20241123_OBSVALUE.nc
Saved: /perm/dnk8355/paper2026/netcdf_daily_1april2024_31march2026/METOP-B_20241123_EMIS_WATER.nc
Saved: /perm/dnk8355/paper2026/netcdf_daily_1april2024_31march2026/METOP-B_20241123_TAUSFC.nc
Saved: /perm/dnk8355/paper2026/netcdf_daily_1april2024_31march2026/METOP-B_20241123_TDOWN.nc
Saved: /perm/dnk8355/paper2026/netcdf_daily_1april2024_31march2026/METOP-B_20241123_TUP.nc
Saved: /perm/dnk8355/paper2026/netcdf_daily_1april2024_31march2026/METOP-B_20241123_TAUSFC_CLD.nc
Saved: /perm/dnk8355/paper2026/netcdf_daily_1april2024_31march2026/METOP-B_20241123_TDOWN_CLD.nc
Saved: /perm/dnk8355/paper2026/netcdf_daily_1april2024_31march2026/METOP-B_20241123_TUP_CLD.nc
Saved: /perm/dnk8355/paper2026/netcdf_daily_1april2024_31march2026/METOP-B_20241123_FG_DEP.nc
Saved: /perm/dnk8355/paper2026/netcdf_daily_1april2024_31march2026/METOP-B_20241123_AN_DEP.nc
Saved summary: /perm/dnk8355/paper2026/netcdf_daily_1april2024_31march2026/METOP-C_20241123_summary.txt
Saved: /perm/dnk8355/paper2026/netcdf_daily_1april2024_31march2026/METOP-C_20241123_OBSVALUE.nc
Saved: /perm/dnk8355/paper2026/netcdf_daily_1april2024_31march2026/METOP-C_20241123_EMIS_WATER.nc
Saved: /perm/dnk8355/paper2026/netcdf_daily_1april2024_31march2026/METOP-C_20241123_TAUSFC.nc
Saved: /perm/dnk8355/paper2026/netcdf_daily_1april2024_31march2026/METOP-C_20241123_TDOWN.nc
Saved: /perm/dnk8355/paper2026/netcdf_daily_1april2024_31march2026/METOP-C_20241123_TUP.nc
Saved: /perm/dnk8355/paper2026/netcdf_daily_1april2024_31march2026/METOP-C_20241123_TAUSFC_CLD.nc
Saved: /perm/dnk8355/paper2026/netcdf_daily_1april2024_31march2026/METOP-C_20241123_TDOWN_CLD.nc
Saved: /perm/dnk8355/paper2026/netcdf_daily_1april2024_31march2026/METOP-C_20241123_TUP_CLD.nc
Saved: /perm/dnk8355/paper2026/netcdf_daily_1april2024_31march2026/METOP-C_20241123_FG_DEP.nc
Saved: /perm/dnk8355/paper2026/netcdf_daily_1april2024_31march2026/METOP-C_20241123_AN_DEP.nc
[445381] Saved daily NetCDFs for amsua_ofb_lwda_20241123_NH_SH_variables_filtered_lsm_lower02.odb
Saved summary: /perm/dnk8355/paper2026/netcdf_daily_1april2024_31march2026/METOP-B_20241124_summary.txt
Saved: /perm/dnk8355/paper2026/netcdf_daily_1april2024_31march2026/METOP-B_20241124_OBSVALUE.nc
Saved: /perm/dnk8355/paper2026/netcdf_daily_1april2024_31march2026/METOP-B_20241124_EMIS_WATER.nc
Saved: /perm/dnk8355/paper2026/netcdf_daily_1april2024_31march2026/METOP-B_20241124_TAUSFC.nc
Saved: /perm/dnk8355/paper2026/netcdf_daily_1april2024_31march2026/METOP-B_20241124_TDOWN.nc
Saved: /perm/dnk8355/paper2026/netcdf_daily_1april2024_31march2026/METOP-B_20241124_TUP.nc
Saved: /perm/dnk8355/paper2026/netcdf_daily_1april2024_31march2026/METOP-B_20241124_TAUSFC_CLD.nc
Saved: /perm/dnk8355/paper2026/netcdf_daily_1april2024_31march2026/METOP-B_20241124_TDOWN_CLD.nc
Saved: /perm/dnk8355/paper2026/netcdf_daily_1april2024_31march2026/METOP-B_20241124_TUP_CLD.nc
Saved: /perm/dnk8355/paper2026/netcdf_daily_1april2024_31march2026/METOP-B_20241124_FG_DEP.nc
Saved: /perm/dnk8355/paper2026/netcdf_daily_1april2024_31march2026/METOP-B_20241124_AN_DEP.nc
Saved summary: /perm/dnk8355/paper2026/netcdf_daily_1april2024_31march2026/METOP-C_20241124_summary.txt
Saved: /perm/dnk8355/paper2026/netcdf_daily_1april2024_31march2026/METOP-C_20241124_OBSVALUE.nc
Saved: /perm/dnk8355/paper2026/netcdf_daily_1april2024_31march2026/METOP-C_20241124_EMIS_WATER.nc
Saved: /perm/dnk8355/paper2026/netcdf_daily_1april2024_31march2026/METOP-C_20241124_TAUSFC.nc
Saved: /perm/dnk8355/paper2026/netcdf_daily_1april2024_31march2026/METOP-C_20241124_TDOWN.nc
Saved: /perm/dnk8355/paper2026/netcdf_daily_1april2024_31march2026/METOP-C_20241124_TUP.nc
Saved: /perm/dnk8355/paper2026/netcdf_daily_1april2024_31march2026/METOP-C_20241124_TAUSFC_CLD.nc
Saved: /perm/dnk8355/paper2026/netcdf_daily_1april2024_31march2026/METOP-C_20241124_TDOWN_CLD.nc
Saved: /perm/dnk8355/paper2026/netcdf_daily_1april2024_31march2026/METOP-C_20241124_TUP_CLD.nc
Saved: /perm/dnk8355/paper2026/netcdf_daily_1april2024_31march2026/METOP-C_20241124_FG_DEP.nc
Saved: /perm/dnk8355/paper2026/netcdf_daily_1april2024_31march2026/METOP-C_20241124_AN_DEP.nc
[445381] Saved daily NetCDFs for amsua_ofb_lwda_20241124_NH_SH_variables_filtered_lsm_lower02.odb
Saved summary: /perm/dnk8355/paper2026/netcdf_daily_1april2024_31march2026/METOP-B_20241125_summary.txt
Saved: /perm/dnk8355/paper2026/netcdf_daily_1april2024_31march2026/METOP-B_20241125_OBSVALUE.nc
Saved: /perm/dnk8355/paper2026/netcdf_daily_1april2024_31march2026/METOP-B_20241125_EMIS_WATER.nc
Saved: /perm/dnk8355/paper2026/netcdf_daily_1april2024_31march2026/METOP-B_20241125_TAUSFC.nc
Saved: /perm/dnk8355/paper2026/netcdf_daily_1april2024_31march2026/METOP-B_20241125_TDOWN.nc
Saved: /perm/dnk8355/paper2026/netcdf_daily_1april2024_31march2026/METOP-B_20241125_TUP.nc
Saved: /perm/dnk8355/paper2026/netcdf_daily_1april2024_31march2026/METOP-B_20241125_TAUSFC_CLD.nc
Saved: /perm/dnk8355/paper2026/netcdf_daily_1april2024_31march2026/METOP-B_20241125_TDOWN_CLD.nc
Saved: /perm/dnk8355/paper2026/netcdf_daily_1april2024_31march2026/METOP-B_20241125_TUP_CLD.nc
Saved: /perm/dnk8355/paper2026/netcdf_daily_1april2024_31march2026/METOP-B_20241125_FG_DEP.nc
Saved: /perm/dnk8355/paper2026/netcdf_daily_1april2024_31march2026/METOP-B_20241125_AN_DEP.nc
Saved summary: /perm/dnk8355/paper2026/netcdf_daily_1april2024_31march2026/METOP-C_20241125_summary.txt
Saved: /perm/dnk8355/paper2026/netcdf_daily_1april2024_31march2026/METOP-C_20241125_OBSVALUE.nc
Saved: /perm/dnk8355/paper2026/netcdf_daily_1april2024_31march2026/METOP-C_20241125_EMIS_WATER.nc
Saved: /perm/dnk8355/paper2026/netcdf_daily_1april2024_31march2026/METOP-C_20241125_TAUSFC.nc
Saved: /perm/dnk8355/paper2026/netcdf_daily_1april2024_31march2026/METOP-C_20241125_TDOWN.nc
Saved: /perm/dnk8355/paper2026/netcdf_daily_1april2024_31march2026/METOP-C_20241125_TUP.nc
Saved: /perm/dnk8355/paper2026/netcdf_daily_1april2024_31march2026/METOP-C_20241125_TAUSFC_CLD.nc
Saved: /perm/dnk8355/paper2026/netcdf_daily_1april2024_31march2026/METOP-C_20241125_TDOWN_CLD.nc
Saved: /perm/dnk8355/paper2026/netcdf_daily_1april2024_31march2026/METOP-C_20241125_TUP_CLD.nc
Saved: /perm/dnk8355/paper2026/netcdf_daily_1april2024_31march2026/METOP-C_20241125_FG_DEP.nc
Saved: /perm/dnk8355/paper2026/netcdf_daily_1april2024_31march2026/METOP-C_20241125_AN_DEP.nc
[445381] Saved daily NetCDFs for amsua_ofb_lwda_20241125_NH_SH_variables_filtered_lsm_lower02.odb
Saved summary: /perm/dnk8355/paper2026/netcdf_daily_1april2024_31march2026/METOP-B_20241126_summary.txt
Saved: /perm/dnk8355/paper2026/netcdf_daily_1april2024_31march2026/METOP-B_20241126_OBSVALUE.nc
Saved: /perm/dnk8355/paper2026/netcdf_daily_1april2024_31march2026/METOP-B_20241126_EMIS_WATER.nc
Saved: /perm/dnk8355/paper2026/netcdf_daily_1april2024_31march2026/METOP-B_20241126_TAUSFC.nc
Saved: /perm/dnk8355/paper2026/netcdf_daily_1april2024_31march2026/METOP-B_20241126_TDOWN.nc
Saved: /perm/dnk8355/paper2026/netcdf_daily_1april2024_31march2026/METOP-B_20241126_TUP.nc
Saved: /perm/dnk8355/paper2026/netcdf_daily_1april2024_31march2026/METOP-B_20241126_TAUSFC_CLD.nc
Saved: /perm/dnk8355/paper2026/netcdf_daily_1april2024_31march2026/METOP-B_20241126_TDOWN_CLD.nc
Saved: /perm/dnk8355/paper2026/netcdf_daily_1april2024_31march2026/METOP-B_20241126_TUP_CLD.nc
Saved: /perm/dnk8355/paper2026/netcdf_daily_1april2024_31march2026/METOP-B_20241126_FG_DEP.nc
Saved: /perm/dnk8355/paper2026/netcdf_daily_1april2024_31march2026/METOP-B_20241126_AN_DEP.nc
Saved summary: /perm/dnk8355/paper2026/netcdf_daily_1april2024_31march2026/METOP-C_20241126_summary.txt
Saved: /perm/dnk8355/paper2026/netcdf_daily_1april2024_31march2026/METOP-C_20241126_OBSVALUE.nc
Saved: /perm/dnk8355/paper2026/netcdf_daily_1april2024_31march2026/METOP-C_20241126_EMIS_WATER.nc
Saved: /perm/dnk8355/paper2026/netcdf_daily_1april2024_31march2026/METOP-C_20241126_TAUSFC.nc
Saved: /perm/dnk8355/paper2026/netcdf_daily_1april2024_31march2026/METOP-C_20241126_TDOWN.nc
Saved: /perm/dnk8355/paper2026/netcdf_daily_1april2024_31march2026/METOP-C_20241126_TUP.nc
Saved: /perm/dnk8355/paper2026/netcdf_daily_1april2024_31march2026/METOP-C_20241126_TAUSFC_CLD.nc
Saved: /perm/dnk8355/paper2026/netcdf_daily_1april2024_31march2026/METOP-C_20241126_TDOWN_CLD.nc
Saved: /perm/dnk8355/paper2026/netcdf_daily_1april2024_31march2026/METOP-C_20241126_TUP_CLD.nc
Saved: /perm/dnk8355/paper2026/netcdf_daily_1april2024_31march2026/METOP-C_20241126_FG_DEP.nc
Saved: /perm/dnk8355/paper2026/netcdf_daily_1april2024_31march2026/METOP-C_20241126_AN_DEP.nc
[445381] Saved daily NetCDFs for amsua_ofb_lwda_20241126_NH_SH_variables_filtered_lsm_lower02.odb
Saved summary: /perm/dnk8355/paper2026/netcdf_daily_1april2024_31march2026/METOP-B_20241127_summary.txt
Saved: /perm/dnk8355/paper2026/netcdf_daily_1april2024_31march2026/METOP-B_20241127_OBSVALUE.nc
Saved: /perm/dnk8355/paper2026/netcdf_daily_1april2024_31march2026/METOP-B_20241127_EMIS_WATER.nc
Saved: /perm/dnk8355/paper2026/netcdf_daily_1april2024_31march2026/METOP-B_20241127_TAUSFC.nc
Saved: /perm/dnk8355/paper2026/netcdf_daily_1april2024_31march2026/METOP-B_20241127_TDOWN.nc
Saved: /perm/dnk8355/paper2026/netcdf_daily_1april2024_31march2026/METOP-B_20241127_TUP.nc
Saved: /perm/dnk8355/paper2026/netcdf_daily_1april2024_31march2026/METOP-B_20241127_TAUSFC_CLD.nc
Saved: /perm/dnk8355/paper2026/netcdf_daily_1april2024_31march2026/METOP-B_20241127_TDOWN_CLD.nc
Saved: /perm/dnk8355/paper2026/netcdf_daily_1april2024_31march2026/METOP-B_20241127_TUP_CLD.nc
Saved: /perm/dnk8355/paper2026/netcdf_daily_1april2024_31march2026/METOP-B_20241127_FG_DEP.nc
Saved: /perm/dnk8355/paper2026/netcdf_daily_1april2024_31march2026/METOP-B_20241127_AN_DEP.nc
Saved summary: /perm/dnk8355/paper2026/netcdf_daily_1april2024_31march2026/METOP-C_20241127_summary.txt
Saved: /perm/dnk8355/paper2026/netcdf_daily_1april2024_31march2026/METOP-C_20241127_OBSVALUE.nc
Saved: /perm/dnk8355/paper2026/netcdf_daily_1april2024_31march2026/METOP-C_20241127_EMIS_WATER.nc
Saved: /perm/dnk8355/paper2026/netcdf_daily_1april2024_31march2026/METOP-C_20241127_TAUSFC.nc
Saved: /perm/dnk8355/paper2026/netcdf_daily_1april2024_31march2026/METOP-C_20241127_TDOWN.nc
Saved: /perm/dnk8355/paper2026/netcdf_daily_1april2024_31march2026/METOP-C_20241127_TUP.nc
Saved: /perm/dnk8355/paper2026/netcdf_daily_1april2024_31march2026/METOP-C_20241127_TAUSFC_CLD.nc
Saved: /perm/dnk8355/paper2026/netcdf_daily_1april2024_31march2026/METOP-C_20241127_TDOWN_CLD.nc
Saved: /perm/dnk8355/paper2026/netcdf_daily_1april2024_31march2026/METOP-C_20241127_TUP_CLD.nc
Saved: /perm/dnk8355/paper2026/netcdf_daily_1april2024_31march2026/METOP-C_20241127_FG_DEP.nc
Saved: /perm/dnk8355/paper2026/netcdf_daily_1april2024_31march2026/METOP-C_20241127_AN_DEP.nc
[445381] Saved daily NetCDFs for amsua_ofb_lwda_20241127_NH_SH_variables_filtered_lsm_lower02.odb
Saved summary: /perm/dnk8355/paper2026/netcdf_daily_1april2024_31march2026/METOP-B_20241128_summary.txt
Saved: /perm/dnk8355/paper2026/netcdf_daily_1april2024_31march2026/METOP-B_20241128_OBSVALUE.nc
Saved: /perm/dnk8355/paper2026/netcdf_daily_1april2024_31march2026/METOP-B_20241128_EMIS_WATER.nc
Saved: /perm/dnk8355/paper2026/netcdf_daily_1april2024_31march2026/METOP-B_20241128_TAUSFC.nc
Saved: /perm/dnk8355/paper2026/netcdf_daily_1april2024_31march2026/METOP-B_20241128_TDOWN.nc
Saved: /perm/dnk8355/paper2026/netcdf_daily_1april2024_31march2026/METOP-B_20241128_TUP.nc
Saved: /perm/dnk8355/paper2026/netcdf_daily_1april2024_31march2026/METOP-B_20241128_TAUSFC_CLD.nc
Saved: /perm/dnk8355/paper2026/netcdf_daily_1april2024_31march2026/METOP-B_20241128_TDOWN_CLD.nc
Saved: /perm/dnk8355/paper2026/netcdf_daily_1april2024_31march2026/METOP-B_20241128_TUP_CLD.nc
Saved: /perm/dnk8355/paper2026/netcdf_daily_1april2024_31march2026/METOP-B_20241128_FG_DEP.nc
Saved: /perm/dnk8355/paper2026/netcdf_daily_1april2024_31march2026/METOP-B_20241128_AN_DEP.nc
Saved summary: /perm/dnk8355/paper2026/netcdf_daily_1april2024_31march2026/METOP-C_20241128_summary.txt
Saved: /perm/dnk8355/paper2026/netcdf_daily_1april2024_31march2026/METOP-C_20241128_OBSVALUE.nc
Saved: /perm/dnk8355/paper2026/netcdf_daily_1april2024_31march2026/METOP-C_20241128_EMIS_WATER.nc
Saved: /perm/dnk8355/paper2026/netcdf_daily_1april2024_31march2026/METOP-C_20241128_TAUSFC.nc
Saved: /perm/dnk8355/paper2026/netcdf_daily_1april2024_31march2026/METOP-C_20241128_TDOWN.nc
Saved: /perm/dnk8355/paper2026/netcdf_daily_1april2024_31march2026/METOP-C_20241128_TUP.nc
Saved: /perm/dnk8355/paper2026/netcdf_daily_1april2024_31march2026/METOP-C_20241128_TAUSFC_CLD.nc
Saved: /perm/dnk8355/paper2026/netcdf_daily_1april2024_31march2026/METOP-C_20241128_TDOWN_CLD.nc
Saved: /perm/dnk8355/paper2026/netcdf_daily_1april2024_31march2026/METOP-C_20241128_TUP_CLD.nc
Saved: /perm/dnk8355/paper2026/netcdf_daily_1april2024_31march2026/METOP-C_20241128_FG_DEP.nc
Saved: /perm/dnk8355/paper2026/netcdf_daily_1april2024_31march2026/METOP-C_20241128_AN_DEP.nc
[445381] Saved daily NetCDFs for amsua_ofb_lwda_20241128_NH_SH_variables_filtered_lsm_lower02.odb
Saved summary: /perm/dnk8355/paper2026/netcdf_daily_1april2024_31march2026/METOP-B_20241129_summary.txt
Saved: /perm/dnk8355/paper2026/netcdf_daily_1april2024_31march2026/METOP-B_20241129_OBSVALUE.nc
Saved: /perm/dnk8355/paper2026/netcdf_daily_1april2024_31march2026/METOP-B_20241129_EMIS_WATER.nc
Saved: /perm/dnk8355/paper2026/netcdf_daily_1april2024_31march2026/METOP-B_20241129_TAUSFC.nc
Saved: /perm/dnk8355/paper2026/netcdf_daily_1april2024_31march2026/METOP-B_20241129_TDOWN.nc
Saved: /perm/dnk8355/paper2026/netcdf_daily_1april2024_31march2026/METOP-B_20241129_TUP.nc
Saved: /perm/dnk8355/paper2026/netcdf_daily_1april2024_31march2026/METOP-B_20241129_TAUSFC_CLD.nc
Saved: /perm/dnk8355/paper2026/netcdf_daily_1april2024_31march2026/METOP-B_20241129_TDOWN_CLD.nc
Saved: /perm/dnk8355/paper2026/netcdf_daily_1april2024_31march2026/METOP-B_20241129_TUP_CLD.nc
Saved: /perm/dnk8355/paper2026/netcdf_daily_1april2024_31march2026/METOP-B_20241129_FG_DEP.nc
Saved: /perm/dnk8355/paper2026/netcdf_daily_1april2024_31march2026/METOP-B_20241129_AN_DEP.nc
Saved summary: /perm/dnk8355/paper2026/netcdf_daily_1april2024_31march2026/METOP-C_20241129_summary.txt
Saved: /perm/dnk8355/paper2026/netcdf_daily_1april2024_31march2026/METOP-C_20241129_OBSVALUE.nc
Saved: /perm/dnk8355/paper2026/netcdf_daily_1april2024_31march2026/METOP-C_20241129_EMIS_WATER.nc
Saved: /perm/dnk8355/paper2026/netcdf_daily_1april2024_31march2026/METOP-C_20241129_TAUSFC.nc
Saved: /perm/dnk8355/paper2026/netcdf_daily_1april2024_31march2026/METOP-C_20241129_TDOWN.nc
Saved: /perm/dnk8355/paper2026/netcdf_daily_1april2024_31march2026/METOP-C_20241129_TUP.nc
Saved: /perm/dnk8355/paper2026/netcdf_daily_1april2024_31march2026/METOP-C_20241129_TAUSFC_CLD.nc
Saved: /perm/dnk8355/paper2026/netcdf_daily_1april2024_31march2026/METOP-C_20241129_TDOWN_CLD.nc
Saved: /perm/dnk8355/paper2026/netcdf_daily_1april2024_31march2026/METOP-C_20241129_TUP_CLD.nc
Saved: /perm/dnk8355/paper2026/netcdf_daily_1april2024_31march2026/METOP-C_20241129_FG_DEP.nc
Saved: /perm/dnk8355/paper2026/netcdf_daily_1april2024_31march2026/METOP-C_20241129_AN_DEP.nc
[445381] Saved daily NetCDFs for amsua_ofb_lwda_20241129_NH_SH_variables_filtered_lsm_lower02.odb
Saved summary: /perm/dnk8355/paper2026/netcdf_daily_1april2024_31march2026/METOP-B_20241130_summary.txt
Saved: /perm/dnk8355/paper2026/netcdf_daily_1april2024_31march2026/METOP-B_20241130_OBSVALUE.nc
Saved: /perm/dnk8355/paper2026/netcdf_daily_1april2024_31march2026/METOP-B_20241130_EMIS_WATER.nc
Saved: /perm/dnk8355/paper2026/netcdf_daily_1april2024_31march2026/METOP-B_20250115_TAUSFC.nc
Saved: /perm/dnk8355/paper2026/netcdf_daily_1april2024_31march2026/METOP-B_20250115_TDOWN.nc
Saved: /perm/dnk8355/paper2026/netcdf_daily_1april2024_31march2026/METOP-B_20250115_TUP.nc
Saved: /perm/dnk8355/paper2026/netcdf_daily_1april2024_31march2026/METOP-B_20250115_TAUSFC_CLD.nc
Saved: /perm/dnk8355/paper2026/netcdf_daily_1april2024_31march2026/METOP-B_20250115_TDOWN_CLD.nc
Saved: /perm/dnk8355/paper2026/netcdf_daily_1april2024_31march2026/METOP-B_20250115_TUP_CLD.nc
Saved: /perm/dnk8355/paper2026/netcdf_daily_1april2024_31march2026/METOP-B_20250115_FG_DEP.nc
Saved: /perm/dnk8355/paper2026/netcdf_daily_1april2024_31march2026/METOP-B_20250115_AN_DEP.nc
Saved summary: /perm/dnk8355/paper2026/netcdf_daily_1april2024_31march2026/METOP-C_20250115_summary.txt
Saved: /perm/dnk8355/paper2026/netcdf_daily_1april2024_31march2026/METOP-C_20250115_OBSVALUE.nc
Saved: /perm/dnk8355/paper2026/netcdf_daily_1april2024_31march2026/METOP-C_20250115_EMIS_WATER.nc
Saved: /perm/dnk8355/paper2026/netcdf_daily_1april2024_31march2026/METOP-C_20250115_TAUSFC.nc
Saved: /perm/dnk8355/paper2026/netcdf_daily_1april2024_31march2026/METOP-C_20250115_TDOWN.nc
Saved: /perm/dnk8355/paper2026/netcdf_daily_1april2024_31march2026/METOP-C_20250115_TUP.nc
Saved: /perm/dnk8355/paper2026/netcdf_daily_1april2024_31march2026/METOP-C_20250115_TAUSFC_CLD.nc
Saved: /perm/dnk8355/paper2026/netcdf_daily_1april2024_31march2026/METOP-C_20250115_TDOWN_CLD.nc
Saved: /perm/dnk8355/paper2026/netcdf_daily_1april2024_31march2026/METOP-C_20250115_TUP_CLD.nc
Saved: /perm/dnk8355/paper2026/netcdf_daily_1april2024_31march2026/METOP-C_20250115_FG_DEP.nc
Saved: /perm/dnk8355/paper2026/netcdf_daily_1april2024_31march2026/METOP-C_20250115_AN_DEP.nc
[445380] Saved daily NetCDFs for amsua_ofb_lwda_20250115_NH_SH_variables_filtered_lsm_lower02.odb
Saved summary: /perm/dnk8355/paper2026/netcdf_daily_1april2024_31march2026/METOP-B_20250116_summary.txt
Saved: /perm/dnk8355/paper2026/netcdf_daily_1april2024_31march2026/METOP-B_20250116_OBSVALUE.nc
Saved: /perm/dnk8355/paper2026/netcdf_daily_1april2024_31march2026/METOP-B_20250116_EMIS_WATER.nc
Saved: /perm/dnk8355/paper2026/netcdf_daily_1april2024_31march2026/METOP-B_20250116_TAUSFC.nc
Saved: /perm/dnk8355/paper2026/netcdf_daily_1april2024_31march2026/METOP-B_20250116_TDOWN.nc
Saved: /perm/dnk8355/paper2026/netcdf_daily_1april2024_31march2026/METOP-B_20250116_TUP.nc
Saved: /perm/dnk8355/paper2026/netcdf_daily_1april2024_31march2026/METOP-B_20250116_TAUSFC_CLD.nc
Saved: /perm/dnk8355/paper2026/netcdf_daily_1april2024_31march2026/METOP-B_20250116_TDOWN_CLD.nc
Saved: /perm/dnk8355/paper2026/netcdf_daily_1april2024_31march2026/METOP-B_20250116_TUP_CLD.nc
Saved: /perm/dnk8355/paper2026/netcdf_daily_1april2024_31march2026/METOP-B_20250116_FG_DEP.nc
Saved: /perm/dnk8355/paper2026/netcdf_daily_1april2024_31march2026/METOP-B_20250116_AN_DEP.nc
Saved summary: /perm/dnk8355/paper2026/netcdf_daily_1april2024_31march2026/METOP-C_20250116_summary.txt
Saved: /perm/dnk8355/paper2026/netcdf_daily_1april2024_31march2026/METOP-C_20250116_OBSVALUE.nc
Saved: /perm/dnk8355/paper2026/netcdf_daily_1april2024_31march2026/METOP-C_20250116_EMIS_WATER.nc
Saved: /perm/dnk8355/paper2026/netcdf_daily_1april2024_31march2026/METOP-C_20250116_TAUSFC.nc
Saved: /perm/dnk8355/paper2026/netcdf_daily_1april2024_31march2026/METOP-C_20250116_TDOWN.nc
Saved: /perm/dnk8355/paper2026/netcdf_daily_1april2024_31march2026/METOP-C_20250116_TUP.nc
Saved: /perm/dnk8355/paper2026/netcdf_daily_1april2024_31march2026/METOP-C_20250116_TAUSFC_CLD.nc
Saved: /perm/dnk8355/paper2026/netcdf_daily_1april2024_31march2026/METOP-C_20250116_TDOWN_CLD.nc
Saved: /perm/dnk8355/paper2026/netcdf_daily_1april2024_31march2026/METOP-C_20250116_TUP_CLD.nc
Saved: /perm/dnk8355/paper2026/netcdf_daily_1april2024_31march2026/METOP-C_20250116_FG_DEP.nc
Saved: /perm/dnk8355/paper2026/netcdf_daily_1april2024_31march2026/METOP-C_20250116_AN_DEP.nc
[445380] Saved daily NetCDFs for amsua_ofb_lwda_20250116_NH_SH_variables_filtered_lsm_lower02.odb
Saved summary: /perm/dnk8355/paper2026/netcdf_daily_1april2024_31march2026/METOP-B_20250117_summary.txt
Saved: /perm/dnk8355/paper2026/netcdf_daily_1april2024_31march2026/METOP-B_20250117_OBSVALUE.nc
Saved: /perm/dnk8355/paper2026/netcdf_daily_1april2024_31march2026/METOP-B_20250117_EMIS_WATER.nc
Saved: /perm/dnk8355/paper2026/netcdf_daily_1april2024_31march2026/METOP-B_20250117_TAUSFC.nc
Saved: /perm/dnk8355/paper2026/netcdf_daily_1april2024_31march2026/METOP-B_20250117_TDOWN.nc
Saved: /perm/dnk8355/paper2026/netcdf_daily_1april2024_31march2026/METOP-B_20250117_TUP.nc
Saved: /perm/dnk8355/paper2026/netcdf_daily_1april2024_31march2026/METOP-B_20250117_TAUSFC_CLD.nc
Saved: /perm/dnk8355/paper2026/netcdf_daily_1april2024_31march2026/METOP-B_20250117_TDOWN_CLD.nc
Saved: /perm/dnk8355/paper2026/netcdf_daily_1april2024_31march2026/METOP-B_20250117_TUP_CLD.nc
Saved: /perm/dnk8355/paper2026/netcdf_daily_1april2024_31march2026/METOP-B_20250117_FG_DEP.nc
Saved: /perm/dnk8355/paper2026/netcdf_daily_1april2024_31march2026/METOP-B_20250117_AN_DEP.nc
Saved summary: /perm/dnk8355/paper2026/netcdf_daily_1april2024_31march2026/METOP-C_20250117_summary.txt
Saved: /perm/dnk8355/paper2026/netcdf_daily_1april2024_31march2026/METOP-C_20250117_OBSVALUE.nc
Saved: /perm/dnk8355/paper2026/netcdf_daily_1april2024_31march2026/METOP-C_20250117_EMIS_WATER.nc
Saved: /perm/dnk8355/paper2026/netcdf_daily_1april2024_31march2026/METOP-C_20250117_TAUSFC.nc
Saved: /perm/dnk8355/paper2026/netcdf_daily_1april2024_31march2026/METOP-C_20250117_TDOWN.nc
Saved: /perm/dnk8355/paper2026/netcdf_daily_1april2024_31march2026/METOP-C_20250117_TUP.nc
Saved: /perm/dnk8355/paper2026/netcdf_daily_1april2024_31march2026/METOP-C_20250117_TAUSFC_CLD.nc
Saved: /perm/dnk8355/paper2026/netcdf_daily_1april2024_31march2026/METOP-C_20250117_TDOWN_CLD.nc
Saved: /perm/dnk8355/paper2026/netcdf_daily_1april2024_31march2026/METOP-C_20250117_TUP_CLD.nc
Saved: /perm/dnk8355/paper2026/netcdf_daily_1april2024_31march2026/METOP-C_20250117_FG_DEP.nc
Saved: /perm/dnk8355/paper2026/netcdf_daily_1april2024_31march2026/METOP-C_20250117_AN_DEP.nc
[445380] Saved daily NetCDFs for amsua_ofb_lwda_20250117_NH_SH_variables_filtered_lsm_lower02.odb
Saved summary: /perm/dnk8355/paper2026/netcdf_daily_1april2024_31march2026/METOP-B_20250118_summary.txt
Saved: /perm/dnk8355/paper2026/netcdf_daily_1april2024_31march2026/METOP-B_20250118_OBSVALUE.nc
Saved: /perm/dnk8355/paper2026/netcdf_daily_1april2024_31march2026/METOP-B_20250118_EMIS_WATER.nc
Saved: /perm/dnk8355/paper2026/netcdf_daily_1april2024_31march2026/METOP-B_20250118_TAUSFC.nc
Saved: /perm/dnk8355/paper2026/netcdf_daily_1april2024_31march2026/METOP-B_20250118_TDOWN.nc
Saved: /perm/dnk8355/paper2026/netcdf_daily_1april2024_31march2026/METOP-B_20250118_TUP.nc
Saved: /perm/dnk8355/paper2026/netcdf_daily_1april2024_31march2026/METOP-B_20250118_TAUSFC_CLD.nc
Saved: /perm/dnk8355/paper2026/netcdf_daily_1april2024_31march2026/METOP-B_20250118_TDOWN_CLD.nc
Saved: /perm/dnk8355/paper2026/netcdf_daily_1april2024_31march2026/METOP-B_20250118_TUP_CLD.nc
Saved: /perm/dnk8355/paper2026/netcdf_daily_1april2024_31march2026/METOP-B_20250118_FG_DEP.nc
Saved: /perm/dnk8355/paper2026/netcdf_daily_1april2024_31march2026/METOP-B_20250118_AN_DEP.nc
Saved summary: /perm/dnk8355/paper2026/netcdf_daily_1april2024_31march2026/METOP-C_20250118_summary.txt
Saved: /perm/dnk8355/paper2026/netcdf_daily_1april2024_31march2026/METOP-C_20250118_OBSVALUE.nc
Saved: /perm/dnk8355/paper2026/netcdf_daily_1april2024_31march2026/METOP-C_20250118_EMIS_WATER.nc
Saved: /perm/dnk8355/paper2026/netcdf_daily_1april2024_31march2026/METOP-C_20250118_TAUSFC.nc
Saved: /perm/dnk8355/paper2026/netcdf_daily_1april2024_31march2026/METOP-C_20250118_TDOWN.nc
Saved: /perm/dnk8355/paper2026/netcdf_daily_1april2024_31march2026/METOP-C_20250118_TUP.nc
Saved: /perm/dnk8355/paper2026/netcdf_daily_1april2024_31march2026/METOP-C_20250118_TAUSFC_CLD.nc
Saved: /perm/dnk8355/paper2026/netcdf_daily_1april2024_31march2026/METOP-C_20250118_TDOWN_CLD.nc
Saved: /perm/dnk8355/paper2026/netcdf_daily_1april2024_31march2026/METOP-C_20250118_TUP_CLD.nc
Saved: /perm/dnk8355/paper2026/netcdf_daily_1april2024_31march2026/METOP-C_20250118_FG_DEP.nc
Saved: /perm/dnk8355/paper2026/netcdf_daily_1april2024_31march2026/METOP-C_20250118_AN_DEP.nc
[445380] Saved daily NetCDFs for amsua_ofb_lwda_20250118_NH_SH_variables_filtered_lsm_lower02.odb
Saved summary: /perm/dnk8355/paper2026/netcdf_daily_1april2024_31march2026/METOP-B_20250119_summary.txt
Saved: /perm/dnk8355/paper2026/netcdf_daily_1april2024_31march2026/METOP-B_20250119_OBSVALUE.nc
Saved: /perm/dnk8355/paper2026/netcdf_daily_1april2024_31march2026/METOP-B_20250119_EMIS_WATER.nc
Saved: /perm/dnk8355/paper2026/netcdf_daily_1april2024_31march2026/METOP-B_20250119_TAUSFC.nc
Saved: /perm/dnk8355/paper2026/netcdf_daily_1april2024_31march2026/METOP-B_20250119_TDOWN.nc
Saved: /perm/dnk8355/paper2026/netcdf_daily_1april2024_31march2026/METOP-B_20250119_TUP.nc
Saved: /perm/dnk8355/paper2026/netcdf_daily_1april2024_31march2026/METOP-B_20250119_TAUSFC_CLD.nc
Saved: /perm/dnk8355/paper2026/netcdf_daily_1april2024_31march2026/METOP-B_20250119_TDOWN_CLD.nc
Saved: /perm/dnk8355/paper2026/netcdf_daily_1april2024_31march2026/METOP-B_20250119_TUP_CLD.nc
Saved: /perm/dnk8355/paper2026/netcdf_daily_1april2024_31march2026/METOP-B_20250119_FG_DEP.nc
Saved: /perm/dnk8355/paper2026/netcdf_daily_1april2024_31march2026/METOP-B_20250119_AN_DEP.nc
Saved summary: /perm/dnk8355/paper2026/netcdf_daily_1april2024_31march2026/METOP-C_20250119_summary.txt
Saved: /perm/dnk8355/paper2026/netcdf_daily_1april2024_31march2026/METOP-C_20250119_OBSVALUE.nc
Saved: /perm/dnk8355/paper2026/netcdf_daily_1april2024_31march2026/METOP-C_20250119_EMIS_WATER.nc
Saved: /perm/dnk8355/paper2026/netcdf_daily_1april2024_31march2026/METOP-C_20250119_TAUSFC.nc
Saved: /perm/dnk8355/paper2026/netcdf_daily_1april2024_31march2026/METOP-C_20250119_TDOWN.nc
Saved: /perm/dnk8355/paper2026/netcdf_daily_1april2024_31march2026/METOP-C_20250119_TUP.nc
Saved: /perm/dnk8355/paper2026/netcdf_daily_1april2024_31march2026/METOP-C_20250119_TAUSFC_CLD.nc
Saved: /perm/dnk8355/paper2026/netcdf_daily_1april2024_31march2026/METOP-C_20250119_TDOWN_CLD.nc
Saved: /perm/dnk8355/paper2026/netcdf_daily_1april2024_31march2026/METOP-C_20250119_TUP_CLD.nc
Saved: /perm/dnk8355/paper2026/netcdf_daily_1april2024_31march2026/METOP-C_20250119_FG_DEP.nc
Saved: /perm/dnk8355/paper2026/netcdf_daily_1april2024_31march2026/METOP-C_20250119_AN_DEP.nc
[445380] Saved daily NetCDFs for amsua_ofb_lwda_20250119_NH_SH_variables_filtered_lsm_lower02.odb
Saved summary: /perm/dnk8355/paper2026/netcdf_daily_1april2024_31march2026/METOP-B_20250120_summary.txt
Saved: /perm/dnk8355/paper2026/netcdf_daily_1april2024_31march2026/METOP-B_20250120_OBSVALUE.nc
Saved: /perm/dnk8355/paper2026/netcdf_daily_1april2024_31march2026/METOP-B_20250120_EMIS_WATER.nc
Saved: /perm/dnk8355/paper2026/netcdf_daily_1april2024_31march2026/METOP-B_20250120_TAUSFC.nc
Saved: /perm/dnk8355/paper2026/netcdf_daily_1april2024_31march2026/METOP-B_20250120_TDOWN.nc
Saved: /perm/dnk8355/paper2026/netcdf_daily_1april2024_31march2026/METOP-B_20250120_TUP.nc
Saved: /perm/dnk8355/paper2026/netcdf_daily_1april2024_31march2026/METOP-B_20250120_TAUSFC_CLD.nc
Saved: /perm/dnk8355/paper2026/netcdf_daily_1april2024_31march2026/METOP-B_20250120_TDOWN_CLD.nc
Saved: /perm/dnk8355/paper2026/netcdf_daily_1april2024_31march2026/METOP-B_20250120_TUP_CLD.nc
Saved: /perm/dnk8355/paper2026/netcdf_daily_1april2024_31march2026/METOP-B_20250120_FG_DEP.nc
Saved: /perm/dnk8355/paper2026/netcdf_daily_1april2024_31march2026/METOP-B_20250120_AN_DEP.nc
Saved summary: /perm/dnk8355/paper2026/netcdf_daily_1april2024_31march2026/METOP-C_20250120_summary.txt
Saved: /perm/dnk8355/paper2026/netcdf_daily_1april2024_31march2026/METOP-C_20250120_OBSVALUE.nc
Saved: /perm/dnk8355/paper2026/netcdf_daily_1april2024_31march2026/METOP-C_20250120_EMIS_WATER.nc
Saved: /perm/dnk8355/paper2026/netcdf_daily_1april2024_31march2026/METOP-C_20250120_TAUSFC.nc
Saved: /perm/dnk8355/paper2026/netcdf_daily_1april2024_31march2026/METOP-C_20250120_TDOWN.nc
Saved: /perm/dnk8355/paper2026/netcdf_daily_1april2024_31march2026/METOP-C_20250120_TUP.nc
Saved: /perm/dnk8355/paper2026/netcdf_daily_1april2024_31march2026/METOP-C_20250120_TAUSFC_CLD.nc
Saved: /perm/dnk8355/paper2026/netcdf_daily_1april2024_31march2026/METOP-C_20250120_TDOWN_CLD.nc
Saved: /perm/dnk8355/paper2026/netcdf_daily_1april2024_31march2026/METOP-C_20250120_TUP_CLD.nc
Saved: /perm/dnk8355/paper2026/netcdf_daily_1april2024_31march2026/METOP-C_20250120_FG_DEP.nc
Saved: /perm/dnk8355/paper2026/netcdf_daily_1april2024_31march2026/METOP-C_20250120_AN_DEP.nc
[445380] Saved daily NetCDFs for amsua_ofb_lwda_20250120_NH_SH_variables_filtered_lsm_lower02.odb
Saved summary: /perm/dnk8355/paper2026/netcdf_daily_1april2024_31march2026/METOP-B_20250121_summary.txt
Saved: /perm/dnk8355/paper2026/netcdf_daily_1april2024_31march2026/METOP-B_20250121_OBSVALUE.nc
Saved: /perm/dnk8355/paper2026/netcdf_daily_1april2024_31march2026/METOP-B_20250121_EMIS_WATER.nc
Saved: /perm/dnk8355/paper2026/netcdf_daily_1april2024_31march2026/METOP-B_20250121_TAUSFC.nc
Saved: /perm/dnk8355/paper2026/netcdf_daily_1april2024_31march2026/METOP-B_20250121_TDOWN.nc
Saved: /perm/dnk8355/paper2026/netcdf_daily_1april2024_31march2026/METOP-B_20250121_TUP.nc
Saved: /perm/dnk8355/paper2026/netcdf_daily_1april2024_31march2026/METOP-B_20250121_TAUSFC_CLD.nc
Saved: /perm/dnk8355/paper2026/netcdf_daily_1april2024_31march2026/METOP-B_20250121_TDOWN_CLD.nc
Saved: /perm/dnk8355/paper2026/netcdf_daily_1april2024_31march2026/METOP-B_20250121_TUP_CLD.nc
Saved: /perm/dnk8355/paper2026/netcdf_daily_1april2024_31march2026/METOP-B_20250121_FG_DEP.nc
Saved: /perm/dnk8355/paper2026/netcdf_daily_1april2024_31march2026/METOP-B_20250121_AN_DEP.nc
Saved summary: /perm/dnk8355/paper2026/netcdf_daily_1april2024_31march2026/METOP-C_20250121_summary.txt
Saved: /perm/dnk8355/paper2026/netcdf_daily_1april2024_31march2026/METOP-C_20250121_OBSVALUE.nc
Saved: /perm/dnk8355/paper2026/netcdf_daily_1april2024_31march2026/METOP-C_20250121_EMIS_WATER.nc
Saved: /perm/dnk8355/paper2026/netcdf_daily_1april2024_31march2026/METOP-C_20250121_TAUSFC.nc
Saved: /perm/dnk8355/paper2026/netcdf_daily_1april2024_31march2026/METOP-C_20250121_TDOWN.nc
Saved: /perm/dnk8355/paper2026/netcdf_daily_1april2024_31march2026/METOP-C_20250121_TUP.nc
Saved: /perm/dnk8355/paper2026/netcdf_daily_1april2024_31march2026/METOP-C_20250121_TAUSFC_CLD.nc
Saved: /perm/dnk8355/paper2026/netcdf_daily_1april2024_31march2026/METOP-C_20250121_TDOWN_CLD.nc
Saved: /perm/dnk8355/paper2026/netcdf_daily_1april2024_31march2026/METOP-C_20250121_TUP_CLD.nc
Saved: /perm/dnk8355/paper2026/netcdf_daily_1april2024_31march2026/METOP-C_20250121_FG_DEP.nc
Saved: /perm/dnk8355/paper2026/netcdf_daily_1april2024_31march2026/METOP-C_20250121_AN_DEP.nc
[445380] Saved daily NetCDFs for amsua_ofb_lwda_20250121_NH_SH_variables_filtered_lsm_lower02.odb
Saved summary: /perm/dnk8355/paper2026/netcdf_daily_1april2024_31march2026/METOP-B_20250122_summary.txt
Saved: /perm/dnk8355/paper2026/netcdf_daily_1april2024_31march2026/METOP-B_20250122_OBSVALUE.nc
Saved: /perm/dnk8355/paper2026/netcdf_daily_1april2024_31march2026/METOP-B_20250122_EMIS_WATER.nc
Saved: /perm/dnk8355/paper2026/netcdf_daily_1april2024_31march2026/METOP-B_20250122_TAUSFC.nc
Saved: /perm/dnk8355/paper2026/netcdf_daily_1april2024_31march2026/METOP-B_20250122_TDOWN.nc
Saved: /perm/dnk8355/paper2026/netcdf_daily_1april2024_31march2026/METOP-B_20250122_TUP.nc
Saved: /perm/dnk8355/paper2026/netcdf_daily_1april2024_31march2026/METOP-B_20250122_TAUSFC_CLD.nc
Saved: /perm/dnk8355/paper2026/netcdf_daily_1april2024_31march2026/METOP-B_20250122_TDOWN_CLD.nc
Saved: /perm/dnk8355/paper2026/netcdf_daily_1april2024_31march2026/METOP-B_20250122_TUP_CLD.nc
Saved: /perm/dnk8355/paper2026/netcdf_daily_1april2024_31march2026/METOP-B_20250122_FG_DEP.nc
Saved: /perm/dnk8355/paper2026/netcdf_daily_1april2024_31march2026/METOP-B_20250122_AN_DEP.nc
Saved summary: /perm/dnk8355/paper2026/netcdf_daily_1april2024_31march2026/METOP-C_20250122_summary.txt
Saved: /perm/dnk8355/paper2026/netcdf_daily_1april2024_31march2026/METOP-C_20250122_OBSVALUE.nc
Saved: /perm/dnk8355/paper2026/netcdf_daily_1april2024_31march2026/METOP-C_20250122_EMIS_WATER.nc
Saved: /perm/dnk8355/paper2026/netcdf_daily_1april2024_31march2026/METOP-C_20250122_TAUSFC.nc
Saved: /perm/dnk8355/paper2026/netcdf_daily_1april2024_31march2026/METOP-C_20250122_TDOWN.nc
Saved: /perm/dnk8355/paper2026/netcdf_daily_1april2024_31march2026/METOP-C_20250122_TUP.nc
Saved: /perm/dnk8355/paper2026/netcdf_daily_1april2024_31march2026/METOP-C_20250122_TAUSFC_CLD.nc
Saved: /perm/dnk8355/paper2026/netcdf_daily_1april2024_31march2026/METOP-C_20250122_TDOWN_CLD.nc
Saved: /perm/dnk8355/paper2026/netcdf_daily_1april2024_31march2026/METOP-C_20250122_TUP_CLD.nc
Saved: /perm/dnk8355/paper2026/netcdf_daily_1april2024_31march2026/METOP-C_20250122_FG_DEP.nc
Saved: /perm/dnk8355/paper2026/netcdf_daily_1april2024_31march2026/METOP-C_20250122_AN_DEP.nc
[445380] Saved daily NetCDFs for amsua_ofb_lwda_20250122_NH_SH_variables_filtered_lsm_lower02.odb
Saved summary: /perm/dnk8355/paper2026/netcdf_daily_1april2024_31march2026/METOP-B_20250123_summary.txt
Saved: /perm/dnk8355/paper2026/netcdf_daily_1april2024_31march2026/METOP-B_20250123_OBSVALUE.nc
Saved: /perm/dnk8355/paper2026/netcdf_daily_1april2024_31march2026/METOP-B_20250123_EMIS_WATER.nc
Saved: /perm/dnk8355/paper2026/netcdf_daily_1april2024_31march2026/METOP-B_20250123_TAUSFC.nc
Saved: /perm/dnk8355/paper2026/netcdf_daily_1april2024_31march2026/METOP-B_20250123_TDOWN.nc
Saved: /perm/dnk8355/paper2026/netcdf_daily_1april2024_31march2026/METOP-B_20250123_TUP.nc
Saved: /perm/dnk8355/paper2026/netcdf_daily_1april2024_31march2026/METOP-B_20250123_TAUSFC_CLD.nc
Saved: /perm/dnk8355/paper2026/netcdf_daily_1april2024_31march2026/METOP-B_20250123_TDOWN_CLD.nc
Saved: /perm/dnk8355/paper2026/netcdf_daily_1april2024_31march2026/METOP-B_20250123_TUP_CLD.nc
Saved: /perm/dnk8355/paper2026/netcdf_daily_1april2024_31march2026/METOP-B_20250123_FG_DEP.nc
Saved: /perm/dnk8355/paper2026/netcdf_daily_1april2024_31march2026/METOP-B_20250123_AN_DEP.nc
Saved summary: /perm/dnk8355/paper2026/netcdf_daily_1april2024_31march2026/METOP-C_20250123_summary.txt
Saved: /perm/dnk8355/paper2026/netcdf_daily_1april2024_31march2026/METOP-C_20250123_OBSVALUE.nc
Saved: /perm/dnk8355/paper2026/netcdf_daily_1april2024_31march2026/METOP-C_20250123_EMIS_WATER.nc
Saved: /perm/dnk8355/paper2026/netcdf_daily_1april2024_31march2026/METOP-C_20250123_TAUSFC.nc
Saved: /perm/dnk8355/paper2026/netcdf_daily_1april2024_31march2026/METOP-C_20250123_TDOWN.nc
Saved: /perm/dnk8355/paper2026/netcdf_daily_1april2024_31march2026/METOP-C_20250123_TUP.nc
Saved: /perm/dnk8355/paper2026/netcdf_daily_1april2024_31march2026/METOP-C_20250123_TAUSFC_CLD.nc
Saved: /perm/dnk8355/paper2026/netcdf_daily_1april2024_31march2026/METOP-C_20250123_TDOWN_CLD.nc
Saved: /perm/dnk8355/paper2026/netcdf_daily_1april2024_31march2026/METOP-C_20250123_TUP_CLD.nc
Saved: /perm/dnk8355/paper2026/netcdf_daily_1april2024_31march2026/METOP-C_20250123_FG_DEP.nc
Saved: /perm/dnk8355/paper2026/netcdf_daily_1april2024_31march2026/METOP-C_20250123_AN_DEP.nc
[445380] Saved daily NetCDFs for amsua_ofb_lwda_20250123_NH_SH_variables_filtered_lsm_lower02.odb
Saved summary: /perm/dnk8355/paper2026/netcdf_daily_1april2024_31march2026/METOP-B_20250124_summary.txt
Saved: /perm/dnk8355/paper2026/netcdf_daily_1april2024_31march2026/METOP-B_20250124_OBSVALUE.nc
Saved: /perm/dnk8355/paper2026/netcdf_daily_1april2024_31march2026/METOP-B_20250124_EMIS_WATER.nc
Saved: /perm/dnk8355/paper2026/netcdf_daily_1april2024_31march2026/METOP-B_20250124_TAUSFC.nc
Saved: /perm/dnk8355/paper2026/netcdf_daily_1april2024_31march2026/METOP-B_20250124_TDOWN.nc
Saved: /perm/dnk8355/paper2026/netcdf_daily_1april2024_31march2026/METOP-B_20250124_TUP.nc
Saved: /perm/dnk8355/paper2026/netcdf_daily_1april2024_31march2026/METOP-B_20250124_TAUSFC_CLD.nc
Saved: /perm/dnk8355/paper2026/netcdf_daily_1april2024_31march2026/METOP-B_20250124_TDOWN_CLD.nc
Saved: /perm/dnk8355/paper2026/netcdf_daily_1april2024_31march2026/METOP-B_20250124_TUP_CLD.nc
Saved: /perm/dnk8355/paper2026/netcdf_daily_1april2024_31march2026/METOP-B_20250124_FG_DEP.nc
Saved: /perm/dnk8355/paper2026/netcdf_daily_1april2024_31march2026/METOP-B_20250124_AN_DEP.nc
Saved summary: /perm/dnk8355/paper2026/netcdf_daily_1april2024_31march2026/METOP-C_20250124_summary.txt
Saved: /perm/dnk8355/paper2026/netcdf_daily_1april2024_31march2026/METOP-C_20250124_OBSVALUE.nc
Saved: /perm/dnk8355/paper2026/netcdf_daily_1april2024_31march2026/METOP-C_20250124_EMIS_WATER.nc
Saved: /perm/dnk8355/paper2026/netcdf_daily_1april2024_31march2026/METOP-C_20250124_TAUSFC.nc
Saved: /perm/dnk8355/paper2026/netcdf_daily_1april2024_31march2026/METOP-C_20250124_TDOWN.nc
Saved: /perm/dnk8355/paper2026/netcdf_daily_1april2024_31march2026/METOP-C_20250124_TUP.nc
Saved: /perm/dnk8355/paper2026/netcdf_daily_1april2024_31march2026/METOP-C_20250124_TAUSFC_CLD.nc
Saved: /perm/dnk8355/paper2026/netcdf_daily_1april2024_31march2026/METOP-C_20250124_TDOWN_CLD.nc
Saved: /perm/dnk8355/paper2026/netcdf_daily_1april2024_31march2026/METOP-C_20250124_TUP_CLD.nc
Saved: /perm/dnk8355/paper2026/netcdf_daily_1april2024_31march2026/METOP-C_20250124_FG_DEP.nc
Saved: /perm/dnk8355/paper2026/netcdf_daily_1april2024_31march2026/METOP-C_20250124_AN_DEP.nc
[445380] Saved daily NetCDFs for amsua_ofb_lwda_20250124_NH_SH_variables_filtered_lsm_lower02.odb
Saved summary: /perm/dnk8355/paper2026/netcdf_daily_1april2024_31march2026/METOP-B_20250125_summary.txt
Saved: /perm/dnk8355/paper2026/netcdf_daily_1april2024_31march2026/METOP-B_20250125_OBSVALUE.nc
Saved: /perm/dnk8355/paper2026/netcdf_daily_1april2024_31march2026/METOP-B_20250125_EMIS_WATER.nc
Saved: /perm/dnk8355/paper2026/netcdf_daily_1april2024_31march2026/METOP-B_20250125_TAUSFC.nc
Saved: /perm/dnk8355/paper2026/netcdf_daily_1april2024_31march2026/METOP-B_20250125_TDOWN.nc
Saved: /perm/dnk8355/paper2026/netcdf_daily_1april2024_31march2026/METOP-B_20250125_TUP.nc
Saved: /perm/dnk8355/paper2026/netcdf_daily_1april2024_31march2026/METOP-B_20250125_TAUSFC_CLD.nc
Saved: /perm/dnk8355/paper2026/netcdf_daily_1april2024_31march2026/METOP-B_20250125_TDOWN_CLD.nc
Saved: /perm/dnk8355/paper2026/netcdf_daily_1april2024_31march2026/METOP-B_20250125_TUP_CLD.nc
Saved: /perm/dnk8355/paper2026/netcdf_daily_1april2024_31march2026/METOP-B_20250125_FG_DEP.nc
Saved: /perm/dnk8355/paper2026/netcdf_daily_1april2024_31march2026/METOP-B_20250125_AN_DEP.nc
Saved summary: /perm/dnk8355/paper2026/netcdf_daily_1april2024_31march2026/METOP-C_20250125_summary.txt
Saved: /perm/dnk8355/paper2026/netcdf_daily_1april2024_31march2026/METOP-C_20250125_OBSVALUE.nc
Saved: /perm/dnk8355/paper2026/netcdf_daily_1april2024_31march2026/METOP-C_20250125_EMIS_WATER.nc
Saved: /perm/dnk8355/paper2026/netcdf_daily_1april2024_31march2026/METOP-C_20250125_TAUSFC.nc
Saved: /perm/dnk8355/paper2026/netcdf_daily_1april2024_31march2026/METOP-C_20250125_TDOWN.nc
Saved: /perm/dnk8355/paper2026/netcdf_daily_1april2024_31march2026/METOP-C_20250125_TUP.nc
Saved: /perm/dnk8355/paper2026/netcdf_daily_1april2024_31march2026/METOP-C_20250125_TAUSFC_CLD.nc
Saved: /perm/dnk8355/paper2026/netcdf_daily_1april2024_31march2026/METOP-C_20250125_TDOWN_CLD.nc
Saved: /perm/dnk8355/paper2026/netcdf_daily_1april2024_31march2026/METOP-C_20250125_TUP_CLD.nc
Saved: /perm/dnk8355/paper2026/netcdf_daily_1april2024_31march2026/METOP-C_20250125_FG_DEP.nc
Saved: /perm/dnk8355/paper2026/netcdf_daily_1april2024_31march2026/METOP-C_20250125_AN_DEP.nc
[445380] Saved daily NetCDFs for amsua_ofb_lwda_20250125_NH_SH_variables_filtered_lsm_lower02.odb
Saved summary: /perm/dnk8355/paper2026/netcdf_daily_1april2024_31march2026/METOP-B_20250126_summary.txt
Saved: /perm/dnk8355/paper2026/netcdf_daily_1april2024_31march2026/METOP-B_20250126_OBSVALUE.nc
Saved: /perm/dnk8355/paper2026/netcdf_daily_1april2024_31march2026/METOP-B_20250126_EMIS_WATER.nc
Saved: /perm/dnk8355/paper2026/netcdf_daily_1april2024_31march2026/METOP-B_20250126_TAUSFC.nc
Saved: /perm/dnk8355/paper2026/netcdf_daily_1april2024_31march2026/METOP-B_20250126_TDOWN.nc
Saved: /perm/dnk8355/paper2026/netcdf_daily_1april2024_31march2026/METOP-B_20250126_TUP.nc
Saved: /perm/dnk8355/paper2026/netcdf_daily_1april2024_31march2026/METOP-B_20250126_TAUSFC_CLD.nc
Saved: /perm/dnk8355/paper2026/netcdf_daily_1april2024_31march2026/METOP-B_20250126_TDOWN_CLD.nc
Saved: /perm/dnk8355/paper2026/netcdf_daily_1april2024_31march2026/METOP-B_20250126_TUP_CLD.nc
Saved: /perm/dnk8355/paper2026/netcdf_daily_1april2024_31march2026/METOP-B_20250126_FG_DEP.nc
Saved: /perm/dnk8355/paper2026/netcdf_daily_1april2024_31march2026/METOP-B_20250126_AN_DEP.nc
Saved summary: /perm/dnk8355/paper2026/netcdf_daily_1april2024_31march2026/METOP-C_20250126_summary.txt
Saved: /perm/dnk8355/paper2026/netcdf_daily_1april2024_31march2026/METOP-C_20250126_OBSVALUE.nc
Saved: /perm/dnk8355/paper2026/netcdf_daily_1april2024_31march2026/METOP-C_20250126_EMIS_WATER.nc
Saved: /perm/dnk8355/paper2026/netcdf_daily_1april2024_31march2026/METOP-C_20250126_TAUSFC.nc
Saved: /perm/dnk8355/paper2026/netcdf_daily_1april2024_31march2026/METOP-C_20250126_TDOWN.nc
Saved: /perm/dnk8355/paper2026/netcdf_daily_1april2024_31march2026/METOP-C_20250126_TUP.nc
Saved: /perm/dnk8355/paper2026/netcdf_daily_1april2024_31march2026/METOP-C_20250126_TAUSFC_CLD.nc
Saved: /perm/dnk8355/paper2026/netcdf_daily_1april2024_31march2026/METOP-C_20250126_TDOWN_CLD.nc
Saved: /perm/dnk8355/paper2026/netcdf_daily_1april2024_31march2026/METOP-C_20250126_TUP_CLD.nc
Saved: /perm/dnk8355/paper2026/netcdf_daily_1april2024_31march2026/METOP-C_20250126_FG_DEP.nc
Saved: /perm/dnk8355/paper2026/netcdf_daily_1april2024_31march2026/METOP-C_20250126_AN_DEP.nc
[445380] Saved daily NetCDFs for amsua_ofb_lwda_20250126_NH_SH_variables_filtered_lsm_lower02.odb
Saved summary: /perm/dnk8355/paper2026/netcdf_daily_1april2024_31march2026/METOP-B_20250127_summary.txt
Saved: /perm/dnk8355/paper2026/netcdf_daily_1april2024_31march2026/METOP-B_20250127_OBSVALUE.nc
Saved: /perm/dnk8355/paper2026/netcdf_daily_1april2024_31march2026/METOP-B_20250127_EMIS_WATER.nc
Saved: /perm/dnk8355/paper2026/netcdf_daily_1april2024_31march2026/METOP-B_20250127_TAUSFC.nc
Saved: /perm/dnk8355/paper2026/netcdf_daily_1april2024_31march2026/METOP-B_20250127_TDOWN.nc
Saved: /perm/dnk8355/paper2026/netcdf_daily_1april2024_31march2026/METOP-B_20250127_TUP.nc
Saved: /perm/dnk8355/paper2026/netcdf_daily_1april2024_31march2026/METOP-B_20250127_TAUSFC_CLD.nc
Saved: /perm/dnk8355/paper2026/netcdf_daily_1april2024_31march2026/METOP-B_20250127_TDOWN_CLD.nc
Saved: /perm/dnk8355/paper2026/netcdf_daily_1april2024_31march2026/METOP-B_20250127_TUP_CLD.nc
Saved: /perm/dnk8355/paper2026/netcdf_daily_1april2024_31march2026/METOP-B_20250127_FG_DEP.nc
Saved: /perm/dnk8355/paper2026/netcdf_daily_1april2024_31march2026/METOP-B_20250127_AN_DEP.nc
Saved summary: /perm/dnk8355/paper2026/netcdf_daily_1april2024_31march2026/METOP-C_20250127_summary.txt
Saved: /perm/dnk8355/paper2026/netcdf_daily_1april2024_31march2026/METOP-C_20250127_OBSVALUE.nc
Saved: /perm/dnk8355/paper2026/netcdf_daily_1april2024_31march2026/METOP-C_20250127_EMIS_WATER.nc
Saved: /perm/dnk8355/paper2026/netcdf_daily_1april2024_31march2026/METOP-C_20250127_TAUSFC.nc
Saved: /perm/dnk8355/paper2026/netcdf_daily_1april2024_31march2026/METOP-C_20250127_TDOWN.nc
Saved: /perm/dnk8355/paper2026/netcdf_daily_1april2024_31march2026/METOP-C_20250127_TUP.nc
Saved: /perm/dnk8355/paper2026/netcdf_daily_1april2024_31march2026/METOP-C_20250127_TAUSFC_CLD.nc
Saved: /perm/dnk8355/paper2026/netcdf_daily_1april2024_31march2026/METOP-C_20250127_TDOWN_CLD.nc
Saved: /perm/dnk8355/paper2026/netcdf_daily_1april2024_31march2026/METOP-C_20250127_TUP_CLD.nc
Saved: /perm/dnk8355/paper2026/netcdf_daily_1april2024_31march2026/METOP-C_20250127_FG_DEP.nc
Saved: /perm/dnk8355/paper2026/netcdf_daily_1april2024_31march2026/METOP-C_20250127_AN_DEP.nc
[445380] Saved daily NetCDFs for amsua_ofb_lwda_20250127_NH_SH_variables_filtered_lsm_lower02.odb
Saved summary: /perm/dnk8355/paper2026/netcdf_daily_1april2024_31march2026/METOP-B_20250128_summary.txt
Saved: /perm/dnk8355/paper2026/netcdf_daily_1april2024_31march2026/METOP-B_20250128_OBSVALUE.nc
Saved: /perm/dnk8355/paper2026/netcdf_daily_1april2024_31march2026/METOP-B_20250128_EMIS_WATER.nc
Saved: /perm/dnk8355/paper2026/netcdf_daily_1april2024_31march2026/METOP-B_20250128_TAUSFC.nc
Saved: /perm/dnk8355/paper2026/netcdf_daily_1april2024_31march2026/METOP-B_20250128_TDOWN.nc
Saved: /perm/dnk8355/paper2026/netcdf_daily_1april2024_31march2026/METOP-B_20250128_TUP.nc
Saved: /perm/dnk8355/paper2026/netcdf_daily_1april2024_31march2026/METOP-B_20250128_TAUSFC_CLD.nc
Saved: /perm/dnk8355/paper2026/netcdf_daily_1april2024_31march2026/METOP-B_20250128_TDOWN_CLD.nc
Saved: /perm/dnk8355/paper2026/netcdf_daily_1april2024_31march2026/METOP-B_20250128_TUP_CLD.nc
Saved: /perm/dnk8355/paper2026/netcdf_daily_1april2024_31march2026/METOP-B_20250128_FG_DEP.nc
Saved: /perm/dnk8355/paper2026/netcdf_daily_1april2024_31march2026/METOP-B_20250128_AN_DEP.nc
Saved summary: /perm/dnk8355/paper2026/netcdf_daily_1april2024_31march2026/METOP-C_20250128_summary.txt
Saved: /perm/dnk8355/paper2026/netcdf_daily_1april2024_31march2026/METOP-C_20250128_OBSVALUE.nc
Saved: /perm/dnk8355/paper2026/netcdf_daily_1april2024_31march2026/METOP-C_20250128_EMIS_WATER.nc
Saved: /perm/dnk8355/paper2026/netcdf_daily_1april2024_31march2026/METOP-C_20250128_TAUSFC.nc
Saved: /perm/dnk8355/paper2026/netcdf_daily_1april2024_31march2026/METOP-C_20250128_TDOWN.nc
Saved: /perm/dnk8355/paper2026/netcdf_daily_1april2024_31march2026/METOP-C_20250128_TUP.nc
Saved: /perm/dnk8355/paper2026/netcdf_daily_1april2024_31march2026/METOP-C_20250128_TAUSFC_CLD.nc
Saved: /perm/dnk8355/paper2026/netcdf_daily_1april2024_31march2026/METOP-C_20250128_TDOWN_CLD.nc
Saved: /perm/dnk8355/paper2026/netcdf_daily_1april2024_31march2026/METOP-C_20250128_TUP_CLD.nc
Saved: /perm/dnk8355/paper2026/netcdf_daily_1april2024_31march2026/METOP-C_20250128_FG_DEP.nc
Saved: /perm/dnk8355/paper2026/netcdf_daily_1april2024_31march2026/METOP-C_20250128_AN_DEP.nc
[445380] Saved daily NetCDFs for amsua_ofb_lwda_20250128_NH_SH_variables_filtered_lsm_lower02.odb
Saved summary: /perm/dnk8355/paper2026/netcdf_daily_1april2024_31march2026/METOP-B_20250129_summary.txt
Saved: /perm/dnk8355/paper2026/netcdf_daily_1april2024_31march2026/METOP-B_20250129_OBSVALUE.nc
Saved: /perm/dnk8355/paper2026/netcdf_daily_1april2024_31march2026/METOP-B_20250129_EMIS_WATER.nc
Saved: /perm/dnk8355/paper2026/netcdf_daily_1april2024_31march2026/METOP-B_20250129_TAUSFC.nc
Saved: /perm/dnk8355/paper2026/netcdf_daily_1april2024_31march2026/METOP-B_20250129_TDOWN.nc
Saved: /perm/dnk8355/paper2026/netcdf_daily_1april2024_31march2026/METOP-B_20250129_TUP.nc
Saved: /perm/dnk8355/paper2026/netcdf_daily_1april2024_31march2026/METOP-B_20250129_TAUSFC_CLD.nc
Saved: /perm/dnk8355/paper2026/netcdf_daily_1april2024_31march2026/METOP-B_20250129_TDOWN_CLD.nc
Saved: /perm/dnk8355/paper2026/netcdf_daily_1april2024_31march2026/METOP-B_20250129_TUP_CLD.nc
Saved: /perm/dnk8355/paper2026/netcdf_daily_1april2024_31march2026/METOP-B_20250129_FG_DEP.nc
Saved: /perm/dnk8355/paper2026/netcdf_daily_1april2024_31march2026/METOP-B_20250129_AN_DEP.nc
Saved summary: /perm/dnk8355/paper2026/netcdf_daily_1april2024_31march2026/METOP-C_20250129_summary.txt
Saved: /perm/dnk8355/paper2026/netcdf_daily_1april2024_31march2026/METOP-C_20250129_OBSVALUE.nc
Saved: /perm/dnk8355/paper2026/netcdf_daily_1april2024_31march2026/METOP-C_20250129_EMIS_WATER.nc
Saved: /perm/dnk8355/paper2026/netcdf_daily_1april2024_31march2026/METOP-C_20250129_TAUSFC.nc
Saved: /perm/dnk8355/paper2026/netcdf_daily_1april2024_31march2026/METOP-C_20250129_TDOWN.nc
Saved: /perm/dnk8355/paper2026/netcdf_daily_1april2024_31march2026/METOP-C_20250129_TUP.nc
Saved: /perm/dnk8355/paper2026/netcdf_daily_1april2024_31march2026/METOP-C_20250129_TAUSFC_CLD.nc
Saved: /perm/dnk8355/paper2026/netcdf_daily_1april2024_31march2026/METOP-C_20250129_TDOWN_CLD.nc
Saved: /perm/dnk8355/paper2026/netcdf_daily_1april2024_31march2026/METOP-C_20250129_TUP_CLD.nc
Saved: /perm/dnk8355/paper2026/netcdf_daily_1april2024_31march2026/METOP-C_20250129_FG_DEP.nc
Saved: /perm/dnk8355/paper2026/netcdf_daily_1april2024_31march2026/METOP-C_20250129_AN_DEP.nc
[445380] Saved daily NetCDFs for amsua_ofb_lwda_20250129_NH_SH_variables_filtered_lsm_lower02.odb
Saved summary: /perm/dnk8355/paper2026/netcdf_daily_1april2024_31march2026/METOP-B_20250130_summary.txt
Saved: /perm/dnk8355/paper2026/netcdf_daily_1april2024_31march2026/METOP-B_20250130_OBSVALUE.nc
Saved: /perm/dnk8355/paper2026/netcdf_daily_1april2024_31march2026/METOP-B_20250130_EMIS_WATER.nc
Saved: /perm/dnk8355/paper2026/netcdf_daily_1april2024_31march2026/METOP-B_20250130_TAUSFC.nc
Saved: /perm/dnk8355/paper2026/netcdf_daily_1april2024_31march2026/METOP-B_20250130_TDOWN.nc
Saved: /perm/dnk8355/paper2026/netcdf_daily_1april2024_31march2026/METOP-B_20250130_TUP.nc
Saved: /perm/dnk8355/paper2026/netcdf_daily_1april2024_31march2026/METOP-B_20250130_TAUSFC_CLD.nc
Saved: /perm/dnk8355/paper2026/netcdf_daily_1april2024_31march2026/METOP-B_20250130_TDOWN_CLD.nc
Saved: /perm/dnk8355/paper2026/netcdf_daily_1april2024_31march2026/METOP-B_20250130_TUP_CLD.nc
Saved: /perm/dnk8355/paper2026/netcdf_daily_1april2024_31march2026/METOP-B_20250130_FG_DEP.nc
Saved: /perm/dnk8355/paper2026/netcdf_daily_1april2024_31march2026/METOP-B_20250130_AN_DEP.nc
Saved summary: /perm/dnk8355/paper2026/netcdf_daily_1april2024_31march2026/METOP-C_20250130_summary.txt
Saved: /perm/dnk8355/paper2026/netcdf_daily_1april2024_31march2026/METOP-C_20250130_OBSVALUE.nc
Saved: /perm/dnk8355/paper2026/netcdf_daily_1april2024_31march2026/METOP-C_20250130_EMIS_WATER.nc
Saved: /perm/dnk8355/paper2026/netcdf_daily_1april2024_31march2026/METOP-C_20250130_TAUSFC.nc
Saved: /perm/dnk8355/paper2026/netcdf_daily_1april2024_31march2026/METOP-C_20250130_TDOWN.nc
Saved: /perm/dnk8355/paper2026/netcdf_daily_1april2024_31march2026/METOP-C_20250130_TUP.nc
Saved: /perm/dnk8355/paper2026/netcdf_daily_1april2024_31march2026/METOP-C_20250130_TAUSFC_CLD.nc
Saved: /perm/dnk8355/paper2026/netcdf_daily_1april2024_31march2026/METOP-C_20250130_TDOWN_CLD.nc
Saved: /perm/dnk8355/paper2026/netcdf_daily_1april2024_31march2026/METOP-C_20250130_TUP_CLD.nc
Saved: /perm/dnk8355/paper2026/netcdf_daily_1april2024_31march2026/METOP-C_20250130_FG_DEP.nc
Saved: /perm/dnk8355/paper2026/netcdf_daily_1april2024_31march2026/METOP-C_20250130_AN_DEP.nc
[445380] Saved daily NetCDFs for amsua_ofb_lwda_20250130_NH_SH_variables_filtered_lsm_lower02.odb
Saved summary: /perm/dnk8355/paper2026/netcdf_daily_1april2024_31march2026/METOP-B_20250131_summary.txt
Saved: /perm/dnk8355/paper2026/netcdf_daily_1april2024_31march2026/METOP-B_20250131_OBSVALUE.nc
Saved: /perm/dnk8355/paper2026/netcdf_daily_1april2024_31march2026/METOP-B_20250131_EMIS_WATER.nc
Saved: /perm/dnk8355/paper2026/netcdf_daily_1april2024_31march2026/METOP-B_20250131_TAUSFC.nc
Saved: /perm/dnk8355/paper2026/netcdf_daily_1april2024_31march2026/METOP-B_20250131_TDOWN.nc
Saved: /perm/dnk8355/paper2026/netcdf_daily_1april2024_31march2026/METOP-B_20250131_TUP.nc
Saved: /perm/dnk8355/paper2026/netcdf_daily_1april2024_31march2026/METOP-B_20250131_TAUSFC_CLD.nc
Saved: /perm/dnk8355/paper2026/netcdf_daily_1april2024_31march2026/METOP-B_20250131_TDOWN_CLD.nc
Saved: /perm/dnk8355/paper2026/netcdf_daily_1april2024_31march2026/METOP-B_20250131_TUP_CLD.nc
Saved: /perm/dnk8355/paper2026/netcdf_daily_1april2024_31march2026/METOP-B_20250131_FG_DEP.nc
Saved: /perm/dnk8355/paper2026/netcdf_daily_1april2024_31march2026/METOP-B_20250131_AN_DEP.nc
Saved summary: /perm/dnk8355/paper2026/netcdf_daily_1april2024_31march2026/METOP-C_20250131_summary.txt
Saved: /perm/dnk8355/paper2026/netcdf_daily_1april2024_31march2026/METOP-C_20250131_OBSVALUE.nc
Saved: /perm/dnk8355/paper2026/netcdf_daily_1april2024_31march2026/METOP-C_20250131_EMIS_WATER.nc
Saved: /perm/dnk8355/paper2026/netcdf_daily_1april2024_31march2026/METOP-C_20250131_TAUSFC.nc
Saved: /perm/dnk8355/paper2026/netcdf_daily_1april2024_31march2026/METOP-C_20250131_TDOWN.nc
Saved: /perm/dnk8355/paper2026/netcdf_daily_1april2024_31march2026/METOP-C_20250131_TUP.nc
Saved: /perm/dnk8355/paper2026/netcdf_daily_1april2024_31march2026/METOP-C_20250131_TAUSFC_CLD.nc
Saved: /perm/dnk8355/paper2026/netcdf_daily_1april2024_31march2026/METOP-C_20250131_TDOWN_CLD.nc
Saved: /perm/dnk8355/paper2026/netcdf_daily_1april2024_31march2026/METOP-C_20250131_TUP_CLD.nc
Saved: /perm/dnk8355/paper2026/netcdf_daily_1april2024_31march2026/METOP-C_20250131_FG_DEP.nc
Saved: /perm/dnk8355/paper2026/netcdf_daily_1april2024_31march2026/METOP-C_20250131_AN_DEP.nc
[445380] Saved daily NetCDFs for amsua_ofb_lwda_20250131_NH_SH_variables_filtered_lsm_lower02.odb
Saved summary: /perm/dnk8355/paper2026/netcdf_daily_1april2024_31march2026/METOP-B_20250201_summary.txt
Saved: /perm/dnk8355/paper2026/netcdf_daily_1april2024_31march2026/METOP-B_20250201_OBSVALUE.nc
Saved: /perm/dnk8355/paper2026/netcdf_daily_1april2024_31march2026/METOP-B_20250201_EMIS_WATER.nc
Saved: /perm/dnk8355/paper2026/netcdf_daily_1april2024_31march2026/METOP-B_20250201_TAUSFC.nc
Saved: /perm/dnk8355/paper2026/netcdf_daily_1april2024_31march2026/METOP-B_20250201_TDOWN.nc
Saved: /perm/dnk8355/paper2026/netcdf_daily_1april2024_31march2026/METOP-B_20250201_TUP.nc
Saved: /perm/dnk8355/paper2026/netcdf_daily_1april2024_31march2026/METOP-B_20250201_TAUSFC_CLD.nc
Saved: /perm/dnk8355/paper2026/netcdf_daily_1april2024_31march2026/METOP-B_20250201_TDOWN_CLD.nc
Saved: /perm/dnk8355/paper2026/netcdf_daily_1april2024_31march2026/METOP-B_20250201_TUP_CLD.nc
Saved: /perm/dnk8355/paper2026/netcdf_daily_1april2024_31march2026/METOP-B_20250201_FG_DEP.nc
Saved: /perm/dnk8355/paper2026/netcdf_daily_1april2024_31march2026/METOP-B_20250201_AN_DEP.nc
Saved summary: /perm/dnk8355/paper2026/netcdf_daily_1april2024_31march2026/METOP-C_20250201_summary.txt
Saved: /perm/dnk8355/paper2026/netcdf_daily_1april2024_31march2026/METOP-C_20250201_OBSVALUE.nc
Saved: /perm/dnk8355/paper2026/netcdf_daily_1april2024_31march2026/METOP-C_20250201_EMIS_WATER.nc
Saved: /perm/dnk8355/paper2026/netcdf_daily_1april2024_31march2026/METOP-C_20250201_TAUSFC.nc
Saved: /perm/dnk8355/paper2026/netcdf_daily_1april2024_31march2026/METOP-C_20250201_TDOWN.nc
Saved: /perm/dnk8355/paper2026/netcdf_daily_1april2024_31march2026/METOP-C_20250201_TUP.nc
Saved: /perm/dnk8355/paper2026/netcdf_daily_1april2024_31march2026/METOP-C_20250201_TAUSFC_CLD.nc
Saved: /perm/dnk8355/paper2026/netcdf_daily_1april2024_31march2026/METOP-C_20250201_TDOWN_CLD.nc
Saved: /perm/dnk8355/paper2026/netcdf_daily_1april2024_31march2026/METOP-C_20250201_TUP_CLD.nc
Saved: /perm/dnk8355/paper2026/netcdf_daily_1april2024_31march2026/METOP-C_20250201_FG_DEP.nc
Saved: /perm/dnk8355/paper2026/netcdf_daily_1april2024_31march2026/METOP-C_20250201_AN_DEP.nc
[445380] Saved daily NetCDFs for amsua_ofb_lwda_20250201_NH_SH_variables_filtered_lsm_lower02.odb
Saved summary: /perm/dnk8355/paper2026/netcdf_daily_1april2024_31march2026/METOP-B_20250202_summary.txt
Saved: /perm/dnk8355/paper2026/netcdf_daily_1april2024_31march2026/METOP-B_20250202_OBSVALUE.nc
Saved: /perm/dnk8355/paper2026/netcdf_daily_1april2024_31march2026/METOP-B_20250202_EMIS_WATER.nc
Saved: /perm/dnk8355/paper2026/netcdf_daily_1april2024_31march2026/METOP-B_20250202_TAUSFC.nc
Saved: /perm/dnk8355/paper2026/netcdf_daily_1april2024_31march2026/METOP-B_20250202_TDOWN.nc
Saved: /perm/dnk8355/paper2026/netcdf_daily_1april2024_31march2026/METOP-B_20250202_TUP.nc
Saved: /perm/dnk8355/paper2026/netcdf_daily_1april2024_31march2026/METOP-B_20250202_TAUSFC_CLD.nc
Saved: /perm/dnk8355/paper2026/netcdf_daily_1april2024_31march2026/METOP-B_20250202_TDOWN_CLD.nc
Saved: /perm/dnk8355/paper2026/netcdf_daily_1april2024_31march2026/METOP-B_20250202_TUP_CLD.nc
Saved: /perm/dnk8355/paper2026/netcdf_daily_1april2024_31march2026/METOP-B_20250202_FG_DEP.nc
Saved: /perm/dnk8355/paper2026/netcdf_daily_1april2024_31march2026/METOP-B_20250202_AN_DEP.nc
Saved summary: /perm/dnk8355/paper2026/netcdf_daily_1april2024_31march2026/METOP-C_20250202_summary.txt
Saved: /perm/dnk8355/paper2026/netcdf_daily_1april2024_31march2026/METOP-C_20250202_OBSVALUE.nc
Saved: /perm/dnk8355/paper2026/netcdf_daily_1april2024_31march2026/METOP-C_20250202_EMIS_WATER.nc
Saved: /perm/dnk8355/paper2026/netcdf_daily_1april2024_31march2026/METOP-C_20250202_TAUSFC.nc
Saved: /perm/dnk8355/paper2026/netcdf_daily_1april2024_31march2026/METOP-C_20250202_TDOWN.nc
Saved: /perm/dnk8355/paper2026/netcdf_daily_1april2024_31march2026/METOP-C_20250202_TUP.nc
Saved: /perm/dnk8355/paper2026/netcdf_daily_1april2024_31march2026/METOP-C_20250202_TAUSFC_CLD.nc
Saved: /perm/dnk8355/paper2026/netcdf_daily_1april2024_31march2026/METOP-C_20250202_TDOWN_CLD.nc
Saved: /perm/dnk8355/paper2026/netcdf_daily_1april2024_31march2026/METOP-C_20250202_TUP_CLD.nc
Saved: /perm/dnk8355/paper2026/netcdf_daily_1april2024_31march2026/METOP-C_20250202_FG_DEP.nc
Saved: /perm/dnk8355/paper2026/netcdf_daily_1april2024_31march2026/METOP-C_20250202_AN_DEP.nc
[445380] Saved daily NetCDFs for amsua_ofb_lwda_20250202_NH_SH_variables_filtered_lsm_lower02.odb
Saved summary: /perm/dnk8355/paper2026/netcdf_daily_1april2024_31march2026/METOP-B_20250203_summary.txt
Saved: /perm/dnk8355/paper2026/netcdf_daily_1april2024_31march2026/METOP-B_20250203_OBSVALUE.nc
Saved: /perm/dnk8355/paper2026/netcdf_daily_1april2024_31march2026/METOP-B_20250203_EMIS_WATER.nc
Saved: /perm/dnk8355/paper2026/netcdf_daily_1april2024_31march2026/METOP-B_20250203_TAUSFC.nc
Saved: /perm/dnk8355/paper2026/netcdf_daily_1april2024_31march2026/METOP-B_20250203_TDOWN.nc
Saved: /perm/dnk8355/paper2026/netcdf_daily_1april2024_31march2026/METOP-B_20250203_TUP.nc
Saved: /perm/dnk8355/paper2026/netcdf_daily_1april2024_31march2026/METOP-B_20250203_TAUSFC_CLD.nc
Saved: /perm/dnk8355/paper2026/netcdf_daily_1april2024_31march2026/METOP-B_20250203_TDOWN_CLD.nc
Saved: /perm/dnk8355/paper2026/netcdf_daily_1april2024_31march2026/METOP-B_20250203_TUP_CLD.nc
Saved: /perm/dnk8355/paper2026/netcdf_daily_1april2024_31march2026/METOP-B_20250203_FG_DEP.nc
Saved: /perm/dnk8355/paper2026/netcdf_daily_1april2024_31march2026/METOP-B_20250203_AN_DEP.nc
Saved summary: /perm/dnk8355/paper2026/netcdf_daily_1april2024_31march2026/METOP-C_20250203_summary.txt
Saved: /perm/dnk8355/paper2026/netcdf_daily_1april2024_31march2026/METOP-C_20250203_OBSVALUE.nc
Saved: /perm/dnk8355/paper2026/netcdf_daily_1april2024_31march2026/METOP-C_20250203_EMIS_WATER.nc
Saved: /perm/dnk8355/paper2026/netcdf_daily_1april2024_31march2026/METOP-C_20250203_TAUSFC.nc
Saved: /perm/dnk8355/paper2026/netcdf_daily_1april2024_31march2026/METOP-C_20250203_TDOWN.nc
Saved: /perm/dnk8355/paper2026/netcdf_daily_1april2024_31march2026/METOP-C_20250203_TUP.nc
Saved: /perm/dnk8355/paper2026/netcdf_daily_1april2024_31march2026/METOP-C_20250203_TAUSFC_CLD.nc
Saved: /perm/dnk8355/paper2026/netcdf_daily_1april2024_31march2026/METOP-C_20250203_TDOWN_CLD.nc
Saved: /perm/dnk8355/paper2026/netcdf_daily_1april2024_31march2026/METOP-C_20250203_TUP_CLD.nc
Saved: /perm/dnk8355/paper2026/netcdf_daily_1april2024_31march2026/METOP-C_20250203_FG_DEP.nc
Saved: /perm/dnk8355/paper2026/netcdf_daily_1april2024_31march2026/METOP-C_20250203_AN_DEP.nc
[445380] Saved daily NetCDFs for amsua_ofb_lwda_20250203_NH_SH_variables_filtered_lsm_lower02.odb
Saved summary: /perm/dnk8355/paper2026/netcdf_daily_1april2024_31march2026/METOP-B_20250204_summary.txt
Saved: /perm/dnk8355/paper2026/netcdf_daily_1april2024_31march2026/METOP-B_20250204_OBSVALUE.nc
Saved: /perm/dnk8355/paper2026/netcdf_daily_1april2024_31march2026/METOP-B_20250204_EMIS_WATER.nc
Saved: /perm/dnk8355/paper2026/netcdf_daily_1april2024_31march2026/METOP-B_20250204_TAUSFC.nc
Saved: /perm/dnk8355/paper2026/netcdf_daily_1april2024_31march2026/METOP-B_20250204_TDOWN.nc
Saved: /perm/dnk8355/paper2026/netcdf_daily_1april2024_31march2026/METOP-B_20250204_TUP.nc
Saved: /perm/dnk8355/paper2026/netcdf_daily_1april2024_31march2026/METOP-B_20250204_TAUSFC_CLD.nc
Saved: /perm/dnk8355/paper2026/netcdf_daily_1april2024_31march2026/METOP-B_20250204_TDOWN_CLD.nc
Saved: /perm/dnk8355/paper2026/netcdf_daily_1april2024_31march2026/METOP-B_20250204_TUP_CLD.nc
Saved: /perm/dnk8355/paper2026/netcdf_daily_1april2024_31march2026/METOP-B_20250204_FG_DEP.nc
Saved: /perm/dnk8355/paper2026/netcdf_daily_1april2024_31march2026/METOP-B_20250204_AN_DEP.nc
Saved summary: /perm/dnk8355/paper2026/netcdf_daily_1april2024_31march2026/METOP-C_20250204_summary.txt
Saved: /perm/dnk8355/paper2026/netcdf_daily_1april2024_31march2026/METOP-C_20250204_OBSVALUE.nc
Saved: /perm/dnk8355/paper2026/netcdf_daily_1april2024_31march2026/METOP-C_20250204_EMIS_WATER.nc
Saved: /perm/dnk8355/paper2026/netcdf_daily_1april2024_31march2026/METOP-C_20250204_TAUSFC.nc
Saved: /perm/dnk8355/paper2026/netcdf_daily_1april2024_31march2026/METOP-C_20250204_TDOWN.nc
Saved: /perm/dnk8355/paper2026/netcdf_daily_1april2024_31march2026/METOP-C_20250204_TUP.nc
Saved: /perm/dnk8355/paper2026/netcdf_daily_1april2024_31march2026/METOP-C_20250204_TAUSFC_CLD.nc
Saved: /perm/dnk8355/paper2026/netcdf_daily_1april2024_31march2026/METOP-C_20250204_TDOWN_CLD.nc
Saved: /perm/dnk8355/paper2026/netcdf_daily_1april2024_31march2026/METOP-C_20250204_TUP_CLD.nc
Saved: /perm/dnk8355/paper2026/netcdf_daily_1april2024_31march2026/METOP-C_20250204_FG_DEP.nc
Saved: /perm/dnk8355/paper2026/netcdf_daily_1april2024_31march2026/METOP-C_20250204_AN_DEP.nc
[445380] Saved daily NetCDFs for amsua_ofb_lwda_20250204_NH_SH_variables_filtered_lsm_lower02.odb
Saved summary: /perm/dnk8355/paper2026/netcdf_daily_1april2024_31march2026/METOP-B_20250205_summary.txt
Saved: /perm/dnk8355/paper2026/netcdf_daily_1april2024_31march2026/METOP-B_20250205_OBSVALUE.nc
Saved: /perm/dnk8355/paper2026/netcdf_daily_1april2024_31march2026/METOP-B_20250205_EMIS_WATER.nc
Saved: /perm/dnk8355/paper2026/netcdf_daily_1april2024_31march2026/METOP-B_20250205_TAUSFC.nc
Saved: /perm/dnk8355/paper2026/netcdf_daily_1april2024_31march2026/METOP-B_20250205_TDOWN.nc
Saved: /perm/dnk8355/paper2026/netcdf_daily_1april2024_31march2026/METOP-B_20250205_TUP.nc
Saved: /perm/dnk8355/paper2026/netcdf_daily_1april2024_31march2026/METOP-B_20250205_TAUSFC_CLD.nc
Saved: /perm/dnk8355/paper2026/netcdf_daily_1april2024_31march2026/METOP-B_20250205_TDOWN_CLD.nc
Saved: /perm/dnk8355/paper2026/netcdf_daily_1april2024_31march2026/METOP-B_20250205_TUP_CLD.nc
Saved: /perm/dnk8355/paper2026/netcdf_daily_1april2024_31march2026/METOP-B_20250205_FG_DEP.nc
Saved: /perm/dnk8355/paper2026/netcdf_daily_1april2024_31march2026/METOP-B_20250205_AN_DEP.nc
Saved summary: /perm/dnk8355/paper2026/netcdf_daily_1april2024_31march2026/METOP-C_20250205_summary.txt
Saved: /perm/dnk8355/paper2026/netcdf_daily_1april2024_31march2026/METOP-C_20250205_OBSVALUE.nc
Saved: /perm/dnk8355/paper2026/netcdf_daily_1april2024_31march2026/METOP-C_20250205_EMIS_WATER.nc
Saved: /perm/dnk8355/paper2026/netcdf_daily_1april2024_31march2026/METOP-C_20250205_TAUSFC.nc
Saved: /perm/dnk8355/paper2026/netcdf_daily_1april2024_31march2026/METOP-C_20250205_TDOWN.nc
Saved: /perm/dnk8355/paper2026/netcdf_daily_1april2024_31march2026/METOP-C_20250205_TUP.nc
Saved: /perm/dnk8355/paper2026/netcdf_daily_1april2024_31march2026/METOP-C_20250205_TAUSFC_CLD.nc
Saved: /perm/dnk8355/paper2026/netcdf_daily_1april2024_31march2026/METOP-C_20250205_TDOWN_CLD.nc
Saved: /perm/dnk8355/paper2026/netcdf_daily_1april2024_31march2026/METOP-C_20250205_TUP_CLD.nc
Saved: /perm/dnk8355/paper2026/netcdf_daily_1april2024_31march2026/METOP-C_20250205_FG_DEP.nc
Saved: /perm/dnk8355/paper2026/netcdf_daily_1april2024_31march2026/METOP-C_20250205_AN_DEP.nc
[445380] Saved daily NetCDFs for amsua_ofb_lwda_20250205_NH_SH_variables_filtered_lsm_lower02.odb
Saved summary: /perm/dnk8355/paper2026/netcdf_daily_1april2024_31march2026/METOP-B_20250206_summary.txt
Saved: /perm/dnk8355/paper2026/netcdf_daily_1april2024_31march2026/METOP-B_20250206_OBSVALUE.nc
Saved: /perm/dnk8355/paper2026/netcdf_daily_1april2024_31march2026/METOP-B_20250206_EMIS_WATER.nc
Saved: /perm/dnk8355/paper2026/netcdf_daily_1april2024_31march2026/METOP-B_20250206_TAUSFC.nc
Saved: /perm/dnk8355/paper2026/netcdf_daily_1april2024_31march2026/METOP-B_20250206_TDOWN.nc
Saved: /perm/dnk8355/paper2026/netcdf_daily_1april2024_31march2026/METOP-B_20250206_TUP.nc
Saved: /perm/dnk8355/paper2026/netcdf_daily_1april2024_31march2026/METOP-B_20250206_TAUSFC_CLD.nc
Saved: /perm/dnk8355/paper2026/netcdf_daily_1april2024_31march2026/METOP-B_20250206_TDOWN_CLD.nc
Saved: /perm/dnk8355/paper2026/netcdf_daily_1april2024_31march2026/METOP-B_20250206_TUP_CLD.nc
Saved: /perm/dnk8355/paper2026/netcdf_daily_1april2024_31march2026/METOP-B_20250206_FG_DEP.nc
Saved: /perm/dnk8355/paper2026/netcdf_daily_1april2024_31march2026/METOP-B_20250206_AN_DEP.nc
Saved summary: /perm/dnk8355/paper2026/netcdf_daily_1april2024_31march2026/METOP-C_20250206_summary.txt
Saved: /perm/dnk8355/paper2026/netcdf_daily_1april2024_31march2026/METOP-C_20250206_OBSVALUE.nc
Saved: /perm/dnk8355/paper2026/netcdf_daily_1april2024_31march2026/METOP-C_20250206_EMIS_WATER.nc
Saved: /perm/dnk8355/paper2026/netcdf_daily_1april2024_31march2026/METOP-C_20250206_TAUSFC.nc
Saved: /perm/dnk8355/paper2026/netcdf_daily_1april2024_31march2026/METOP-C_20250206_TDOWN.nc
Saved: /perm/dnk8355/paper2026/netcdf_daily_1april2024_31march2026/METOP-C_20250206_TUP.nc
Saved: /perm/dnk8355/paper2026/netcdf_daily_1april2024_31march2026/METOP-C_20250206_TAUSFC_CLD.nc
Saved: /perm/dnk8355/paper2026/netcdf_daily_1april2024_31march2026/METOP-C_20250206_TDOWN_CLD.nc
Saved: /perm/dnk8355/paper2026/netcdf_daily_1april2024_31march2026/METOP-C_20250206_TUP_CLD.nc
Saved: /perm/dnk8355/paper2026/netcdf_daily_1april2024_31march2026/METOP-C_20250206_FG_DEP.nc
Saved: /perm/dnk8355/paper2026/netcdf_daily_1april2024_31march2026/METOP-C_20250206_AN_DEP.nc
[445380] Saved daily NetCDFs for amsua_ofb_lwda_20250206_NH_SH_variables_filtered_lsm_lower02.odb
Saved summary: /perm/dnk8355/paper2026/netcdf_daily_1april2024_31march2026/METOP-B_20250207_summary.txt
Saved: /perm/dnk8355/paper2026/netcdf_daily_1april2024_31march2026/METOP-B_20250207_OBSVALUE.nc
Saved: /perm/dnk8355/paper2026/netcdf_daily_1april2024_31march2026/METOP-B_20250207_EMIS_WATER.nc
Saved: /perm/dnk8355/paper2026/netcdf_daily_1april2024_31march2026/METOP-B_20250207_TAUSFC.nc
Saved: /perm/dnk8355/paper2026/netcdf_daily_1april2024_31march2026/METOP-B_20250207_TDOWN.nc
Saved: /perm/dnk8355/paper2026/netcdf_daily_1april2024_31march2026/METOP-B_20250207_TUP.nc
Saved: /perm/dnk8355/paper2026/netcdf_daily_1april2024_31march2026/METOP-B_20250207_TAUSFC_CLD.nc
Saved: /perm/dnk8355/paper2026/netcdf_daily_1april2024_31march2026/METOP-B_20250207_TDOWN_CLD.nc
Saved: /perm/dnk8355/paper2026/netcdf_daily_1april2024_31march2026/METOP-B_20250207_TUP_CLD.nc
Saved: /perm/dnk8355/paper2026/netcdf_daily_1april2024_31march2026/METOP-B_20250207_FG_DEP.nc
Saved: /perm/dnk8355/paper2026/netcdf_daily_1april2024_31march2026/METOP-B_20250207_AN_DEP.nc
Saved summary: /perm/dnk8355/paper2026/netcdf_daily_1april2024_31march2026/METOP-C_20250207_summary.txt
Saved: /perm/dnk8355/paper2026/netcdf_daily_1april2024_31march2026/METOP-C_20250207_OBSVALUE.nc
Saved: /perm/dnk8355/paper2026/netcdf_daily_1april2024_31march2026/METOP-C_20250207_EMIS_WATER.nc
Saved: /perm/dnk8355/paper2026/netcdf_daily_1april2024_31march2026/METOP-C_20250207_TAUSFC.nc
Saved: /perm/dnk8355/paper2026/netcdf_daily_1april2024_31march2026/METOP-C_20250207_TDOWN.nc
Saved: /perm/dnk8355/paper2026/netcdf_daily_1april2024_31march2026/METOP-C_20250207_TUP.nc
Saved: /perm/dnk8355/paper2026/netcdf_daily_1april2024_31march2026/METOP-C_20250207_TAUSFC_CLD.nc
Saved: /perm/dnk8355/paper2026/netcdf_daily_1april2024_31march2026/METOP-C_20250207_TDOWN_CLD.nc
Saved: /perm/dnk8355/paper2026/netcdf_daily_1april2024_31march2026/METOP-C_20250207_TUP_CLD.nc
Saved: /perm/dnk8355/paper2026/netcdf_daily_1april2024_31march2026/METOP-C_20250207_FG_DEP.nc
Saved: /perm/dnk8355/paper2026/netcdf_daily_1april2024_31march2026/METOP-C_20250207_AN_DEP.nc
[445380] Saved daily NetCDFs for amsua_ofb_lwda_20250207_NH_SH_variables_filtered_lsm_lower02.odb
Saved summary: /perm/dnk8355/paper2026/netcdf_daily_1april2024_31march2026/METOP-B_20250208_summary.txt
Saved: /perm/dnk8355/paper2026/netcdf_daily_1april2024_31march2026/METOP-B_20250208_OBSVALUE.nc
Saved: /perm/dnk8355/paper2026/netcdf_daily_1april2024_31march2026/METOP-B_20250208_EMIS_WATER.nc
Saved: /perm/dnk8355/paper2026/netcdf_daily_1april2024_31march2026/METOP-B_20250208_TAUSFC.nc
Saved: /perm/dnk8355/paper2026/netcdf_daily_1april2024_31march2026/METOP-B_20250208_TDOWN.nc
Saved: /perm/dnk8355/paper2026/netcdf_daily_1april2024_31march2026/METOP-B_20250208_TUP.nc
Saved: /perm/dnk8355/paper2026/netcdf_daily_1april2024_31march2026/METOP-B_20250208_TAUSFC_CLD.nc
Saved: /perm/dnk8355/paper2026/netcdf_daily_1april2024_31march2026/METOP-B_20250208_TDOWN_CLD.nc
Saved: /perm/dnk8355/paper2026/netcdf_daily_1april2024_31march2026/METOP-B_20250208_TUP_CLD.nc
Saved: /perm/dnk8355/paper2026/netcdf_daily_1april2024_31march2026/METOP-B_20250208_FG_DEP.nc
Saved: /perm/dnk8355/paper2026/netcdf_daily_1april2024_31march2026/METOP-B_20250208_AN_DEP.nc
Saved summary: /perm/dnk8355/paper2026/netcdf_daily_1april2024_31march2026/METOP-C_20250208_summary.txt
Saved: /perm/dnk8355/paper2026/netcdf_daily_1april2024_31march2026/METOP-C_20250208_OBSVALUE.nc
Saved: /perm/dnk8355/paper2026/netcdf_daily_1april2024_31march2026/METOP-C_20250208_EMIS_WATER.nc
Saved: /perm/dnk8355/paper2026/netcdf_daily_1april2024_31march2026/METOP-C_20250208_TAUSFC.nc
Saved: /perm/dnk8355/paper2026/netcdf_daily_1april2024_31march2026/METOP-C_20250208_TDOWN.nc
Saved: /perm/dnk8355/paper2026/netcdf_daily_1april2024_31march2026/METOP-C_20250208_TUP.nc
Saved: /perm/dnk8355/paper2026/netcdf_daily_1april2024_31march2026/METOP-C_20250208_TAUSFC_CLD.nc
Saved: /perm/dnk8355/paper2026/netcdf_daily_1april2024_31march2026/METOP-C_20250208_TDOWN_CLD.nc
Saved: /perm/dnk8355/paper2026/netcdf_daily_1april2024_31march2026/METOP-C_20250208_TUP_CLD.nc
Saved: /perm/dnk8355/paper2026/netcdf_daily_1april2024_31march2026/METOP-C_20250208_FG_DEP.nc
Saved: /perm/dnk8355/paper2026/netcdf_daily_1april2024_31march2026/METOP-C_20250208_AN_DEP.nc
[445380] Saved daily NetCDFs for amsua_ofb_lwda_20250208_NH_SH_variables_filtered_lsm_lower02.odb
Saved summary: /perm/dnk8355/paper2026/netcdf_daily_1april2024_31march2026/METOP-B_20250209_summary.txt
Saved: /perm/dnk8355/paper2026/netcdf_daily_1april2024_31march2026/METOP-B_20250209_OBSVALUE.nc
Saved: /perm/dnk8355/paper2026/netcdf_daily_1april2024_31march2026/METOP-B_20250209_EMIS_WATER.nc
Saved: /perm/dnk8355/paper2026/netcdf_daily_1april2024_31march2026/METOP-B_20250209_TAUSFC.nc
Saved: /perm/dnk8355/paper2026/netcdf_daily_1april2024_31march2026/METOP-B_20250209_TDOWN.nc
Saved: /perm/dnk8355/paper2026/netcdf_daily_1april2024_31march2026/METOP-B_20250209_TUP.nc
Saved: /perm/dnk8355/paper2026/netcdf_daily_1april2024_31march2026/METOP-B_20250209_TAUSFC_CLD.nc
Saved: /perm/dnk8355/paper2026/netcdf_daily_1april2024_31march2026/METOP-B_20250209_TDOWN_CLD.nc
Saved: /perm/dnk8355/paper2026/netcdf_daily_1april2024_31march2026/METOP-B_20250209_TUP_CLD.nc
Saved: /perm/dnk8355/paper2026/netcdf_daily_1april2024_31march2026/METOP-B_20250209_FG_DEP.nc
Saved: /perm/dnk8355/paper2026/netcdf_daily_1april2024_31march2026/METOP-B_20250209_AN_DEP.nc
Saved summary: /perm/dnk8355/paper2026/netcdf_daily_1april2024_31march2026/METOP-C_20250209_summary.txt
Saved: /perm/dnk8355/paper2026/netcdf_daily_1april2024_31march2026/METOP-C_20250209_OBSVALUE.nc
Saved: /perm/dnk8355/paper2026/netcdf_daily_1april2024_31march2026/METOP-C_20250209_EMIS_WATER.nc
Saved: /perm/dnk8355/paper2026/netcdf_daily_1april2024_31march2026/METOP-C_20250209_TAUSFC.nc
Saved: /perm/dnk8355/paper2026/netcdf_daily_1april2024_31march2026/METOP-C_20250209_TDOWN.nc
Saved: /perm/dnk8355/paper2026/netcdf_daily_1april2024_31march2026/METOP-C_20250209_TUP.nc
Saved: /perm/dnk8355/paper2026/netcdf_daily_1april2024_31march2026/METOP-C_20250209_TAUSFC_CLD.nc
Saved: /perm/dnk8355/paper2026/netcdf_daily_1april2024_31march2026/METOP-C_20250209_TDOWN_CLD.nc
Saved: /perm/dnk8355/paper2026/netcdf_daily_1april2024_31march2026/METOP-C_20250209_TUP_CLD.nc
Saved: /perm/dnk8355/paper2026/netcdf_daily_1april2024_31march2026/METOP-C_20250209_FG_DEP.nc
Saved: /perm/dnk8355/paper2026/netcdf_daily_1april2024_31march2026/METOP-C_20250209_AN_DEP.nc
[445380] Saved daily NetCDFs for amsua_ofb_lwda_20250209_NH_SH_variables_filtered_lsm_lower02.odb
Saved summary: /perm/dnk8355/paper2026/netcdf_daily_1april2024_31march2026/METOP-B_20250210_summary.txt
Saved: /perm/dnk8355/paper2026/netcdf_daily_1april2024_31march2026/METOP-B_20250210_OBSVALUE.nc
Saved: /perm/dnk8355/paper2026/netcdf_daily_1april2024_31march2026/METOP-B_20250210_EMIS_WATER.nc
Saved: /perm/dnk8355/paper2026/netcdf_daily_1april2024_31march2026/METOP-B_20250210_TAUSFC.nc
Saved: /perm/dnk8355/paper2026/netcdf_daily_1april2024_31march2026/METOP-B_20250210_TDOWN.nc
Saved: /perm/dnk8355/paper2026/netcdf_daily_1april2024_31march2026/METOP-B_20250210_TUP.nc
Saved: /perm/dnk8355/paper2026/netcdf_daily_1april2024_31march2026/METOP-B_20250210_TAUSFC_CLD.nc
Saved: /perm/dnk8355/paper2026/netcdf_daily_1april2024_31march2026/METOP-B_20250210_TDOWN_CLD.nc
Saved: /perm/dnk8355/paper2026/netcdf_daily_1april2024_31march2026/METOP-B_20250210_TUP_CLD.nc
Saved: /perm/dnk8355/paper2026/netcdf_daily_1april2024_31march2026/METOP-B_20250210_FG_DEP.nc
Saved: /perm/dnk8355/paper2026/netcdf_daily_1april2024_31march2026/METOP-B_20250210_AN_DEP.nc
Saved summary: /perm/dnk8355/paper2026/netcdf_daily_1april2024_31march2026/METOP-C_20250210_summary.txt
Saved: /perm/dnk8355/paper2026/netcdf_daily_1april2024_31march2026/METOP-C_20250210_OBSVALUE.nc
Saved: /perm/dnk8355/paper2026/netcdf_daily_1april2024_31march2026/METOP-C_20250210_EMIS_WATER.nc
Saved: /perm/dnk8355/paper2026/netcdf_daily_1april2024_31march2026/METOP-C_20250210_TAUSFC.nc
Saved: /perm/dnk8355/paper2026/netcdf_daily_1april2024_31march2026/METOP-C_20250210_TDOWN.nc
Saved: /perm/dnk8355/paper2026/netcdf_daily_1april2024_31march2026/METOP-C_20250210_TUP.nc
Saved: /perm/dnk8355/paper2026/netcdf_daily_1april2024_31march2026/METOP-C_20250210_TAUSFC_CLD.nc
Saved: /perm/dnk8355/paper2026/netcdf_daily_1april2024_31march2026/METOP-C_20250210_TDOWN_CLD.nc
Saved: /perm/dnk8355/paper2026/netcdf_daily_1april2024_31march2026/METOP-C_20250210_TUP_CLD.nc
Saved: /perm/dnk8355/paper2026/netcdf_daily_1april2024_31march2026/METOP-C_20250210_FG_DEP.nc
Saved: /perm/dnk8355/paper2026/netcdf_daily_1april2024_31march2026/METOP-C_20250210_AN_DEP.nc
[445380] Saved daily NetCDFs for amsua_ofb_lwda_20250210_NH_SH_variables_filtered_lsm_lower02.odb
Saved summary: /perm/dnk8355/paper2026/netcdf_daily_1april2024_31march2026/METOP-B_20250211_summary.txt
Saved: /perm/dnk8355/paper2026/netcdf_daily_1april2024_31march2026/METOP-B_20250211_OBSVALUE.nc
Saved: /perm/dnk8355/paper2026/netcdf_daily_1april2024_31march2026/METOP-B_20250211_EMIS_WATER.nc
Saved: /perm/dnk8355/paper2026/netcdf_daily_1april2024_31march2026/METOP-B_20250211_TAUSFC.nc
Saved: /perm/dnk8355/paper2026/netcdf_daily_1april2024_31march2026/METOP-B_20250211_TDOWN.nc
Saved: /perm/dnk8355/paper2026/netcdf_daily_1april2024_31march2026/METOP-B_20250211_TUP.nc
Saved: /perm/dnk8355/paper2026/netcdf_daily_1april2024_31march2026/METOP-B_20250211_TAUSFC_CLD.nc
Saved: /perm/dnk8355/paper2026/netcdf_daily_1april2024_31march2026/METOP-B_20250211_TDOWN_CLD.nc
Saved: /perm/dnk8355/paper2026/netcdf_daily_1april2024_31march2026/METOP-B_20250211_TUP_CLD.nc
Saved: /perm/dnk8355/paper2026/netcdf_daily_1april2024_31march2026/METOP-B_20250211_FG_DEP.nc
Saved: /perm/dnk8355/paper2026/netcdf_daily_1april2024_31march2026/METOP-B_20250211_AN_DEP.nc
Saved summary: /perm/dnk8355/paper2026/netcdf_daily_1april2024_31march2026/METOP-C_20250211_summary.txt
Saved: /perm/dnk8355/paper2026/netcdf_daily_1april2024_31march2026/METOP-C_20250211_OBSVALUE.nc
Saved: /perm/dnk8355/paper2026/netcdf_daily_1april2024_31march2026/METOP-C_20250211_EMIS_WATER.nc
Saved: /perm/dnk8355/paper2026/netcdf_daily_1april2024_31march2026/METOP-C_20250211_TAUSFC.nc
Saved: /perm/dnk8355/paper2026/netcdf_daily_1april2024_31march2026/METOP-C_20250211_TDOWN.nc
Saved: /perm/dnk8355/paper2026/netcdf_daily_1april2024_31march2026/METOP-C_20250211_TUP.nc
Saved: /perm/dnk8355/paper2026/netcdf_daily_1april2024_31march2026/METOP-C_20250211_TAUSFC_CLD.nc
Saved: /perm/dnk8355/paper2026/netcdf_daily_1april2024_31march2026/METOP-C_20250211_TDOWN_CLD.nc
Saved: /perm/dnk8355/paper2026/netcdf_daily_1april2024_31march2026/METOP-C_20250211_TUP_CLD.nc
Saved: /perm/dnk8355/paper2026/netcdf_daily_1april2024_31march2026/METOP-C_20250211_FG_DEP.nc
Saved: /perm/dnk8355/paper2026/netcdf_daily_1april2024_31march2026/METOP-C_20250211_AN_DEP.nc
[445380] Saved daily NetCDFs for amsua_ofb_lwda_20250211_NH_SH_variables_filtered_lsm_lower02.odb
Saved summary: /perm/dnk8355/paper2026/netcdf_daily_1april2024_31march2026/METOP-B_20250212_summary.txt
Saved: /perm/dnk8355/paper2026/netcdf_daily_1april2024_31march2026/METOP-B_20250212_OBSVALUE.nc
Saved: /perm/dnk8355/paper2026/netcdf_daily_1april2024_31march2026/METOP-B_20250212_EMIS_WATER.nc
Saved: /perm/dnk8355/paper2026/netcdf_daily_1april2024_31march2026/METOP-B_20250212_TAUSFC.nc
Saved: /perm/dnk8355/paper2026/netcdf_daily_1april2024_31march2026/METOP-B_20250212_TDOWN.nc
Saved: /perm/dnk8355/paper2026/netcdf_daily_1april2024_31march2026/METOP-B_20250212_TUP.nc
Saved: /perm/dnk8355/paper2026/netcdf_daily_1april2024_31march2026/METOP-B_20250212_TAUSFC_CLD.nc
Saved: /perm/dnk8355/paper2026/netcdf_daily_1april2024_31march2026/METOP-B_20250212_TDOWN_CLD.nc
Saved: /perm/dnk8355/paper2026/netcdf_daily_1april2024_31march2026/METOP-B_20250212_TUP_CLD.nc
Saved: /perm/dnk8355/paper2026/netcdf_daily_1april2024_31march2026/METOP-B_20250212_FG_DEP.nc
Saved: /perm/dnk8355/paper2026/netcdf_daily_1april2024_31march2026/METOP-B_20250212_AN_DEP.nc
Saved summary: /perm/dnk8355/paper2026/netcdf_daily_1april2024_31march2026/METOP-C_20250212_summary.txt
Saved: /perm/dnk8355/paper2026/netcdf_daily_1april2024_31march2026/METOP-C_20250212_OBSVALUE.nc
Saved: /perm/dnk8355/paper2026/netcdf_daily_1april2024_31march2026/METOP-C_20250212_EMIS_WATER.nc
Saved: /perm/dnk8355/paper2026/netcdf_daily_1april2024_31march2026/METOP-C_20250212_TAUSFC.nc
Saved: /perm/dnk8355/paper2026/netcdf_daily_1april2024_31march2026/METOP-C_20250212_TDOWN.nc
Saved: /perm/dnk8355/paper2026/netcdf_daily_1april2024_31march2026/METOP-C_20250212_TUP.nc
Saved: /perm/dnk8355/paper2026/netcdf_daily_1april2024_31march2026/METOP-C_20250212_TAUSFC_CLD.nc
Saved: /perm/dnk8355/paper2026/netcdf_daily_1april2024_31march2026/METOP-C_20250212_TDOWN_CLD.nc
Saved: /perm/dnk8355/paper2026/netcdf_daily_1april2024_31march2026/METOP-C_20250212_TUP_CLD.nc
Saved: /perm/dnk8355/paper2026/netcdf_daily_1april2024_31march2026/METOP-C_20250212_FG_DEP.nc
Saved: /perm/dnk8355/paper2026/netcdf_daily_1april2024_31march2026/METOP-C_20250212_AN_DEP.nc
[445380] Saved daily NetCDFs for amsua_ofb_lwda_20250212_NH_SH_variables_filtered_lsm_lower02.odb
Saved summary: /perm/dnk8355/paper2026/netcdf_daily_1april2024_31march2026/METOP-B_20250213_summary.txt
Saved: /perm/dnk8355/paper2026/netcdf_daily_1april2024_31march2026/METOP-B_20250213_OBSVALUE.nc
Saved: /perm/dnk8355/paper2026/netcdf_daily_1april2024_31march2026/METOP-B_20250213_EMIS_WATER.nc
Saved: /perm/dnk8355/paper2026/netcdf_daily_1april2024_31march2026/METOP-B_20250213_TAUSFC.nc
Saved: /perm/dnk8355/paper2026/netcdf_daily_1april2024_31march2026/METOP-B_20250213_TDOWN.nc
Saved: /perm/dnk8355/paper2026/netcdf_daily_1april2024_31march2026/METOP-B_20250213_TUP.nc
Saved: /perm/dnk8355/paper2026/netcdf_daily_1april2024_31march2026/METOP-B_20250213_TAUSFC_CLD.nc
Saved: /perm/dnk8355/paper2026/netcdf_daily_1april2024_31march2026/METOP-B_20250213_TDOWN_CLD.nc
Saved: /perm/dnk8355/paper2026/netcdf_daily_1april2024_31march2026/METOP-B_20250213_TUP_CLD.nc
Saved: /perm/dnk8355/paper2026/netcdf_daily_1april2024_31march2026/METOP-B_20250213_FG_DEP.nc
Saved: /perm/dnk8355/paper2026/netcdf_daily_1april2024_31march2026/METOP-B_20250213_AN_DEP.nc
Saved summary: /perm/dnk8355/paper2026/netcdf_daily_1april2024_31march2026/METOP-C_20250213_summary.txt
Saved: /perm/dnk8355/paper2026/netcdf_daily_1april2024_31march2026/METOP-C_20250213_OBSVALUE.nc
Saved: /perm/dnk8355/paper2026/netcdf_daily_1april2024_31march2026/METOP-C_20250213_EMIS_WATER.nc
Saved: /perm/dnk8355/paper2026/netcdf_daily_1april2024_31march2026/METOP-C_20250213_TAUSFC.nc
Saved: /perm/dnk8355/paper2026/netcdf_daily_1april2024_31march2026/METOP-C_20250213_TDOWN.nc
Saved: /perm/dnk8355/paper2026/netcdf_daily_1april2024_31march2026/METOP-B_20250302_TAUSFC.nc
Saved: /perm/dnk8355/paper2026/netcdf_daily_1april2024_31march2026/METOP-B_20250302_TDOWN.nc
Saved: /perm/dnk8355/paper2026/netcdf_daily_1april2024_31march2026/METOP-B_20250302_TUP.nc
Saved: /perm/dnk8355/paper2026/netcdf_daily_1april2024_31march2026/METOP-B_20250302_TAUSFC_CLD.nc
Saved: /perm/dnk8355/paper2026/netcdf_daily_1april2024_31march2026/METOP-B_20250302_TDOWN_CLD.nc
Saved: /perm/dnk8355/paper2026/netcdf_daily_1april2024_31march2026/METOP-B_20250302_TUP_CLD.nc
Saved: /perm/dnk8355/paper2026/netcdf_daily_1april2024_31march2026/METOP-B_20250302_FG_DEP.nc
Saved: /perm/dnk8355/paper2026/netcdf_daily_1april2024_31march2026/METOP-B_20250302_AN_DEP.nc
Saved summary: /perm/dnk8355/paper2026/netcdf_daily_1april2024_31march2026/METOP-C_20250302_summary.txt
Saved: /perm/dnk8355/paper2026/netcdf_daily_1april2024_31march2026/METOP-C_20250302_OBSVALUE.nc
Saved: /perm/dnk8355/paper2026/netcdf_daily_1april2024_31march2026/METOP-C_20250302_EMIS_WATER.nc
Saved: /perm/dnk8355/paper2026/netcdf_daily_1april2024_31march2026/METOP-C_20250302_TAUSFC.nc
Saved: /perm/dnk8355/paper2026/netcdf_daily_1april2024_31march2026/METOP-C_20250302_TDOWN.nc
Saved: /perm/dnk8355/paper2026/netcdf_daily_1april2024_31march2026/METOP-C_20250302_TUP.nc
Saved: /perm/dnk8355/paper2026/netcdf_daily_1april2024_31march2026/METOP-C_20250302_TAUSFC_CLD.nc
Saved: /perm/dnk8355/paper2026/netcdf_daily_1april2024_31march2026/METOP-C_20250302_TDOWN_CLD.nc
Saved: /perm/dnk8355/paper2026/netcdf_daily_1april2024_31march2026/METOP-C_20250302_TUP_CLD.nc
Saved: /perm/dnk8355/paper2026/netcdf_daily_1april2024_31march2026/METOP-C_20250302_FG_DEP.nc
Saved: /perm/dnk8355/paper2026/netcdf_daily_1april2024_31march2026/METOP-C_20250302_AN_DEP.nc
[445382] Saved daily NetCDFs for amsua_ofb_lwda_20250302_NH_SH_variables_filtered_lsm_lower02.odb
Saved summary: /perm/dnk8355/paper2026/netcdf_daily_1april2024_31march2026/METOP-B_20250303_summary.txt
Saved: /perm/dnk8355/paper2026/netcdf_daily_1april2024_31march2026/METOP-B_20250303_OBSVALUE.nc
Saved: /perm/dnk8355/paper2026/netcdf_daily_1april2024_31march2026/METOP-B_20250303_EMIS_WATER.nc
Saved: /perm/dnk8355/paper2026/netcdf_daily_1april2024_31march2026/METOP-B_20250303_TAUSFC.nc
Saved: /perm/dnk8355/paper2026/netcdf_daily_1april2024_31march2026/METOP-B_20250303_TDOWN.nc
Saved: /perm/dnk8355/paper2026/netcdf_daily_1april2024_31march2026/METOP-B_20250303_TUP.nc
Saved: /perm/dnk8355/paper2026/netcdf_daily_1april2024_31march2026/METOP-B_20250303_TAUSFC_CLD.nc
Saved: /perm/dnk8355/paper2026/netcdf_daily_1april2024_31march2026/METOP-B_20250303_TDOWN_CLD.nc
Saved: /perm/dnk8355/paper2026/netcdf_daily_1april2024_31march2026/METOP-B_20250303_TUP_CLD.nc
Saved: /perm/dnk8355/paper2026/netcdf_daily_1april2024_31march2026/METOP-B_20250303_FG_DEP.nc
Saved: /perm/dnk8355/paper2026/netcdf_daily_1april2024_31march2026/METOP-B_20250303_AN_DEP.nc
Saved summary: /perm/dnk8355/paper2026/netcdf_daily_1april2024_31march2026/METOP-C_20250303_summary.txt
Saved: /perm/dnk8355/paper2026/netcdf_daily_1april2024_31march2026/METOP-C_20250303_OBSVALUE.nc
Saved: /perm/dnk8355/paper2026/netcdf_daily_1april2024_31march2026/METOP-C_20250303_EMIS_WATER.nc
Saved: /perm/dnk8355/paper2026/netcdf_daily_1april2024_31march2026/METOP-C_20250303_TAUSFC.nc
Saved: /perm/dnk8355/paper2026/netcdf_daily_1april2024_31march2026/METOP-C_20250303_TDOWN.nc
Saved: /perm/dnk8355/paper2026/netcdf_daily_1april2024_31march2026/METOP-C_20250303_TUP.nc
Saved: /perm/dnk8355/paper2026/netcdf_daily_1april2024_31march2026/METOP-C_20250303_TAUSFC_CLD.nc
Saved: /perm/dnk8355/paper2026/netcdf_daily_1april2024_31march2026/METOP-C_20250303_TDOWN_CLD.nc
Saved: /perm/dnk8355/paper2026/netcdf_daily_1april2024_31march2026/METOP-C_20250303_TUP_CLD.nc
Saved: /perm/dnk8355/paper2026/netcdf_daily_1april2024_31march2026/METOP-C_20250303_FG_DEP.nc
Saved: /perm/dnk8355/paper2026/netcdf_daily_1april2024_31march2026/METOP-C_20250303_AN_DEP.nc
[445382] Saved daily NetCDFs for amsua_ofb_lwda_20250303_NH_SH_variables_filtered_lsm_lower02.odb
Saved summary: /perm/dnk8355/paper2026/netcdf_daily_1april2024_31march2026/METOP-B_20250304_summary.txt
Saved: /perm/dnk8355/paper2026/netcdf_daily_1april2024_31march2026/METOP-B_20250304_OBSVALUE.nc
Saved: /perm/dnk8355/paper2026/netcdf_daily_1april2024_31march2026/METOP-B_20250304_EMIS_WATER.nc
Saved: /perm/dnk8355/paper2026/netcdf_daily_1april2024_31march2026/METOP-B_20250304_TAUSFC.nc
Saved: /perm/dnk8355/paper2026/netcdf_daily_1april2024_31march2026/METOP-B_20250304_TDOWN.nc
Saved: /perm/dnk8355/paper2026/netcdf_daily_1april2024_31march2026/METOP-B_20250304_TUP.nc
Saved: /perm/dnk8355/paper2026/netcdf_daily_1april2024_31march2026/METOP-B_20250304_TAUSFC_CLD.nc
Saved: /perm/dnk8355/paper2026/netcdf_daily_1april2024_31march2026/METOP-B_20250304_TDOWN_CLD.nc
Saved: /perm/dnk8355/paper2026/netcdf_daily_1april2024_31march2026/METOP-B_20250304_TUP_CLD.nc
Saved: /perm/dnk8355/paper2026/netcdf_daily_1april2024_31march2026/METOP-B_20250304_FG_DEP.nc
Saved: /perm/dnk8355/paper2026/netcdf_daily_1april2024_31march2026/METOP-B_20250304_AN_DEP.nc
Saved summary: /perm/dnk8355/paper2026/netcdf_daily_1april2024_31march2026/METOP-C_20250304_summary.txt
Saved: /perm/dnk8355/paper2026/netcdf_daily_1april2024_31march2026/METOP-C_20250304_OBSVALUE.nc
Saved: /perm/dnk8355/paper2026/netcdf_daily_1april2024_31march2026/METOP-C_20250304_EMIS_WATER.nc
Saved: /perm/dnk8355/paper2026/netcdf_daily_1april2024_31march2026/METOP-C_20250304_TAUSFC.nc
Saved: /perm/dnk8355/paper2026/netcdf_daily_1april2024_31march2026/METOP-C_20250304_TDOWN.nc
Saved: /perm/dnk8355/paper2026/netcdf_daily_1april2024_31march2026/METOP-C_20250304_TUP.nc
Saved: /perm/dnk8355/paper2026/netcdf_daily_1april2024_31march2026/METOP-C_20250304_TAUSFC_CLD.nc
Saved: /perm/dnk8355/paper2026/netcdf_daily_1april2024_31march2026/METOP-C_20250304_TDOWN_CLD.nc
Saved: /perm/dnk8355/paper2026/netcdf_daily_1april2024_31march2026/METOP-C_20250304_TUP_CLD.nc
Saved: /perm/dnk8355/paper2026/netcdf_daily_1april2024_31march2026/METOP-C_20250304_FG_DEP.nc
Saved: /perm/dnk8355/paper2026/netcdf_daily_1april2024_31march2026/METOP-C_20250304_AN_DEP.nc
[445382] Saved daily NetCDFs for amsua_ofb_lwda_20250304_NH_SH_variables_filtered_lsm_lower02.odb
Saved summary: /perm/dnk8355/paper2026/netcdf_daily_1april2024_31march2026/METOP-B_20250305_summary.txt
Saved: /perm/dnk8355/paper2026/netcdf_daily_1april2024_31march2026/METOP-B_20250305_OBSVALUE.nc
Saved: /perm/dnk8355/paper2026/netcdf_daily_1april2024_31march2026/METOP-B_20250305_EMIS_WATER.nc
Saved: /perm/dnk8355/paper2026/netcdf_daily_1april2024_31march2026/METOP-B_20250305_TAUSFC.nc
Saved: /perm/dnk8355/paper2026/netcdf_daily_1april2024_31march2026/METOP-B_20250305_TDOWN.nc
Saved: /perm/dnk8355/paper2026/netcdf_daily_1april2024_31march2026/METOP-B_20250305_TUP.nc
Saved: /perm/dnk8355/paper2026/netcdf_daily_1april2024_31march2026/METOP-B_20250305_TAUSFC_CLD.nc
Saved: /perm/dnk8355/paper2026/netcdf_daily_1april2024_31march2026/METOP-B_20250305_TDOWN_CLD.nc
Saved: /perm/dnk8355/paper2026/netcdf_daily_1april2024_31march2026/METOP-B_20250305_TUP_CLD.nc
Saved: /perm/dnk8355/paper2026/netcdf_daily_1april2024_31march2026/METOP-B_20250305_FG_DEP.nc
Saved: /perm/dnk8355/paper2026/netcdf_daily_1april2024_31march2026/METOP-B_20250305_AN_DEP.nc
Saved summary: /perm/dnk8355/paper2026/netcdf_daily_1april2024_31march2026/METOP-C_20250305_summary.txt
Saved: /perm/dnk8355/paper2026/netcdf_daily_1april2024_31march2026/METOP-C_20250305_OBSVALUE.nc
Saved: /perm/dnk8355/paper2026/netcdf_daily_1april2024_31march2026/METOP-C_20250305_EMIS_WATER.nc
Saved: /perm/dnk8355/paper2026/netcdf_daily_1april2024_31march2026/METOP-C_20250305_TAUSFC.nc
Saved: /perm/dnk8355/paper2026/netcdf_daily_1april2024_31march2026/METOP-C_20250305_TDOWN.nc
Saved: /perm/dnk8355/paper2026/netcdf_daily_1april2024_31march2026/METOP-C_20250305_TUP.nc
Saved: /perm/dnk8355/paper2026/netcdf_daily_1april2024_31march2026/METOP-C_20250305_TAUSFC_CLD.nc
Saved: /perm/dnk8355/paper2026/netcdf_daily_1april2024_31march2026/METOP-C_20250305_TDOWN_CLD.nc
Saved: /perm/dnk8355/paper2026/netcdf_daily_1april2024_31march2026/METOP-C_20250305_TUP_CLD.nc
Saved: /perm/dnk8355/paper2026/netcdf_daily_1april2024_31march2026/METOP-C_20250305_FG_DEP.nc
Saved: /perm/dnk8355/paper2026/netcdf_daily_1april2024_31march2026/METOP-C_20250305_AN_DEP.nc
[445382] Saved daily NetCDFs for amsua_ofb_lwda_20250305_NH_SH_variables_filtered_lsm_lower02.odb
Saved summary: /perm/dnk8355/paper2026/netcdf_daily_1april2024_31march2026/METOP-B_20250306_summary.txt
Saved: /perm/dnk8355/paper2026/netcdf_daily_1april2024_31march2026/METOP-B_20250306_OBSVALUE.nc
Saved: /perm/dnk8355/paper2026/netcdf_daily_1april2024_31march2026/METOP-B_20250306_EMIS_WATER.nc
Saved: /perm/dnk8355/paper2026/netcdf_daily_1april2024_31march2026/METOP-B_20250306_TAUSFC.nc
Saved: /perm/dnk8355/paper2026/netcdf_daily_1april2024_31march2026/METOP-B_20250306_TDOWN.nc
Saved: /perm/dnk8355/paper2026/netcdf_daily_1april2024_31march2026/METOP-B_20250306_TUP.nc
Saved: /perm/dnk8355/paper2026/netcdf_daily_1april2024_31march2026/METOP-B_20250306_TAUSFC_CLD.nc
Saved: /perm/dnk8355/paper2026/netcdf_daily_1april2024_31march2026/METOP-B_20250306_TDOWN_CLD.nc
Saved: /perm/dnk8355/paper2026/netcdf_daily_1april2024_31march2026/METOP-B_20250306_TUP_CLD.nc
Saved: /perm/dnk8355/paper2026/netcdf_daily_1april2024_31march2026/METOP-B_20250306_FG_DEP.nc
Saved: /perm/dnk8355/paper2026/netcdf_daily_1april2024_31march2026/METOP-B_20250306_AN_DEP.nc
Saved summary: /perm/dnk8355/paper2026/netcdf_daily_1april2024_31march2026/METOP-C_20250306_summary.txt
Saved: /perm/dnk8355/paper2026/netcdf_daily_1april2024_31march2026/METOP-C_20250306_OBSVALUE.nc
Saved: /perm/dnk8355/paper2026/netcdf_daily_1april2024_31march2026/METOP-C_20250306_EMIS_WATER.nc
Saved: /perm/dnk8355/paper2026/netcdf_daily_1april2024_31march2026/METOP-C_20250306_TAUSFC.nc
Saved: /perm/dnk8355/paper2026/netcdf_daily_1april2024_31march2026/METOP-C_20250306_TDOWN.nc
Saved: /perm/dnk8355/paper2026/netcdf_daily_1april2024_31march2026/METOP-C_20250306_TUP.nc
Saved: /perm/dnk8355/paper2026/netcdf_daily_1april2024_31march2026/METOP-C_20250306_TAUSFC_CLD.nc
Saved: /perm/dnk8355/paper2026/netcdf_daily_1april2024_31march2026/METOP-C_20250306_TDOWN_CLD.nc
Saved: /perm/dnk8355/paper2026/netcdf_daily_1april2024_31march2026/METOP-C_20250306_TUP_CLD.nc
Saved: /perm/dnk8355/paper2026/netcdf_daily_1april2024_31march2026/METOP-C_20250306_FG_DEP.nc
Saved: /perm/dnk8355/paper2026/netcdf_daily_1april2024_31march2026/METOP-C_20250306_AN_DEP.nc
[445382] Saved daily NetCDFs for amsua_ofb_lwda_20250306_NH_SH_variables_filtered_lsm_lower02.odb
Saved summary: /perm/dnk8355/paper2026/netcdf_daily_1april2024_31march2026/METOP-B_20250307_summary.txt
Saved: /perm/dnk8355/paper2026/netcdf_daily_1april2024_31march2026/METOP-B_20250307_OBSVALUE.nc
Saved: /perm/dnk8355/paper2026/netcdf_daily_1april2024_31march2026/METOP-B_20250307_EMIS_WATER.nc
Saved: /perm/dnk8355/paper2026/netcdf_daily_1april2024_31march2026/METOP-B_20250307_TAUSFC.nc
Saved: /perm/dnk8355/paper2026/netcdf_daily_1april2024_31march2026/METOP-B_20250307_TDOWN.nc
Saved: /perm/dnk8355/paper2026/netcdf_daily_1april2024_31march2026/METOP-B_20250307_TUP.nc
Saved: /perm/dnk8355/paper2026/netcdf_daily_1april2024_31march2026/METOP-B_20250307_TAUSFC_CLD.nc
Saved: /perm/dnk8355/paper2026/netcdf_daily_1april2024_31march2026/METOP-B_20250307_TDOWN_CLD.nc
Saved: /perm/dnk8355/paper2026/netcdf_daily_1april2024_31march2026/METOP-B_20250307_TUP_CLD.nc
Saved: /perm/dnk8355/paper2026/netcdf_daily_1april2024_31march2026/METOP-B_20250307_FG_DEP.nc
Saved: /perm/dnk8355/paper2026/netcdf_daily_1april2024_31march2026/METOP-B_20250307_AN_DEP.nc
Saved summary: /perm/dnk8355/paper2026/netcdf_daily_1april2024_31march2026/METOP-C_20250307_summary.txt
Saved: /perm/dnk8355/paper2026/netcdf_daily_1april2024_31march2026/METOP-C_20250307_OBSVALUE.nc
Saved: /perm/dnk8355/paper2026/netcdf_daily_1april2024_31march2026/METOP-C_20250307_EMIS_WATER.nc
Saved: /perm/dnk8355/paper2026/netcdf_daily_1april2024_31march2026/METOP-C_20250307_TAUSFC.nc
Saved: /perm/dnk8355/paper2026/netcdf_daily_1april2024_31march2026/METOP-C_20250307_TDOWN.nc
Saved: /perm/dnk8355/paper2026/netcdf_daily_1april2024_31march2026/METOP-C_20250307_TUP.nc
Saved: /perm/dnk8355/paper2026/netcdf_daily_1april2024_31march2026/METOP-C_20250307_TAUSFC_CLD.nc
Saved: /perm/dnk8355/paper2026/netcdf_daily_1april2024_31march2026/METOP-C_20250307_TDOWN_CLD.nc
Saved: /perm/dnk8355/paper2026/netcdf_daily_1april2024_31march2026/METOP-C_20250307_TUP_CLD.nc
Saved: /perm/dnk8355/paper2026/netcdf_daily_1april2024_31march2026/METOP-C_20250307_FG_DEP.nc
Saved: /perm/dnk8355/paper2026/netcdf_daily_1april2024_31march2026/METOP-C_20250307_AN_DEP.nc
[445382] Saved daily NetCDFs for amsua_ofb_lwda_20250307_NH_SH_variables_filtered_lsm_lower02.odb
Saved summary: /perm/dnk8355/paper2026/netcdf_daily_1april2024_31march2026/METOP-B_20250308_summary.txt
Saved: /perm/dnk8355/paper2026/netcdf_daily_1april2024_31march2026/METOP-B_20250308_OBSVALUE.nc
Saved: /perm/dnk8355/paper2026/netcdf_daily_1april2024_31march2026/METOP-B_20250308_EMIS_WATER.nc
Saved: /perm/dnk8355/paper2026/netcdf_daily_1april2024_31march2026/METOP-B_20250308_TAUSFC.nc
Saved: /perm/dnk8355/paper2026/netcdf_daily_1april2024_31march2026/METOP-B_20250308_TDOWN.nc
Saved: /perm/dnk8355/paper2026/netcdf_daily_1april2024_31march2026/METOP-B_20250308_TUP.nc
Saved: /perm/dnk8355/paper2026/netcdf_daily_1april2024_31march2026/METOP-B_20250308_TAUSFC_CLD.nc
Saved: /perm/dnk8355/paper2026/netcdf_daily_1april2024_31march2026/METOP-B_20250308_TDOWN_CLD.nc
Saved: /perm/dnk8355/paper2026/netcdf_daily_1april2024_31march2026/METOP-B_20250308_TUP_CLD.nc
Saved: /perm/dnk8355/paper2026/netcdf_daily_1april2024_31march2026/METOP-B_20250308_FG_DEP.nc
Saved: /perm/dnk8355/paper2026/netcdf_daily_1april2024_31march2026/METOP-B_20250308_AN_DEP.nc
Saved summary: /perm/dnk8355/paper2026/netcdf_daily_1april2024_31march2026/METOP-C_20250308_summary.txt
Saved: /perm/dnk8355/paper2026/netcdf_daily_1april2024_31march2026/METOP-C_20250308_OBSVALUE.nc
Saved: /perm/dnk8355/paper2026/netcdf_daily_1april2024_31march2026/METOP-C_20250308_EMIS_WATER.nc
Saved: /perm/dnk8355/paper2026/netcdf_daily_1april2024_31march2026/METOP-C_20250308_TAUSFC.nc
Saved: /perm/dnk8355/paper2026/netcdf_daily_1april2024_31march2026/METOP-C_20250308_TDOWN.nc
Saved: /perm/dnk8355/paper2026/netcdf_daily_1april2024_31march2026/METOP-C_20250308_TUP.nc
Saved: /perm/dnk8355/paper2026/netcdf_daily_1april2024_31march2026/METOP-C_20250308_TAUSFC_CLD.nc
Saved: /perm/dnk8355/paper2026/netcdf_daily_1april2024_31march2026/METOP-C_20250308_TDOWN_CLD.nc
Saved: /perm/dnk8355/paper2026/netcdf_daily_1april2024_31march2026/METOP-C_20250308_TUP_CLD.nc
Saved: /perm/dnk8355/paper2026/netcdf_daily_1april2024_31march2026/METOP-C_20250308_FG_DEP.nc
Saved: /perm/dnk8355/paper2026/netcdf_daily_1april2024_31march2026/METOP-C_20250308_AN_DEP.nc
[445382] Saved daily NetCDFs for amsua_ofb_lwda_20250308_NH_SH_variables_filtered_lsm_lower02.odb
Saved summary: /perm/dnk8355/paper2026/netcdf_daily_1april2024_31march2026/METOP-B_20250309_summary.txt
Saved: /perm/dnk8355/paper2026/netcdf_daily_1april2024_31march2026/METOP-B_20250309_OBSVALUE.nc
Saved: /perm/dnk8355/paper2026/netcdf_daily_1april2024_31march2026/METOP-B_20250309_EMIS_WATER.nc
Saved: /perm/dnk8355/paper2026/netcdf_daily_1april2024_31march2026/METOP-B_20250309_TAUSFC.nc
Saved: /perm/dnk8355/paper2026/netcdf_daily_1april2024_31march2026/METOP-B_20250309_TDOWN.nc
Saved: /perm/dnk8355/paper2026/netcdf_daily_1april2024_31march2026/METOP-B_20250309_TUP.nc
Saved: /perm/dnk8355/paper2026/netcdf_daily_1april2024_31march2026/METOP-B_20250309_TAUSFC_CLD.nc
Saved: /perm/dnk8355/paper2026/netcdf_daily_1april2024_31march2026/METOP-B_20250309_TDOWN_CLD.nc
Saved: /perm/dnk8355/paper2026/netcdf_daily_1april2024_31march2026/METOP-B_20250309_TUP_CLD.nc
Saved: /perm/dnk8355/paper2026/netcdf_daily_1april2024_31march2026/METOP-B_20250309_FG_DEP.nc
Saved: /perm/dnk8355/paper2026/netcdf_daily_1april2024_31march2026/METOP-B_20250309_AN_DEP.nc
Saved summary: /perm/dnk8355/paper2026/netcdf_daily_1april2024_31march2026/METOP-C_20250309_summary.txt
Saved: /perm/dnk8355/paper2026/netcdf_daily_1april2024_31march2026/METOP-C_20250309_OBSVALUE.nc
Saved: /perm/dnk8355/paper2026/netcdf_daily_1april2024_31march2026/METOP-C_20250309_EMIS_WATER.nc
Saved: /perm/dnk8355/paper2026/netcdf_daily_1april2024_31march2026/METOP-C_20250309_TAUSFC.nc
Saved: /perm/dnk8355/paper2026/netcdf_daily_1april2024_31march2026/METOP-C_20250309_TDOWN.nc
Saved: /perm/dnk8355/paper2026/netcdf_daily_1april2024_31march2026/METOP-C_20250309_TUP.nc
Saved: /perm/dnk8355/paper2026/netcdf_daily_1april2024_31march2026/METOP-C_20250309_TAUSFC_CLD.nc
Saved: /perm/dnk8355/paper2026/netcdf_daily_1april2024_31march2026/METOP-C_20250309_TDOWN_CLD.nc
Saved: /perm/dnk8355/paper2026/netcdf_daily_1april2024_31march2026/METOP-C_20250309_TUP_CLD.nc
Saved: /perm/dnk8355/paper2026/netcdf_daily_1april2024_31march2026/METOP-C_20250309_FG_DEP.nc
Saved: /perm/dnk8355/paper2026/netcdf_daily_1april2024_31march2026/METOP-C_20250309_AN_DEP.nc
[445382] Saved daily NetCDFs for amsua_ofb_lwda_20250309_NH_SH_variables_filtered_lsm_lower02.odb
Saved summary: /perm/dnk8355/paper2026/netcdf_daily_1april2024_31march2026/METOP-B_20250310_summary.txt
Saved: /perm/dnk8355/paper2026/netcdf_daily_1april2024_31march2026/METOP-B_20250310_OBSVALUE.nc
Saved: /perm/dnk8355/paper2026/netcdf_daily_1april2024_31march2026/METOP-B_20250310_EMIS_WATER.nc
Saved: /perm/dnk8355/paper2026/netcdf_daily_1april2024_31march2026/METOP-B_20250310_TAUSFC.nc
Saved: /perm/dnk8355/paper2026/netcdf_daily_1april2024_31march2026/METOP-B_20250310_TDOWN.nc
Saved: /perm/dnk8355/paper2026/netcdf_daily_1april2024_31march2026/METOP-B_20250310_TUP.nc
Saved: /perm/dnk8355/paper2026/netcdf_daily_1april2024_31march2026/METOP-B_20250310_TAUSFC_CLD.nc
Saved: /perm/dnk8355/paper2026/netcdf_daily_1april2024_31march2026/METOP-B_20250310_TDOWN_CLD.nc
Saved: /perm/dnk8355/paper2026/netcdf_daily_1april2024_31march2026/METOP-B_20250310_TUP_CLD.nc
Saved: /perm/dnk8355/paper2026/netcdf_daily_1april2024_31march2026/METOP-B_20250310_FG_DEP.nc
Saved: /perm/dnk8355/paper2026/netcdf_daily_1april2024_31march2026/METOP-B_20250310_AN_DEP.nc
Saved summary: /perm/dnk8355/paper2026/netcdf_daily_1april2024_31march2026/METOP-C_20250310_summary.txt
Saved: /perm/dnk8355/paper2026/netcdf_daily_1april2024_31march2026/METOP-C_20250310_OBSVALUE.nc
Saved: /perm/dnk8355/paper2026/netcdf_daily_1april2024_31march2026/METOP-C_20250310_EMIS_WATER.nc
Saved: /perm/dnk8355/paper2026/netcdf_daily_1april2024_31march2026/METOP-C_20250310_TAUSFC.nc
Saved: /perm/dnk8355/paper2026/netcdf_daily_1april2024_31march2026/METOP-C_20250310_TDOWN.nc
Saved: /perm/dnk8355/paper2026/netcdf_daily_1april2024_31march2026/METOP-C_20250310_TUP.nc
Saved: /perm/dnk8355/paper2026/netcdf_daily_1april2024_31march2026/METOP-C_20250310_TAUSFC_CLD.nc
Saved: /perm/dnk8355/paper2026/netcdf_daily_1april2024_31march2026/METOP-C_20250310_TDOWN_CLD.nc
Saved: /perm/dnk8355/paper2026/netcdf_daily_1april2024_31march2026/METOP-C_20250310_TUP_CLD.nc
Saved: /perm/dnk8355/paper2026/netcdf_daily_1april2024_31march2026/METOP-C_20250310_FG_DEP.nc
Saved: /perm/dnk8355/paper2026/netcdf_daily_1april2024_31march2026/METOP-C_20250310_AN_DEP.nc
[445382] Saved daily NetCDFs for amsua_ofb_lwda_20250310_NH_SH_variables_filtered_lsm_lower02.odb
Saved summary: /perm/dnk8355/paper2026/netcdf_daily_1april2024_31march2026/METOP-B_20250311_summary.txt
Saved: /perm/dnk8355/paper2026/netcdf_daily_1april2024_31march2026/METOP-B_20250311_OBSVALUE.nc
Saved: /perm/dnk8355/paper2026/netcdf_daily_1april2024_31march2026/METOP-B_20250311_EMIS_WATER.nc
Saved: /perm/dnk8355/paper2026/netcdf_daily_1april2024_31march2026/METOP-B_20250311_TAUSFC.nc
Saved: /perm/dnk8355/paper2026/netcdf_daily_1april2024_31march2026/METOP-B_20250311_TDOWN.nc
Saved: /perm/dnk8355/paper2026/netcdf_daily_1april2024_31march2026/METOP-B_20250311_TUP.nc
Saved: /perm/dnk8355/paper2026/netcdf_daily_1april2024_31march2026/METOP-B_20250311_TAUSFC_CLD.nc
Saved: /perm/dnk8355/paper2026/netcdf_daily_1april2024_31march2026/METOP-B_20250311_TDOWN_CLD.nc
Saved: /perm/dnk8355/paper2026/netcdf_daily_1april2024_31march2026/METOP-B_20250311_TUP_CLD.nc
Saved: /perm/dnk8355/paper2026/netcdf_daily_1april2024_31march2026/METOP-B_20250311_FG_DEP.nc
Saved: /perm/dnk8355/paper2026/netcdf_daily_1april2024_31march2026/METOP-B_20250311_AN_DEP.nc
Saved summary: /perm/dnk8355/paper2026/netcdf_daily_1april2024_31march2026/METOP-C_20250311_summary.txt
Saved: /perm/dnk8355/paper2026/netcdf_daily_1april2024_31march2026/METOP-C_20250311_OBSVALUE.nc
Saved: /perm/dnk8355/paper2026/netcdf_daily_1april2024_31march2026/METOP-C_20250311_EMIS_WATER.nc
Saved: /perm/dnk8355/paper2026/netcdf_daily_1april2024_31march2026/METOP-C_20250311_TAUSFC.nc
Saved: /perm/dnk8355/paper2026/netcdf_daily_1april2024_31march2026/METOP-C_20250311_TDOWN.nc
Saved: /perm/dnk8355/paper2026/netcdf_daily_1april2024_31march2026/METOP-C_20250311_TUP.nc
Saved: /perm/dnk8355/paper2026/netcdf_daily_1april2024_31march2026/METOP-C_20250311_TAUSFC_CLD.nc
Saved: /perm/dnk8355/paper2026/netcdf_daily_1april2024_31march2026/METOP-C_20250311_TDOWN_CLD.nc
Saved: /perm/dnk8355/paper2026/netcdf_daily_1april2024_31march2026/METOP-C_20250311_TUP_CLD.nc
Saved: /perm/dnk8355/paper2026/netcdf_daily_1april2024_31march2026/METOP-C_20250311_FG_DEP.nc
Saved: /perm/dnk8355/paper2026/netcdf_daily_1april2024_31march2026/METOP-C_20250311_AN_DEP.nc
[445382] Saved daily NetCDFs for amsua_ofb_lwda_20250311_NH_SH_variables_filtered_lsm_lower02.odb
Saved summary: /perm/dnk8355/paper2026/netcdf_daily_1april2024_31march2026/METOP-B_20250312_summary.txt
Saved: /perm/dnk8355/paper2026/netcdf_daily_1april2024_31march2026/METOP-B_20250312_OBSVALUE.nc
Saved: /perm/dnk8355/paper2026/netcdf_daily_1april2024_31march2026/METOP-B_20250312_EMIS_WATER.nc
Saved: /perm/dnk8355/paper2026/netcdf_daily_1april2024_31march2026/METOP-B_20250312_TAUSFC.nc
Saved: /perm/dnk8355/paper2026/netcdf_daily_1april2024_31march2026/METOP-B_20250312_TDOWN.nc
Saved: /perm/dnk8355/paper2026/netcdf_daily_1april2024_31march2026/METOP-B_20250312_TUP.nc
Saved: /perm/dnk8355/paper2026/netcdf_daily_1april2024_31march2026/METOP-B_20250312_TAUSFC_CLD.nc
Saved: /perm/dnk8355/paper2026/netcdf_daily_1april2024_31march2026/METOP-B_20250312_TDOWN_CLD.nc
Saved: /perm/dnk8355/paper2026/netcdf_daily_1april2024_31march2026/METOP-B_20250312_TUP_CLD.nc
Saved: /perm/dnk8355/paper2026/netcdf_daily_1april2024_31march2026/METOP-B_20250312_FG_DEP.nc
Saved: /perm/dnk8355/paper2026/netcdf_daily_1april2024_31march2026/METOP-B_20250312_AN_DEP.nc
Saved summary: /perm/dnk8355/paper2026/netcdf_daily_1april2024_31march2026/METOP-C_20250312_summary.txt
Saved: /perm/dnk8355/paper2026/netcdf_daily_1april2024_31march2026/METOP-C_20250312_OBSVALUE.nc
Saved: /perm/dnk8355/paper2026/netcdf_daily_1april2024_31march2026/METOP-C_20250312_EMIS_WATER.nc
Saved: /perm/dnk8355/paper2026/netcdf_daily_1april2024_31march2026/METOP-C_20250312_TAUSFC.nc
Saved: /perm/dnk8355/paper2026/netcdf_daily_1april2024_31march2026/METOP-C_20250312_TDOWN.nc
Saved: /perm/dnk8355/paper2026/netcdf_daily_1april2024_31march2026/METOP-C_20250312_TUP.nc
Saved: /perm/dnk8355/paper2026/netcdf_daily_1april2024_31march2026/METOP-C_20250312_TAUSFC_CLD.nc
Saved: /perm/dnk8355/paper2026/netcdf_daily_1april2024_31march2026/METOP-C_20250312_TDOWN_CLD.nc
Saved: /perm/dnk8355/paper2026/netcdf_daily_1april2024_31march2026/METOP-C_20250312_TUP_CLD.nc
Saved: /perm/dnk8355/paper2026/netcdf_daily_1april2024_31march2026/METOP-C_20250312_FG_DEP.nc
Saved: /perm/dnk8355/paper2026/netcdf_daily_1april2024_31march2026/METOP-C_20250312_AN_DEP.nc
[445382] Saved daily NetCDFs for amsua_ofb_lwda_20250312_NH_SH_variables_filtered_lsm_lower02.odb
Saved summary: /perm/dnk8355/paper2026/netcdf_daily_1april2024_31march2026/METOP-B_20250313_summary.txt
Saved: /perm/dnk8355/paper2026/netcdf_daily_1april2024_31march2026/METOP-B_20250313_OBSVALUE.nc
Saved: /perm/dnk8355/paper2026/netcdf_daily_1april2024_31march2026/METOP-B_20250313_EMIS_WATER.nc
Saved: /perm/dnk8355/paper2026/netcdf_daily_1april2024_31march2026/METOP-B_20250313_TAUSFC.nc
Saved: /perm/dnk8355/paper2026/netcdf_daily_1april2024_31march2026/METOP-B_20250313_TDOWN.nc
Saved: /perm/dnk8355/paper2026/netcdf_daily_1april2024_31march2026/METOP-B_20250313_TUP.nc
Saved: /perm/dnk8355/paper2026/netcdf_daily_1april2024_31march2026/METOP-B_20250313_TAUSFC_CLD.nc
Saved: /perm/dnk8355/paper2026/netcdf_daily_1april2024_31march2026/METOP-B_20250313_TDOWN_CLD.nc
Saved: /perm/dnk8355/paper2026/netcdf_daily_1april2024_31march2026/METOP-B_20250313_TUP_CLD.nc
Saved: /perm/dnk8355/paper2026/netcdf_daily_1april2024_31march2026/METOP-B_20250313_FG_DEP.nc
Saved: /perm/dnk8355/paper2026/netcdf_daily_1april2024_31march2026/METOP-B_20250313_AN_DEP.nc
Saved summary: /perm/dnk8355/paper2026/netcdf_daily_1april2024_31march2026/METOP-C_20250313_summary.txt
Saved: /perm/dnk8355/paper2026/netcdf_daily_1april2024_31march2026/METOP-C_20250313_OBSVALUE.nc
Saved: /perm/dnk8355/paper2026/netcdf_daily_1april2024_31march2026/METOP-C_20250313_EMIS_WATER.nc
Saved: /perm/dnk8355/paper2026/netcdf_daily_1april2024_31march2026/METOP-C_20250313_TAUSFC.nc
Saved: /perm/dnk8355/paper2026/netcdf_daily_1april2024_31march2026/METOP-C_20250313_TDOWN.nc
Saved: /perm/dnk8355/paper2026/netcdf_daily_1april2024_31march2026/METOP-C_20250313_TUP.nc
Saved: /perm/dnk8355/paper2026/netcdf_daily_1april2024_31march2026/METOP-C_20250313_TAUSFC_CLD.nc
Saved: /perm/dnk8355/paper2026/netcdf_daily_1april2024_31march2026/METOP-C_20250313_TDOWN_CLD.nc
Saved: /perm/dnk8355/paper2026/netcdf_daily_1april2024_31march2026/METOP-C_20250313_TUP_CLD.nc
Saved: /perm/dnk8355/paper2026/netcdf_daily_1april2024_31march2026/METOP-C_20250313_FG_DEP.nc
Saved: /perm/dnk8355/paper2026/netcdf_daily_1april2024_31march2026/METOP-C_20250313_AN_DEP.nc
[445382] Saved daily NetCDFs for amsua_ofb_lwda_20250313_NH_SH_variables_filtered_lsm_lower02.odb
Saved summary: /perm/dnk8355/paper2026/netcdf_daily_1april2024_31march2026/METOP-B_20250314_summary.txt
Saved: /perm/dnk8355/paper2026/netcdf_daily_1april2024_31march2026/METOP-B_20250314_OBSVALUE.nc
Saved: /perm/dnk8355/paper2026/netcdf_daily_1april2024_31march2026/METOP-B_20250314_EMIS_WATER.nc
Saved: /perm/dnk8355/paper2026/netcdf_daily_1april2024_31march2026/METOP-B_20250314_TAUSFC.nc
Saved: /perm/dnk8355/paper2026/netcdf_daily_1april2024_31march2026/METOP-B_20250314_TDOWN.nc
Saved: /perm/dnk8355/paper2026/netcdf_daily_1april2024_31march2026/METOP-B_20250314_TUP.nc
Saved: /perm/dnk8355/paper2026/netcdf_daily_1april2024_31march2026/METOP-B_20250314_TAUSFC_CLD.nc
Saved: /perm/dnk8355/paper2026/netcdf_daily_1april2024_31march2026/METOP-B_20250314_TDOWN_CLD.nc
Saved: /perm/dnk8355/paper2026/netcdf_daily_1april2024_31march2026/METOP-B_20250314_TUP_CLD.nc
Saved: /perm/dnk8355/paper2026/netcdf_daily_1april2024_31march2026/METOP-B_20250314_FG_DEP.nc
Saved: /perm/dnk8355/paper2026/netcdf_daily_1april2024_31march2026/METOP-B_20250314_AN_DEP.nc
Saved summary: /perm/dnk8355/paper2026/netcdf_daily_1april2024_31march2026/METOP-C_20250314_summary.txt
Saved: /perm/dnk8355/paper2026/netcdf_daily_1april2024_31march2026/METOP-C_20250314_OBSVALUE.nc
Saved: /perm/dnk8355/paper2026/netcdf_daily_1april2024_31march2026/METOP-C_20250314_EMIS_WATER.nc
Saved: /perm/dnk8355/paper2026/netcdf_daily_1april2024_31march2026/METOP-C_20250314_TAUSFC.nc
Saved: /perm/dnk8355/paper2026/netcdf_daily_1april2024_31march2026/METOP-C_20250314_TDOWN.nc
Saved: /perm/dnk8355/paper2026/netcdf_daily_1april2024_31march2026/METOP-C_20250314_TUP.nc
Saved: /perm/dnk8355/paper2026/netcdf_daily_1april2024_31march2026/METOP-C_20250314_TAUSFC_CLD.nc
Saved: /perm/dnk8355/paper2026/netcdf_daily_1april2024_31march2026/METOP-C_20250314_TDOWN_CLD.nc
Saved: /perm/dnk8355/paper2026/netcdf_daily_1april2024_31march2026/METOP-C_20250314_TUP_CLD.nc
Saved: /perm/dnk8355/paper2026/netcdf_daily_1april2024_31march2026/METOP-C_20250314_FG_DEP.nc
Saved: /perm/dnk8355/paper2026/netcdf_daily_1april2024_31march2026/METOP-C_20250314_AN_DEP.nc
[445382] Saved daily NetCDFs for amsua_ofb_lwda_20250314_NH_SH_variables_filtered_lsm_lower02.odb
Saved summary: /perm/dnk8355/paper2026/netcdf_daily_1april2024_31march2026/METOP-B_20250315_summary.txt
Saved: /perm/dnk8355/paper2026/netcdf_daily_1april2024_31march2026/METOP-B_20250315_OBSVALUE.nc
Saved: /perm/dnk8355/paper2026/netcdf_daily_1april2024_31march2026/METOP-B_20250315_EMIS_WATER.nc
Saved: /perm/dnk8355/paper2026/netcdf_daily_1april2024_31march2026/METOP-B_20250315_TAUSFC.nc
Saved: /perm/dnk8355/paper2026/netcdf_daily_1april2024_31march2026/METOP-B_20250315_TDOWN.nc
Saved: /perm/dnk8355/paper2026/netcdf_daily_1april2024_31march2026/METOP-B_20250315_TUP.nc
Saved: /perm/dnk8355/paper2026/netcdf_daily_1april2024_31march2026/METOP-B_20250315_TAUSFC_CLD.nc
Saved: /perm/dnk8355/paper2026/netcdf_daily_1april2024_31march2026/METOP-B_20250315_TDOWN_CLD.nc
Saved: /perm/dnk8355/paper2026/netcdf_daily_1april2024_31march2026/METOP-B_20250315_TUP_CLD.nc
Saved: /perm/dnk8355/paper2026/netcdf_daily_1april2024_31march2026/METOP-B_20250315_FG_DEP.nc
Saved: /perm/dnk8355/paper2026/netcdf_daily_1april2024_31march2026/METOP-B_20250315_AN_DEP.nc
Saved summary: /perm/dnk8355/paper2026/netcdf_daily_1april2024_31march2026/METOP-C_20250315_summary.txt
Saved: /perm/dnk8355/paper2026/netcdf_daily_1april2024_31march2026/METOP-C_20250315_OBSVALUE.nc
Saved: /perm/dnk8355/paper2026/netcdf_daily_1april2024_31march2026/METOP-C_20250315_EMIS_WATER.nc
Saved: /perm/dnk8355/paper2026/netcdf_daily_1april2024_31march2026/METOP-C_20250315_TAUSFC.nc
Saved: /perm/dnk8355/paper2026/netcdf_daily_1april2024_31march2026/METOP-C_20250315_TDOWN.nc
Saved: /perm/dnk8355/paper2026/netcdf_daily_1april2024_31march2026/METOP-C_20250315_TUP.nc
Saved: /perm/dnk8355/paper2026/netcdf_daily_1april2024_31march2026/METOP-C_20250315_TAUSFC_CLD.nc
Saved: /perm/dnk8355/paper2026/netcdf_daily_1april2024_31march2026/METOP-C_20250315_TDOWN_CLD.nc
Saved: /perm/dnk8355/paper2026/netcdf_daily_1april2024_31march2026/METOP-C_20250315_TUP_CLD.nc
Saved: /perm/dnk8355/paper2026/netcdf_daily_1april2024_31march2026/METOP-C_20250315_FG_DEP.nc
Saved: /perm/dnk8355/paper2026/netcdf_daily_1april2024_31march2026/METOP-C_20250315_AN_DEP.nc
[445382] Saved daily NetCDFs for amsua_ofb_lwda_20250315_NH_SH_variables_filtered_lsm_lower02.odb
Saved summary: /perm/dnk8355/paper2026/netcdf_daily_1april2024_31march2026/METOP-B_20250316_summary.txt
Saved: /perm/dnk8355/paper2026/netcdf_daily_1april2024_31march2026/METOP-B_20250316_OBSVALUE.nc
Saved: /perm/dnk8355/paper2026/netcdf_daily_1april2024_31march2026/METOP-B_20250316_EMIS_WATER.nc
Saved: /perm/dnk8355/paper2026/netcdf_daily_1april2024_31march2026/METOP-B_20250316_TAUSFC.nc
Saved: /perm/dnk8355/paper2026/netcdf_daily_1april2024_31march2026/METOP-B_20250316_TDOWN.nc
Saved: /perm/dnk8355/paper2026/netcdf_daily_1april2024_31march2026/METOP-B_20250316_TUP.nc
Saved: /perm/dnk8355/paper2026/netcdf_daily_1april2024_31march2026/METOP-B_20250316_TAUSFC_CLD.nc
Saved: /perm/dnk8355/paper2026/netcdf_daily_1april2024_31march2026/METOP-B_20250316_TDOWN_CLD.nc
Saved: /perm/dnk8355/paper2026/netcdf_daily_1april2024_31march2026/METOP-B_20250316_TUP_CLD.nc
Saved: /perm/dnk8355/paper2026/netcdf_daily_1april2024_31march2026/METOP-B_20250316_FG_DEP.nc
Saved: /perm/dnk8355/paper2026/netcdf_daily_1april2024_31march2026/METOP-B_20250316_AN_DEP.nc
Saved summary: /perm/dnk8355/paper2026/netcdf_daily_1april2024_31march2026/METOP-C_20250316_summary.txt
Saved: /perm/dnk8355/paper2026/netcdf_daily_1april2024_31march2026/METOP-C_20250316_OBSVALUE.nc
Saved: /perm/dnk8355/paper2026/netcdf_daily_1april2024_31march2026/METOP-C_20250316_EMIS_WATER.nc
Saved: /perm/dnk8355/paper2026/netcdf_daily_1april2024_31march2026/METOP-C_20250316_TAUSFC.nc
Saved: /perm/dnk8355/paper2026/netcdf_daily_1april2024_31march2026/METOP-C_20250316_TDOWN.nc
Saved: /perm/dnk8355/paper2026/netcdf_daily_1april2024_31march2026/METOP-C_20250316_TUP.nc
Saved: /perm/dnk8355/paper2026/netcdf_daily_1april2024_31march2026/METOP-C_20250316_TAUSFC_CLD.nc
Saved: /perm/dnk8355/paper2026/netcdf_daily_1april2024_31march2026/METOP-C_20250316_TDOWN_CLD.nc
Saved: /perm/dnk8355/paper2026/netcdf_daily_1april2024_31march2026/METOP-C_20250316_TUP_CLD.nc
Saved: /perm/dnk8355/paper2026/netcdf_daily_1april2024_31march2026/METOP-C_20250316_FG_DEP.nc
Saved: /perm/dnk8355/paper2026/netcdf_daily_1april2024_31march2026/METOP-C_20250316_AN_DEP.nc
[445382] Saved daily NetCDFs for amsua_ofb_lwda_20250316_NH_SH_variables_filtered_lsm_lower02.odb
Saved summary: /perm/dnk8355/paper2026/netcdf_daily_1april2024_31march2026/METOP-B_20250317_summary.txt
Saved: /perm/dnk8355/paper2026/netcdf_daily_1april2024_31march2026/METOP-B_20250317_OBSVALUE.nc
Saved: /perm/dnk8355/paper2026/netcdf_daily_1april2024_31march2026/METOP-B_20250317_EMIS_WATER.nc
Saved: /perm/dnk8355/paper2026/netcdf_daily_1april2024_31march2026/METOP-B_20250317_TAUSFC.nc
Saved: /perm/dnk8355/paper2026/netcdf_daily_1april2024_31march2026/METOP-B_20250317_TDOWN.nc
Saved: /perm/dnk8355/paper2026/netcdf_daily_1april2024_31march2026/METOP-B_20250317_TUP.nc
Saved: /perm/dnk8355/paper2026/netcdf_daily_1april2024_31march2026/METOP-B_20250317_TAUSFC_CLD.nc
Saved: /perm/dnk8355/paper2026/netcdf_daily_1april2024_31march2026/METOP-B_20250317_TDOWN_CLD.nc
Saved: /perm/dnk8355/paper2026/netcdf_daily_1april2024_31march2026/METOP-B_20250317_TUP_CLD.nc
Saved: /perm/dnk8355/paper2026/netcdf_daily_1april2024_31march2026/METOP-B_20250317_FG_DEP.nc
Saved: /perm/dnk8355/paper2026/netcdf_daily_1april2024_31march2026/METOP-B_20250317_AN_DEP.nc
Saved summary: /perm/dnk8355/paper2026/netcdf_daily_1april2024_31march2026/METOP-C_20250317_summary.txt
Saved: /perm/dnk8355/paper2026/netcdf_daily_1april2024_31march2026/METOP-C_20250317_OBSVALUE.nc
Saved: /perm/dnk8355/paper2026/netcdf_daily_1april2024_31march2026/METOP-C_20250317_EMIS_WATER.nc
Saved: /perm/dnk8355/paper2026/netcdf_daily_1april2024_31march2026/METOP-C_20250317_TAUSFC.nc
Saved: /perm/dnk8355/paper2026/netcdf_daily_1april2024_31march2026/METOP-C_20250317_TDOWN.nc
Saved: /perm/dnk8355/paper2026/netcdf_daily_1april2024_31march2026/METOP-C_20250317_TUP.nc
Saved: /perm/dnk8355/paper2026/netcdf_daily_1april2024_31march2026/METOP-C_20250317_TAUSFC_CLD.nc
Saved: /perm/dnk8355/paper2026/netcdf_daily_1april2024_31march2026/METOP-C_20250317_TDOWN_CLD.nc
Saved: /perm/dnk8355/paper2026/netcdf_daily_1april2024_31march2026/METOP-C_20250317_TUP_CLD.nc
Saved: /perm/dnk8355/paper2026/netcdf_daily_1april2024_31march2026/METOP-C_20250317_FG_DEP.nc
Saved: /perm/dnk8355/paper2026/netcdf_daily_1april2024_31march2026/METOP-C_20250317_AN_DEP.nc
[445382] Saved daily NetCDFs for amsua_ofb_lwda_20250317_NH_SH_variables_filtered_lsm_lower02.odb
Saved summary: /perm/dnk8355/paper2026/netcdf_daily_1april2024_31march2026/METOP-B_20250318_summary.txt
Saved: /perm/dnk8355/paper2026/netcdf_daily_1april2024_31march2026/METOP-B_20250318_OBSVALUE.nc
Saved: /perm/dnk8355/paper2026/netcdf_daily_1april2024_31march2026/METOP-B_20250318_EMIS_WATER.nc
Saved: /perm/dnk8355/paper2026/netcdf_daily_1april2024_31march2026/METOP-B_20250318_TAUSFC.nc
Saved: /perm/dnk8355/paper2026/netcdf_daily_1april2024_31march2026/METOP-B_20250318_TDOWN.nc
Saved: /perm/dnk8355/paper2026/netcdf_daily_1april2024_31march2026/METOP-B_20250318_TUP.nc
Saved: /perm/dnk8355/paper2026/netcdf_daily_1april2024_31march2026/METOP-B_20250318_TAUSFC_CLD.nc
Saved: /perm/dnk8355/paper2026/netcdf_daily_1april2024_31march2026/METOP-B_20250318_TDOWN_CLD.nc
Saved: /perm/dnk8355/paper2026/netcdf_daily_1april2024_31march2026/METOP-B_20250318_TUP_CLD.nc
Saved: /perm/dnk8355/paper2026/netcdf_daily_1april2024_31march2026/METOP-B_20250318_FG_DEP.nc
Saved: /perm/dnk8355/paper2026/netcdf_daily_1april2024_31march2026/METOP-B_20250318_AN_DEP.nc
Saved summary: /perm/dnk8355/paper2026/netcdf_daily_1april2024_31march2026/METOP-C_20250318_summary.txt
Saved: /perm/dnk8355/paper2026/netcdf_daily_1april2024_31march2026/METOP-C_20250318_OBSVALUE.nc
Saved: /perm/dnk8355/paper2026/netcdf_daily_1april2024_31march2026/METOP-C_20250318_EMIS_WATER.nc
Saved: /perm/dnk8355/paper2026/netcdf_daily_1april2024_31march2026/METOP-C_20250318_TAUSFC.nc
Saved: /perm/dnk8355/paper2026/netcdf_daily_1april2024_31march2026/METOP-C_20250318_TDOWN.nc
Saved: /perm/dnk8355/paper2026/netcdf_daily_1april2024_31march2026/METOP-C_20250318_TUP.nc
Saved: /perm/dnk8355/paper2026/netcdf_daily_1april2024_31march2026/METOP-C_20250318_TAUSFC_CLD.nc
Saved: /perm/dnk8355/paper2026/netcdf_daily_1april2024_31march2026/METOP-C_20250318_TDOWN_CLD.nc
Saved: /perm/dnk8355/paper2026/netcdf_daily_1april2024_31march2026/METOP-C_20250318_TUP_CLD.nc
Saved: /perm/dnk8355/paper2026/netcdf_daily_1april2024_31march2026/METOP-C_20250318_FG_DEP.nc
Saved: /perm/dnk8355/paper2026/netcdf_daily_1april2024_31march2026/METOP-C_20250318_AN_DEP.nc
[445382] Saved daily NetCDFs for amsua_ofb_lwda_20250318_NH_SH_variables_filtered_lsm_lower02.odb
Saved summary: /perm/dnk8355/paper2026/netcdf_daily_1april2024_31march2026/METOP-B_20250319_summary.txt
Saved: /perm/dnk8355/paper2026/netcdf_daily_1april2024_31march2026/METOP-B_20250319_OBSVALUE.nc
Saved: /perm/dnk8355/paper2026/netcdf_daily_1april2024_31march2026/METOP-B_20250319_EMIS_WATER.nc
Saved: /perm/dnk8355/paper2026/netcdf_daily_1april2024_31march2026/METOP-B_20250319_TAUSFC.nc
Saved: /perm/dnk8355/paper2026/netcdf_daily_1april2024_31march2026/METOP-B_20250319_TDOWN.nc
Saved: /perm/dnk8355/paper2026/netcdf_daily_1april2024_31march2026/METOP-B_20250319_TUP.nc
Saved: /perm/dnk8355/paper2026/netcdf_daily_1april2024_31march2026/METOP-B_20250319_TAUSFC_CLD.nc
Saved: /perm/dnk8355/paper2026/netcdf_daily_1april2024_31march2026/METOP-B_20250319_TDOWN_CLD.nc
Saved: /perm/dnk8355/paper2026/netcdf_daily_1april2024_31march2026/METOP-B_20250319_TUP_CLD.nc
Saved: /perm/dnk8355/paper2026/netcdf_daily_1april2024_31march2026/METOP-B_20250319_FG_DEP.nc
Saved: /perm/dnk8355/paper2026/netcdf_daily_1april2024_31march2026/METOP-B_20250319_AN_DEP.nc
Saved summary: /perm/dnk8355/paper2026/netcdf_daily_1april2024_31march2026/METOP-C_20250319_summary.txt
Saved: /perm/dnk8355/paper2026/netcdf_daily_1april2024_31march2026/METOP-C_20250319_OBSVALUE.nc
Saved: /perm/dnk8355/paper2026/netcdf_daily_1april2024_31march2026/METOP-C_20250319_EMIS_WATER.nc
Saved: /perm/dnk8355/paper2026/netcdf_daily_1april2024_31march2026/METOP-C_20250319_TAUSFC.nc
Saved: /perm/dnk8355/paper2026/netcdf_daily_1april2024_31march2026/METOP-C_20250319_TDOWN.nc
Saved: /perm/dnk8355/paper2026/netcdf_daily_1april2024_31march2026/METOP-C_20250319_TUP.nc
Saved: /perm/dnk8355/paper2026/netcdf_daily_1april2024_31march2026/METOP-C_20250319_TAUSFC_CLD.nc
Saved: /perm/dnk8355/paper2026/netcdf_daily_1april2024_31march2026/METOP-C_20250319_TDOWN_CLD.nc
Saved: /perm/dnk8355/paper2026/netcdf_daily_1april2024_31march2026/METOP-C_20250319_TUP_CLD.nc
Saved: /perm/dnk8355/paper2026/netcdf_daily_1april2024_31march2026/METOP-C_20250319_FG_DEP.nc
Saved: /perm/dnk8355/paper2026/netcdf_daily_1april2024_31march2026/METOP-C_20250319_AN_DEP.nc
[445382] Saved daily NetCDFs for amsua_ofb_lwda_20250319_NH_SH_variables_filtered_lsm_lower02.odb
Saved summary: /perm/dnk8355/paper2026/netcdf_daily_1april2024_31march2026/METOP-B_20250320_summary.txt
Saved: /perm/dnk8355/paper2026/netcdf_daily_1april2024_31march2026/METOP-B_20250320_OBSVALUE.nc
Saved: /perm/dnk8355/paper2026/netcdf_daily_1april2024_31march2026/METOP-B_20250320_EMIS_WATER.nc
Saved: /perm/dnk8355/paper2026/netcdf_daily_1april2024_31march2026/METOP-B_20250320_TAUSFC.nc
Saved: /perm/dnk8355/paper2026/netcdf_daily_1april2024_31march2026/METOP-B_20250320_TDOWN.nc
Saved: /perm/dnk8355/paper2026/netcdf_daily_1april2024_31march2026/METOP-B_20250320_TUP.nc
Saved: /perm/dnk8355/paper2026/netcdf_daily_1april2024_31march2026/METOP-B_20250320_TAUSFC_CLD.nc
Saved: /perm/dnk8355/paper2026/netcdf_daily_1april2024_31march2026/METOP-B_20250320_TDOWN_CLD.nc
Saved: /perm/dnk8355/paper2026/netcdf_daily_1april2024_31march2026/METOP-B_20250320_TUP_CLD.nc
Saved: /perm/dnk8355/paper2026/netcdf_daily_1april2024_31march2026/METOP-B_20250320_FG_DEP.nc
Saved: /perm/dnk8355/paper2026/netcdf_daily_1april2024_31march2026/METOP-B_20250320_AN_DEP.nc
Saved summary: /perm/dnk8355/paper2026/netcdf_daily_1april2024_31march2026/METOP-C_20250320_summary.txt
Saved: /perm/dnk8355/paper2026/netcdf_daily_1april2024_31march2026/METOP-C_20250320_OBSVALUE.nc
Saved: /perm/dnk8355/paper2026/netcdf_daily_1april2024_31march2026/METOP-C_20250320_EMIS_WATER.nc
Saved: /perm/dnk8355/paper2026/netcdf_daily_1april2024_31march2026/METOP-C_20250320_TAUSFC.nc
Saved: /perm/dnk8355/paper2026/netcdf_daily_1april2024_31march2026/METOP-C_20250320_TDOWN.nc
Saved: /perm/dnk8355/paper2026/netcdf_daily_1april2024_31march2026/METOP-C_20250320_TUP.nc
Saved: /perm/dnk8355/paper2026/netcdf_daily_1april2024_31march2026/METOP-C_20250320_TAUSFC_CLD.nc
Saved: /perm/dnk8355/paper2026/netcdf_daily_1april2024_31march2026/METOP-C_20250320_TDOWN_CLD.nc
Saved: /perm/dnk8355/paper2026/netcdf_daily_1april2024_31march2026/METOP-C_20250320_TUP_CLD.nc
Saved: /perm/dnk8355/paper2026/netcdf_daily_1april2024_31march2026/METOP-C_20250320_FG_DEP.nc
Saved: /perm/dnk8355/paper2026/netcdf_daily_1april2024_31march2026/METOP-C_20250320_AN_DEP.nc
[445382] Saved daily NetCDFs for amsua_ofb_lwda_20250320_NH_SH_variables_filtered_lsm_lower02.odb
Saved summary: /perm/dnk8355/paper2026/netcdf_daily_1april2024_31march2026/METOP-B_20250321_summary.txt
Saved: /perm/dnk8355/paper2026/netcdf_daily_1april2024_31march2026/METOP-B_20250321_OBSVALUE.nc
Saved: /perm/dnk8355/paper2026/netcdf_daily_1april2024_31march2026/METOP-B_20250321_EMIS_WATER.nc
Saved: /perm/dnk8355/paper2026/netcdf_daily_1april2024_31march2026/METOP-B_20250321_TAUSFC.nc
Saved: /perm/dnk8355/paper2026/netcdf_daily_1april2024_31march2026/METOP-B_20250321_TDOWN.nc
Saved: /perm/dnk8355/paper2026/netcdf_daily_1april2024_31march2026/METOP-B_20250321_TUP.nc
Saved: /perm/dnk8355/paper2026/netcdf_daily_1april2024_31march2026/METOP-B_20250321_TAUSFC_CLD.nc
Saved: /perm/dnk8355/paper2026/netcdf_daily_1april2024_31march2026/METOP-B_20250321_TDOWN_CLD.nc
Saved: /perm/dnk8355/paper2026/netcdf_daily_1april2024_31march2026/METOP-B_20250321_TUP_CLD.nc
Saved: /perm/dnk8355/paper2026/netcdf_daily_1april2024_31march2026/METOP-B_20250321_FG_DEP.nc
Saved: /perm/dnk8355/paper2026/netcdf_daily_1april2024_31march2026/METOP-B_20250321_AN_DEP.nc
Saved summary: /perm/dnk8355/paper2026/netcdf_daily_1april2024_31march2026/METOP-C_20250321_summary.txt
Saved: /perm/dnk8355/paper2026/netcdf_daily_1april2024_31march2026/METOP-C_20250321_OBSVALUE.nc
Saved: /perm/dnk8355/paper2026/netcdf_daily_1april2024_31march2026/METOP-C_20250321_EMIS_WATER.nc
Saved: /perm/dnk8355/paper2026/netcdf_daily_1april2024_31march2026/METOP-C_20250321_TAUSFC.nc
Saved: /perm/dnk8355/paper2026/netcdf_daily_1april2024_31march2026/METOP-C_20250321_TDOWN.nc
Saved: /perm/dnk8355/paper2026/netcdf_daily_1april2024_31march2026/METOP-C_20250321_TUP.nc
Saved: /perm/dnk8355/paper2026/netcdf_daily_1april2024_31march2026/METOP-C_20250321_TAUSFC_CLD.nc
Saved: /perm/dnk8355/paper2026/netcdf_daily_1april2024_31march2026/METOP-C_20250321_TDOWN_CLD.nc
Saved: /perm/dnk8355/paper2026/netcdf_daily_1april2024_31march2026/METOP-C_20250321_TUP_CLD.nc
Saved: /perm/dnk8355/paper2026/netcdf_daily_1april2024_31march2026/METOP-C_20250321_FG_DEP.nc
Saved: /perm/dnk8355/paper2026/netcdf_daily_1april2024_31march2026/METOP-C_20250321_AN_DEP.nc
[445382] Saved daily NetCDFs for amsua_ofb_lwda_20250321_NH_SH_variables_filtered_lsm_lower02.odb
Saved summary: /perm/dnk8355/paper2026/netcdf_daily_1april2024_31march2026/METOP-B_20250322_summary.txt
Saved: /perm/dnk8355/paper2026/netcdf_daily_1april2024_31march2026/METOP-B_20250322_OBSVALUE.nc
Saved: /perm/dnk8355/paper2026/netcdf_daily_1april2024_31march2026/METOP-B_20250322_EMIS_WATER.nc
Saved: /perm/dnk8355/paper2026/netcdf_daily_1april2024_31march2026/METOP-B_20250322_TAUSFC.nc
Saved: /perm/dnk8355/paper2026/netcdf_daily_1april2024_31march2026/METOP-B_20250322_TDOWN.nc
Saved: /perm/dnk8355/paper2026/netcdf_daily_1april2024_31march2026/METOP-B_20250322_TUP.nc
Saved: /perm/dnk8355/paper2026/netcdf_daily_1april2024_31march2026/METOP-B_20250322_TAUSFC_CLD.nc
Saved: /perm/dnk8355/paper2026/netcdf_daily_1april2024_31march2026/METOP-B_20250322_TDOWN_CLD.nc
Saved: /perm/dnk8355/paper2026/netcdf_daily_1april2024_31march2026/METOP-B_20250322_TUP_CLD.nc
Saved: /perm/dnk8355/paper2026/netcdf_daily_1april2024_31march2026/METOP-B_20250322_FG_DEP.nc
Saved: /perm/dnk8355/paper2026/netcdf_daily_1april2024_31march2026/METOP-B_20250322_AN_DEP.nc
Saved summary: /perm/dnk8355/paper2026/netcdf_daily_1april2024_31march2026/METOP-C_20250322_summary.txt
Saved: /perm/dnk8355/paper2026/netcdf_daily_1april2024_31march2026/METOP-C_20250322_OBSVALUE.nc
Saved: /perm/dnk8355/paper2026/netcdf_daily_1april2024_31march2026/METOP-C_20250322_EMIS_WATER.nc
Saved: /perm/dnk8355/paper2026/netcdf_daily_1april2024_31march2026/METOP-C_20250322_TAUSFC.nc
Saved: /perm/dnk8355/paper2026/netcdf_daily_1april2024_31march2026/METOP-C_20250322_TDOWN.nc
Saved: /perm/dnk8355/paper2026/netcdf_daily_1april2024_31march2026/METOP-C_20250322_TUP.nc
Saved: /perm/dnk8355/paper2026/netcdf_daily_1april2024_31march2026/METOP-C_20250322_TAUSFC_CLD.nc
Saved: /perm/dnk8355/paper2026/netcdf_daily_1april2024_31march2026/METOP-C_20250322_TDOWN_CLD.nc
Saved: /perm/dnk8355/paper2026/netcdf_daily_1april2024_31march2026/METOP-C_20250322_TUP_CLD.nc
Saved: /perm/dnk8355/paper2026/netcdf_daily_1april2024_31march2026/METOP-C_20250322_FG_DEP.nc
Saved: /perm/dnk8355/paper2026/netcdf_daily_1april2024_31march2026/METOP-C_20250322_AN_DEP.nc
[445382] Saved daily NetCDFs for amsua_ofb_lwda_20250322_NH_SH_variables_filtered_lsm_lower02.odb
Saved summary: /perm/dnk8355/paper2026/netcdf_daily_1april2024_31march2026/METOP-B_20250323_summary.txt
Saved: /perm/dnk8355/paper2026/netcdf_daily_1april2024_31march2026/METOP-B_20250323_OBSVALUE.nc
Saved: /perm/dnk8355/paper2026/netcdf_daily_1april2024_31march2026/METOP-B_20250323_EMIS_WATER.nc
Saved: /perm/dnk8355/paper2026/netcdf_daily_1april2024_31march2026/METOP-B_20250323_TAUSFC.nc
Saved: /perm/dnk8355/paper2026/netcdf_daily_1april2024_31march2026/METOP-B_20250323_TDOWN.nc
Saved: /perm/dnk8355/paper2026/netcdf_daily_1april2024_31march2026/METOP-B_20250323_TUP.nc
Saved: /perm/dnk8355/paper2026/netcdf_daily_1april2024_31march2026/METOP-B_20250323_TAUSFC_CLD.nc
Saved: /perm/dnk8355/paper2026/netcdf_daily_1april2024_31march2026/METOP-B_20250323_TDOWN_CLD.nc
Saved: /perm/dnk8355/paper2026/netcdf_daily_1april2024_31march2026/METOP-B_20250323_TUP_CLD.nc
Saved: /perm/dnk8355/paper2026/netcdf_daily_1april2024_31march2026/METOP-B_20250323_FG_DEP.nc
Saved: /perm/dnk8355/paper2026/netcdf_daily_1april2024_31march2026/METOP-B_20250323_AN_DEP.nc
Saved summary: /perm/dnk8355/paper2026/netcdf_daily_1april2024_31march2026/METOP-C_20250323_summary.txt
Saved: /perm/dnk8355/paper2026/netcdf_daily_1april2024_31march2026/METOP-C_20250323_OBSVALUE.nc
Saved: /perm/dnk8355/paper2026/netcdf_daily_1april2024_31march2026/METOP-C_20250323_EMIS_WATER.nc
Saved: /perm/dnk8355/paper2026/netcdf_daily_1april2024_31march2026/METOP-C_20250323_TAUSFC.nc
Saved: /perm/dnk8355/paper2026/netcdf_daily_1april2024_31march2026/METOP-C_20250323_TDOWN.nc
Saved: /perm/dnk8355/paper2026/netcdf_daily_1april2024_31march2026/METOP-C_20250323_TUP.nc
Saved: /perm/dnk8355/paper2026/netcdf_daily_1april2024_31march2026/METOP-C_20250323_TAUSFC_CLD.nc
Saved: /perm/dnk8355/paper2026/netcdf_daily_1april2024_31march2026/METOP-C_20250323_TDOWN_CLD.nc
Saved: /perm/dnk8355/paper2026/netcdf_daily_1april2024_31march2026/METOP-C_20250323_TUP_CLD.nc
Saved: /perm/dnk8355/paper2026/netcdf_daily_1april2024_31march2026/METOP-C_20250323_FG_DEP.nc
Saved: /perm/dnk8355/paper2026/netcdf_daily_1april2024_31march2026/METOP-C_20250323_AN_DEP.nc
[445382] Saved daily NetCDFs for amsua_ofb_lwda_20250323_NH_SH_variables_filtered_lsm_lower02.odb
Saved summary: /perm/dnk8355/paper2026/netcdf_daily_1april2024_31march2026/METOP-B_20250324_summary.txt
Saved: /perm/dnk8355/paper2026/netcdf_daily_1april2024_31march2026/METOP-B_20250324_OBSVALUE.nc
Saved: /perm/dnk8355/paper2026/netcdf_daily_1april2024_31march2026/METOP-B_20250324_EMIS_WATER.nc
Saved: /perm/dnk8355/paper2026/netcdf_daily_1april2024_31march2026/METOP-B_20250324_TAUSFC.nc
Saved: /perm/dnk8355/paper2026/netcdf_daily_1april2024_31march2026/METOP-B_20250324_TDOWN.nc
Saved: /perm/dnk8355/paper2026/netcdf_daily_1april2024_31march2026/METOP-B_20250324_TUP.nc
Saved: /perm/dnk8355/paper2026/netcdf_daily_1april2024_31march2026/METOP-B_20250324_TAUSFC_CLD.nc
Saved: /perm/dnk8355/paper2026/netcdf_daily_1april2024_31march2026/METOP-B_20250324_TDOWN_CLD.nc
Saved: /perm/dnk8355/paper2026/netcdf_daily_1april2024_31march2026/METOP-B_20250324_TUP_CLD.nc
Saved: /perm/dnk8355/paper2026/netcdf_daily_1april2024_31march2026/METOP-B_20250324_FG_DEP.nc
Saved: /perm/dnk8355/paper2026/netcdf_daily_1april2024_31march2026/METOP-B_20250324_AN_DEP.nc
Saved summary: /perm/dnk8355/paper2026/netcdf_daily_1april2024_31march2026/METOP-C_20250324_summary.txt
Saved: /perm/dnk8355/paper2026/netcdf_daily_1april2024_31march2026/METOP-C_20250324_OBSVALUE.nc
Saved: /perm/dnk8355/paper2026/netcdf_daily_1april2024_31march2026/METOP-C_20250324_EMIS_WATER.nc
Saved: /perm/dnk8355/paper2026/netcdf_daily_1april2024_31march2026/METOP-C_20250324_TAUSFC.nc
Saved: /perm/dnk8355/paper2026/netcdf_daily_1april2024_31march2026/METOP-C_20250324_TDOWN.nc
Saved: /perm/dnk8355/paper2026/netcdf_daily_1april2024_31march2026/METOP-C_20250324_TUP.nc
Saved: /perm/dnk8355/paper2026/netcdf_daily_1april2024_31march2026/METOP-C_20250324_TAUSFC_CLD.nc
Saved: /perm/dnk8355/paper2026/netcdf_daily_1april2024_31march2026/METOP-C_20250324_TDOWN_CLD.nc
Saved: /perm/dnk8355/paper2026/netcdf_daily_1april2024_31march2026/METOP-C_20250324_TUP_CLD.nc
Saved: /perm/dnk8355/paper2026/netcdf_daily_1april2024_31march2026/METOP-C_20250324_FG_DEP.nc
Saved: /perm/dnk8355/paper2026/netcdf_daily_1april2024_31march2026/METOP-C_20250324_AN_DEP.nc
[445382] Saved daily NetCDFs for amsua_ofb_lwda_20250324_NH_SH_variables_filtered_lsm_lower02.odb
Saved summary: /perm/dnk8355/paper2026/netcdf_daily_1april2024_31march2026/METOP-B_20250325_summary.txt
Saved: /perm/dnk8355/paper2026/netcdf_daily_1april2024_31march2026/METOP-B_20250325_OBSVALUE.nc
Saved: /perm/dnk8355/paper2026/netcdf_daily_1april2024_31march2026/METOP-B_20250325_EMIS_WATER.nc
Saved: /perm/dnk8355/paper2026/netcdf_daily_1april2024_31march2026/METOP-B_20250325_TAUSFC.nc
Saved: /perm/dnk8355/paper2026/netcdf_daily_1april2024_31march2026/METOP-B_20250325_TDOWN.nc
Saved: /perm/dnk8355/paper2026/netcdf_daily_1april2024_31march2026/METOP-B_20250325_TUP.nc
Saved: /perm/dnk8355/paper2026/netcdf_daily_1april2024_31march2026/METOP-B_20250325_TAUSFC_CLD.nc
Saved: /perm/dnk8355/paper2026/netcdf_daily_1april2024_31march2026/METOP-B_20250325_TDOWN_CLD.nc
Saved: /perm/dnk8355/paper2026/netcdf_daily_1april2024_31march2026/METOP-B_20250325_TUP_CLD.nc
Saved: /perm/dnk8355/paper2026/netcdf_daily_1april2024_31march2026/METOP-B_20250325_FG_DEP.nc
Saved: /perm/dnk8355/paper2026/netcdf_daily_1april2024_31march2026/METOP-B_20250325_AN_DEP.nc
Saved summary: /perm/dnk8355/paper2026/netcdf_daily_1april2024_31march2026/METOP-C_20250325_summary.txt
Saved: /perm/dnk8355/paper2026/netcdf_daily_1april2024_31march2026/METOP-C_20250325_OBSVALUE.nc
Saved: /perm/dnk8355/paper2026/netcdf_daily_1april2024_31march2026/METOP-C_20250325_EMIS_WATER.nc
Saved: /perm/dnk8355/paper2026/netcdf_daily_1april2024_31march2026/METOP-C_20250325_TAUSFC.nc
Saved: /perm/dnk8355/paper2026/netcdf_daily_1april2024_31march2026/METOP-C_20250325_TDOWN.nc
Saved: /perm/dnk8355/paper2026/netcdf_daily_1april2024_31march2026/METOP-C_20250325_TUP.nc
Saved: /perm/dnk8355/paper2026/netcdf_daily_1april2024_31march2026/METOP-C_20250325_TAUSFC_CLD.nc
Saved: /perm/dnk8355/paper2026/netcdf_daily_1april2024_31march2026/METOP-C_20250325_TDOWN_CLD.nc
Saved: /perm/dnk8355/paper2026/netcdf_daily_1april2024_31march2026/METOP-C_20250325_TUP_CLD.nc
Saved: /perm/dnk8355/paper2026/netcdf_daily_1april2024_31march2026/METOP-C_20250325_FG_DEP.nc
Saved: /perm/dnk8355/paper2026/netcdf_daily_1april2024_31march2026/METOP-C_20250325_AN_DEP.nc
[445382] Saved daily NetCDFs for amsua_ofb_lwda_20250325_NH_SH_variables_filtered_lsm_lower02.odb
Saved summary: /perm/dnk8355/paper2026/netcdf_daily_1april2024_31march2026/METOP-B_20250326_summary.txt
Saved: /perm/dnk8355/paper2026/netcdf_daily_1april2024_31march2026/METOP-B_20250326_OBSVALUE.nc
Saved: /perm/dnk8355/paper2026/netcdf_daily_1april2024_31march2026/METOP-B_20250326_EMIS_WATER.nc
Saved: /perm/dnk8355/paper2026/netcdf_daily_1april2024_31march2026/METOP-B_20250326_TAUSFC.nc
Saved: /perm/dnk8355/paper2026/netcdf_daily_1april2024_31march2026/METOP-B_20250326_TDOWN.nc
Saved: /perm/dnk8355/paper2026/netcdf_daily_1april2024_31march2026/METOP-B_20250326_TUP.nc
Saved: /perm/dnk8355/paper2026/netcdf_daily_1april2024_31march2026/METOP-B_20250326_TAUSFC_CLD.nc
Saved: /perm/dnk8355/paper2026/netcdf_daily_1april2024_31march2026/METOP-B_20250326_TDOWN_CLD.nc
Saved: /perm/dnk8355/paper2026/netcdf_daily_1april2024_31march2026/METOP-B_20250326_TUP_CLD.nc
Saved: /perm/dnk8355/paper2026/netcdf_daily_1april2024_31march2026/METOP-B_20250326_FG_DEP.nc
Saved: /perm/dnk8355/paper2026/netcdf_daily_1april2024_31march2026/METOP-B_20250326_AN_DEP.nc
Saved summary: /perm/dnk8355/paper2026/netcdf_daily_1april2024_31march2026/METOP-C_20250326_summary.txt
Saved: /perm/dnk8355/paper2026/netcdf_daily_1april2024_31march2026/METOP-C_20250326_OBSVALUE.nc
Saved: /perm/dnk8355/paper2026/netcdf_daily_1april2024_31march2026/METOP-C_20250326_EMIS_WATER.nc
Saved: /perm/dnk8355/paper2026/netcdf_daily_1april2024_31march2026/METOP-C_20250326_TAUSFC.nc
Saved: /perm/dnk8355/paper2026/netcdf_daily_1april2024_31march2026/METOP-C_20250326_TDOWN.nc
Saved: /perm/dnk8355/paper2026/netcdf_daily_1april2024_31march2026/METOP-C_20250326_TUP.nc
Saved: /perm/dnk8355/paper2026/netcdf_daily_1april2024_31march2026/METOP-C_20250326_TAUSFC_CLD.nc
Saved: /perm/dnk8355/paper2026/netcdf_daily_1april2024_31march2026/METOP-C_20250326_TDOWN_CLD.nc
Saved: /perm/dnk8355/paper2026/netcdf_daily_1april2024_31march2026/METOP-C_20250326_TUP_CLD.nc
Saved: /perm/dnk8355/paper2026/netcdf_daily_1april2024_31march2026/METOP-C_20250326_FG_DEP.nc
Saved: /perm/dnk8355/paper2026/netcdf_daily_1april2024_31march2026/METOP-C_20250326_AN_DEP.nc
[445382] Saved daily NetCDFs for amsua_ofb_lwda_20250326_NH_SH_variables_filtered_lsm_lower02.odb
Saved summary: /perm/dnk8355/paper2026/netcdf_daily_1april2024_31march2026/METOP-B_20250327_summary.txt
Saved: /perm/dnk8355/paper2026/netcdf_daily_1april2024_31march2026/METOP-B_20250327_OBSVALUE.nc
Saved: /perm/dnk8355/paper2026/netcdf_daily_1april2024_31march2026/METOP-B_20250327_EMIS_WATER.nc
Saved: /perm/dnk8355/paper2026/netcdf_daily_1april2024_31march2026/METOP-B_20250327_TAUSFC.nc
Saved: /perm/dnk8355/paper2026/netcdf_daily_1april2024_31march2026/METOP-B_20250327_TDOWN.nc
Saved: /perm/dnk8355/paper2026/netcdf_daily_1april2024_31march2026/METOP-B_20250327_TUP.nc
Saved: /perm/dnk8355/paper2026/netcdf_daily_1april2024_31march2026/METOP-B_20250327_TAUSFC_CLD.nc
Saved: /perm/dnk8355/paper2026/netcdf_daily_1april2024_31march2026/METOP-B_20250327_TDOWN_CLD.nc
Saved: /perm/dnk8355/paper2026/netcdf_daily_1april2024_31march2026/METOP-B_20250327_TUP_CLD.nc
Saved: /perm/dnk8355/paper2026/netcdf_daily_1april2024_31march2026/METOP-B_20250327_FG_DEP.nc
Saved: /perm/dnk8355/paper2026/netcdf_daily_1april2024_31march2026/METOP-B_20250327_AN_DEP.nc
Saved summary: /perm/dnk8355/paper2026/netcdf_daily_1april2024_31march2026/METOP-C_20250327_summary.txt
Saved: /perm/dnk8355/paper2026/netcdf_daily_1april2024_31march2026/METOP-C_20250327_OBSVALUE.nc
Saved: /perm/dnk8355/paper2026/netcdf_daily_1april2024_31march2026/METOP-C_20250327_EMIS_WATER.nc
Saved: /perm/dnk8355/paper2026/netcdf_daily_1april2024_31march2026/METOP-C_20250327_TAUSFC.nc
Saved: /perm/dnk8355/paper2026/netcdf_daily_1april2024_31march2026/METOP-C_20250327_TDOWN.nc
Saved: /perm/dnk8355/paper2026/netcdf_daily_1april2024_31march2026/METOP-C_20250327_TUP.nc
Saved: /perm/dnk8355/paper2026/netcdf_daily_1april2024_31march2026/METOP-C_20250327_TAUSFC_CLD.nc
Saved: /perm/dnk8355/paper2026/netcdf_daily_1april2024_31march2026/METOP-C_20250327_TDOWN_CLD.nc
Saved: /perm/dnk8355/paper2026/netcdf_daily_1april2024_31march2026/METOP-C_20250327_TUP_CLD.nc
Saved: /perm/dnk8355/paper2026/netcdf_daily_1april2024_31march2026/METOP-C_20250327_FG_DEP.nc
Saved: /perm/dnk8355/paper2026/netcdf_daily_1april2024_31march2026/METOP-C_20250327_AN_DEP.nc
[445382] Saved daily NetCDFs for amsua_ofb_lwda_20250327_NH_SH_variables_filtered_lsm_lower02.odb
Saved summary: /perm/dnk8355/paper2026/netcdf_daily_1april2024_31march2026/METOP-B_20250328_summary.txt
Saved: /perm/dnk8355/paper2026/netcdf_daily_1april2024_31march2026/METOP-B_20250328_OBSVALUE.nc
Saved: /perm/dnk8355/paper2026/netcdf_daily_1april2024_31march2026/METOP-B_20250328_EMIS_WATER.nc
Saved: /perm/dnk8355/paper2026/netcdf_daily_1april2024_31march2026/METOP-B_20250328_TAUSFC.nc
Saved: /perm/dnk8355/paper2026/netcdf_daily_1april2024_31march2026/METOP-B_20250328_TDOWN.nc
Saved: /perm/dnk8355/paper2026/netcdf_daily_1april2024_31march2026/METOP-B_20250328_TUP.nc
Saved: /perm/dnk8355/paper2026/netcdf_daily_1april2024_31march2026/METOP-B_20250328_TAUSFC_CLD.nc
Saved: /perm/dnk8355/paper2026/netcdf_daily_1april2024_31march2026/METOP-B_20250328_TDOWN_CLD.nc
Saved: /perm/dnk8355/paper2026/netcdf_daily_1april2024_31march2026/METOP-B_20250328_TUP_CLD.nc
Saved: /perm/dnk8355/paper2026/netcdf_daily_1april2024_31march2026/METOP-B_20250328_FG_DEP.nc
Saved: /perm/dnk8355/paper2026/netcdf_daily_1april2024_31march2026/METOP-B_20250328_AN_DEP.nc
Saved summary: /perm/dnk8355/paper2026/netcdf_daily_1april2024_31march2026/METOP-C_20250328_summary.txt
Saved: /perm/dnk8355/paper2026/netcdf_daily_1april2024_31march2026/METOP-C_20250328_OBSVALUE.nc
Saved: /perm/dnk8355/paper2026/netcdf_daily_1april2024_31march2026/METOP-C_20250328_EMIS_WATER.nc
Saved: /perm/dnk8355/paper2026/netcdf_daily_1april2024_31march2026/METOP-C_20250328_TAUSFC.nc
Saved: /perm/dnk8355/paper2026/netcdf_daily_1april2024_31march2026/METOP-C_20250328_TDOWN.nc
Saved: /perm/dnk8355/paper2026/netcdf_daily_1april2024_31march2026/METOP-C_20250328_TUP.nc
Saved: /perm/dnk8355/paper2026/netcdf_daily_1april2024_31march2026/METOP-C_20250328_TAUSFC_CLD.nc
Saved: /perm/dnk8355/paper2026/netcdf_daily_1april2024_31march2026/METOP-C_20250328_TDOWN_CLD.nc
Saved: /perm/dnk8355/paper2026/netcdf_daily_1april2024_31march2026/METOP-C_20250328_TUP_CLD.nc
Saved: /perm/dnk8355/paper2026/netcdf_daily_1april2024_31march2026/METOP-C_20250328_FG_DEP.nc
Saved: /perm/dnk8355/paper2026/netcdf_daily_1april2024_31march2026/METOP-C_20250328_AN_DEP.nc
[445382] Saved daily NetCDFs for amsua_ofb_lwda_20250328_NH_SH_variables_filtered_lsm_lower02.odb
Saved summary: /perm/dnk8355/paper2026/netcdf_daily_1april2024_31march2026/METOP-B_20250329_summary.txt
Saved: /perm/dnk8355/paper2026/netcdf_daily_1april2024_31march2026/METOP-B_20250329_OBSVALUE.nc
Saved: /perm/dnk8355/paper2026/netcdf_daily_1april2024_31march2026/METOP-B_20250329_EMIS_WATER.nc
Saved: /perm/dnk8355/paper2026/netcdf_daily_1april2024_31march2026/METOP-B_20250329_TAUSFC.nc
Saved: /perm/dnk8355/paper2026/netcdf_daily_1april2024_31march2026/METOP-B_20250329_TDOWN.nc
Saved: /perm/dnk8355/paper2026/netcdf_daily_1april2024_31march2026/METOP-B_20250329_TUP.nc
Saved: /perm/dnk8355/paper2026/netcdf_daily_1april2024_31march2026/METOP-B_20250329_TAUSFC_CLD.nc
Saved: /perm/dnk8355/paper2026/netcdf_daily_1april2024_31march2026/METOP-B_20250329_TDOWN_CLD.nc
Saved: /perm/dnk8355/paper2026/netcdf_daily_1april2024_31march2026/METOP-B_20250329_TUP_CLD.nc
Saved: /perm/dnk8355/paper2026/netcdf_daily_1april2024_31march2026/METOP-B_20250329_FG_DEP.nc
Saved: /perm/dnk8355/paper2026/netcdf_daily_1april2024_31march2026/METOP-B_20250329_AN_DEP.nc
Saved summary: /perm/dnk8355/paper2026/netcdf_daily_1april2024_31march2026/METOP-C_20250329_summary.txt
Saved: /perm/dnk8355/paper2026/netcdf_daily_1april2024_31march2026/METOP-C_20250329_OBSVALUE.nc
Saved: /perm/dnk8355/paper2026/netcdf_daily_1april2024_31march2026/METOP-C_20250329_EMIS_WATER.nc
Saved: /perm/dnk8355/paper2026/netcdf_daily_1april2024_31march2026/METOP-C_20250329_TAUSFC.nc
Saved: /perm/dnk8355/paper2026/netcdf_daily_1april2024_31march2026/METOP-C_20250329_TDOWN.nc
Saved: /perm/dnk8355/paper2026/netcdf_daily_1april2024_31march2026/METOP-C_20250329_TUP.nc
Saved: /perm/dnk8355/paper2026/netcdf_daily_1april2024_31march2026/METOP-C_20250329_TAUSFC_CLD.nc
Saved: /perm/dnk8355/paper2026/netcdf_daily_1april2024_31march2026/METOP-C_20250329_TDOWN_CLD.nc
Saved: /perm/dnk8355/paper2026/netcdf_daily_1april2024_31march2026/METOP-C_20250329_TUP_CLD.nc
Saved: /perm/dnk8355/paper2026/netcdf_daily_1april2024_31march2026/METOP-C_20250329_FG_DEP.nc
Saved: /perm/dnk8355/paper2026/netcdf_daily_1april2024_31march2026/METOP-C_20250329_AN_DEP.nc
[445382] Saved daily NetCDFs for amsua_ofb_lwda_20250329_NH_SH_variables_filtered_lsm_lower02.odb
Saved summary: /perm/dnk8355/paper2026/netcdf_daily_1april2024_31march2026/METOP-B_20250330_summary.txt
Saved: /perm/dnk8355/paper2026/netcdf_daily_1april2024_31march2026/METOP-B_20250330_OBSVALUE.nc
Saved: /perm/dnk8355/paper2026/netcdf_daily_1april2024_31march2026/METOP-B_20250330_EMIS_WATER.nc
Saved: /perm/dnk8355/paper2026/netcdf_daily_1april2024_31march2026/METOP-B_20250330_TAUSFC.nc
Saved: /perm/dnk8355/paper2026/netcdf_daily_1april2024_31march2026/METOP-B_20250330_TDOWN.nc
Saved: /perm/dnk8355/paper2026/netcdf_daily_1april2024_31march2026/METOP-B_20250330_TUP.nc
Saved: /perm/dnk8355/paper2026/netcdf_daily_1april2024_31march2026/METOP-B_20250330_TAUSFC_CLD.nc
Saved: /perm/dnk8355/paper2026/netcdf_daily_1april2024_31march2026/METOP-B_20250330_TDOWN_CLD.nc
Saved: /perm/dnk8355/paper2026/netcdf_daily_1april2024_31march2026/METOP-B_20250330_TUP_CLD.nc
Saved: /perm/dnk8355/paper2026/netcdf_daily_1april2024_31march2026/METOP-B_20250330_FG_DEP.nc
Saved: /perm/dnk8355/paper2026/netcdf_daily_1april2024_31march2026/METOP-B_20250330_AN_DEP.nc
Saved summary: /perm/dnk8355/paper2026/netcdf_daily_1april2024_31march2026/METOP-C_20250330_summary.txt
Saved: /perm/dnk8355/paper2026/netcdf_daily_1april2024_31march2026/METOP-C_20250330_OBSVALUE.nc
Saved: /perm/dnk8355/paper2026/netcdf_daily_1april2024_31march2026/METOP-C_20250330_EMIS_WATER.nc
Saved: /perm/dnk8355/paper2026/netcdf_daily_1april2024_31march2026/METOP-C_20250330_TAUSFC.nc
Saved: /perm/dnk8355/paper2026/netcdf_daily_1april2024_31march2026/METOP-C_20250330_TDOWN.nc
Saved: /perm/dnk8355/paper2026/netcdf_daily_1april2024_31march2026/METOP-C_20250330_TUP.nc
Saved: /perm/dnk8355/paper2026/netcdf_daily_1april2024_31march2026/METOP-C_20250330_TAUSFC_CLD.nc
Saved: /perm/dnk8355/paper2026/netcdf_daily_1april2024_31march2026/METOP-C_20250330_TDOWN_CLD.nc
Saved: /perm/dnk8355/paper2026/netcdf_daily_1april2024_31march2026/METOP-C_20250330_TUP_CLD.nc
Saved: /perm/dnk8355/paper2026/netcdf_daily_1april2024_31march2026/METOP-C_20250330_FG_DEP.nc
Saved: /perm/dnk8355/paper2026/netcdf_daily_1april2024_31march2026/METOP-C_20250330_AN_DEP.nc
[445382] Saved daily NetCDFs for amsua_ofb_lwda_20250330_NH_SH_variables_filtered_lsm_lower02.odb
Saved summary: /perm/dnk8355/paper2026/netcdf_daily_1april2024_31march2026/METOP-B_20250331_summary.txt
Saved: /perm/dnk8355/paper2026/netcdf_daily_1april2024_31march2026/METOP-B_20250331_OBSVALUE.nc
Saved: /perm/dnk8355/paper2026/netcdf_daily_1april2024_31march2026/METOP-B_20250331_EMIS_WATER.nc
Saved: /perm/dnk8355/paper2026/netcdf_daily_1april2024_31march2026/METOP-B_20250331_TAUSFC.nc
Saved: /perm/dnk8355/paper2026/netcdf_daily_1april2024_31march2026/METOP-B_20250331_TDOWN.nc
Saved: /perm/dnk8355/paper2026/netcdf_daily_1april2024_31march2026/METOP-B_20250331_TUP.nc
Saved: /perm/dnk8355/paper2026/netcdf_daily_1april2024_31march2026/METOP-B_20250331_TAUSFC_CLD.nc
Saved: /perm/dnk8355/paper2026/netcdf_daily_1april2024_31march2026/METOP-B_20250331_TDOWN_CLD.nc
Saved: /perm/dnk8355/paper2026/netcdf_daily_1april2024_31march2026/METOP-B_20250331_TUP_CLD.nc
Saved: /perm/dnk8355/paper2026/netcdf_daily_1april2024_31march2026/METOP-B_20250331_FG_DEP.nc
Saved: /perm/dnk8355/paper2026/netcdf_daily_1april2024_31march2026/METOP-B_20250331_AN_DEP.nc
Saved summary: /perm/dnk8355/paper2026/netcdf_daily_1april2024_31march2026/METOP-C_20250331_summary.txt
Saved: /perm/dnk8355/paper2026/netcdf_daily_1april2024_31march2026/METOP-C_20250331_OBSVALUE.nc
Saved: /perm/dnk8355/paper2026/netcdf_daily_1april2024_31march2026/METOP-C_20250331_EMIS_WATER.nc
Saved: /perm/dnk8355/paper2026/netcdf_daily_1april2024_31march2026/METOP-C_20250331_TAUSFC.nc
Saved: /perm/dnk8355/paper2026/netcdf_daily_1april2024_31march2026/METOP-C_20250331_TDOWN.nc
Saved: /perm/dnk8355/paper2026/netcdf_daily_1april2024_31march2026/METOP-B_20241015_TAUSFC.nc
Saved: /perm/dnk8355/paper2026/netcdf_daily_1april2024_31march2026/METOP-B_20241015_TDOWN.nc
Saved: /perm/dnk8355/paper2026/netcdf_daily_1april2024_31march2026/METOP-B_20241015_TUP.nc
Saved: /perm/dnk8355/paper2026/netcdf_daily_1april2024_31march2026/METOP-B_20241015_TAUSFC_CLD.nc
Saved: /perm/dnk8355/paper2026/netcdf_daily_1april2024_31march2026/METOP-B_20241015_TDOWN_CLD.nc
Saved: /perm/dnk8355/paper2026/netcdf_daily_1april2024_31march2026/METOP-B_20241015_TUP_CLD.nc
Saved: /perm/dnk8355/paper2026/netcdf_daily_1april2024_31march2026/METOP-B_20241015_FG_DEP.nc
Saved: /perm/dnk8355/paper2026/netcdf_daily_1april2024_31march2026/METOP-B_20241015_AN_DEP.nc
Saved summary: /perm/dnk8355/paper2026/netcdf_daily_1april2024_31march2026/METOP-C_20241015_summary.txt
Saved: /perm/dnk8355/paper2026/netcdf_daily_1april2024_31march2026/METOP-C_20241015_OBSVALUE.nc
Saved: /perm/dnk8355/paper2026/netcdf_daily_1april2024_31march2026/METOP-C_20241015_EMIS_WATER.nc
Saved: /perm/dnk8355/paper2026/netcdf_daily_1april2024_31march2026/METOP-C_20241015_TAUSFC.nc
Saved: /perm/dnk8355/paper2026/netcdf_daily_1april2024_31march2026/METOP-C_20241015_TDOWN.nc
Saved: /perm/dnk8355/paper2026/netcdf_daily_1april2024_31march2026/METOP-C_20241015_TUP.nc
Saved: /perm/dnk8355/paper2026/netcdf_daily_1april2024_31march2026/METOP-C_20241015_TAUSFC_CLD.nc
Saved: /perm/dnk8355/paper2026/netcdf_daily_1april2024_31march2026/METOP-C_20241015_TDOWN_CLD.nc
Saved: /perm/dnk8355/paper2026/netcdf_daily_1april2024_31march2026/METOP-C_20241015_TUP_CLD.nc
Saved: /perm/dnk8355/paper2026/netcdf_daily_1april2024_31march2026/METOP-C_20241015_FG_DEP.nc
Saved: /perm/dnk8355/paper2026/netcdf_daily_1april2024_31march2026/METOP-C_20241015_AN_DEP.nc
[445383] Saved daily NetCDFs for amsua_ofb_lwda_20241015_NH_SH_variables_filtered_lsm_lower02.odb
Saved summary: /perm/dnk8355/paper2026/netcdf_daily_1april2024_31march2026/METOP-B_20241016_summary.txt
Saved: /perm/dnk8355/paper2026/netcdf_daily_1april2024_31march2026/METOP-B_20241016_OBSVALUE.nc
Saved: /perm/dnk8355/paper2026/netcdf_daily_1april2024_31march2026/METOP-B_20241016_EMIS_WATER.nc
Saved: /perm/dnk8355/paper2026/netcdf_daily_1april2024_31march2026/METOP-B_20241016_TAUSFC.nc
Saved: /perm/dnk8355/paper2026/netcdf_daily_1april2024_31march2026/METOP-B_20241016_TDOWN.nc
Saved: /perm/dnk8355/paper2026/netcdf_daily_1april2024_31march2026/METOP-B_20241016_TUP.nc
Saved: /perm/dnk8355/paper2026/netcdf_daily_1april2024_31march2026/METOP-B_20241016_TAUSFC_CLD.nc
Saved: /perm/dnk8355/paper2026/netcdf_daily_1april2024_31march2026/METOP-B_20241016_TDOWN_CLD.nc
Saved: /perm/dnk8355/paper2026/netcdf_daily_1april2024_31march2026/METOP-B_20241016_TUP_CLD.nc
Saved: /perm/dnk8355/paper2026/netcdf_daily_1april2024_31march2026/METOP-B_20241016_FG_DEP.nc
Saved: /perm/dnk8355/paper2026/netcdf_daily_1april2024_31march2026/METOP-B_20241016_AN_DEP.nc
Saved summary: /perm/dnk8355/paper2026/netcdf_daily_1april2024_31march2026/METOP-C_20241016_summary.txt
Saved: /perm/dnk8355/paper2026/netcdf_daily_1april2024_31march2026/METOP-C_20241016_OBSVALUE.nc
Saved: /perm/dnk8355/paper2026/netcdf_daily_1april2024_31march2026/METOP-C_20241016_EMIS_WATER.nc
Saved: /perm/dnk8355/paper2026/netcdf_daily_1april2024_31march2026/METOP-C_20241016_TAUSFC.nc
Saved: /perm/dnk8355/paper2026/netcdf_daily_1april2024_31march2026/METOP-C_20241016_TDOWN.nc
Saved: /perm/dnk8355/paper2026/netcdf_daily_1april2024_31march2026/METOP-C_20241016_TUP.nc
Saved: /perm/dnk8355/paper2026/netcdf_daily_1april2024_31march2026/METOP-C_20241016_TAUSFC_CLD.nc
Saved: /perm/dnk8355/paper2026/netcdf_daily_1april2024_31march2026/METOP-C_20241016_TDOWN_CLD.nc
Saved: /perm/dnk8355/paper2026/netcdf_daily_1april2024_31march2026/METOP-C_20241016_TUP_CLD.nc
Saved: /perm/dnk8355/paper2026/netcdf_daily_1april2024_31march2026/METOP-C_20241016_FG_DEP.nc
Saved: /perm/dnk8355/paper2026/netcdf_daily_1april2024_31march2026/METOP-C_20241016_AN_DEP.nc
[445383] Saved daily NetCDFs for amsua_ofb_lwda_20241016_NH_SH_variables_filtered_lsm_lower02.odb
Saved summary: /perm/dnk8355/paper2026/netcdf_daily_1april2024_31march2026/METOP-B_20241017_summary.txt
Saved: /perm/dnk8355/paper2026/netcdf_daily_1april2024_31march2026/METOP-B_20241017_OBSVALUE.nc
Saved: /perm/dnk8355/paper2026/netcdf_daily_1april2024_31march2026/METOP-B_20241017_EMIS_WATER.nc
Saved: /perm/dnk8355/paper2026/netcdf_daily_1april2024_31march2026/METOP-B_20241017_TAUSFC.nc
Saved: /perm/dnk8355/paper2026/netcdf_daily_1april2024_31march2026/METOP-B_20241017_TDOWN.nc
Saved: /perm/dnk8355/paper2026/netcdf_daily_1april2024_31march2026/METOP-B_20241017_TUP.nc
Saved: /perm/dnk8355/paper2026/netcdf_daily_1april2024_31march2026/METOP-B_20241017_TAUSFC_CLD.nc
Saved: /perm/dnk8355/paper2026/netcdf_daily_1april2024_31march2026/METOP-B_20241017_TDOWN_CLD.nc
Saved: /perm/dnk8355/paper2026/netcdf_daily_1april2024_31march2026/METOP-B_20241017_TUP_CLD.nc
Saved: /perm/dnk8355/paper2026/netcdf_daily_1april2024_31march2026/METOP-B_20241017_FG_DEP.nc
Saved: /perm/dnk8355/paper2026/netcdf_daily_1april2024_31march2026/METOP-B_20241017_AN_DEP.nc
Saved summary: /perm/dnk8355/paper2026/netcdf_daily_1april2024_31march2026/METOP-C_20241017_summary.txt
Saved: /perm/dnk8355/paper2026/netcdf_daily_1april2024_31march2026/METOP-C_20241017_OBSVALUE.nc
Saved: /perm/dnk8355/paper2026/netcdf_daily_1april2024_31march2026/METOP-C_20241017_EMIS_WATER.nc
Saved: /perm/dnk8355/paper2026/netcdf_daily_1april2024_31march2026/METOP-C_20241017_TAUSFC.nc
Saved: /perm/dnk8355/paper2026/netcdf_daily_1april2024_31march2026/METOP-C_20241017_TDOWN.nc
Saved: /perm/dnk8355/paper2026/netcdf_daily_1april2024_31march2026/METOP-C_20241017_TUP.nc
Saved: /perm/dnk8355/paper2026/netcdf_daily_1april2024_31march2026/METOP-C_20241017_TAUSFC_CLD.nc
Saved: /perm/dnk8355/paper2026/netcdf_daily_1april2024_31march2026/METOP-C_20241017_TDOWN_CLD.nc
Saved: /perm/dnk8355/paper2026/netcdf_daily_1april2024_31march2026/METOP-C_20241017_TUP_CLD.nc
Saved: /perm/dnk8355/paper2026/netcdf_daily_1april2024_31march2026/METOP-C_20241017_FG_DEP.nc
Saved: /perm/dnk8355/paper2026/netcdf_daily_1april2024_31march2026/METOP-C_20241017_AN_DEP.nc
[445383] Saved daily NetCDFs for amsua_ofb_lwda_20241017_NH_SH_variables_filtered_lsm_lower02.odb
Saved summary: /perm/dnk8355/paper2026/netcdf_daily_1april2024_31march2026/METOP-B_20241018_summary.txt
Saved: /perm/dnk8355/paper2026/netcdf_daily_1april2024_31march2026/METOP-B_20241018_OBSVALUE.nc
Saved: /perm/dnk8355/paper2026/netcdf_daily_1april2024_31march2026/METOP-B_20241018_EMIS_WATER.nc
Saved: /perm/dnk8355/paper2026/netcdf_daily_1april2024_31march2026/METOP-B_20241018_TAUSFC.nc
Saved: /perm/dnk8355/paper2026/netcdf_daily_1april2024_31march2026/METOP-B_20241018_TDOWN.nc
Saved: /perm/dnk8355/paper2026/netcdf_daily_1april2024_31march2026/METOP-B_20241018_TUP.nc
Saved: /perm/dnk8355/paper2026/netcdf_daily_1april2024_31march2026/METOP-B_20241018_TAUSFC_CLD.nc
Saved: /perm/dnk8355/paper2026/netcdf_daily_1april2024_31march2026/METOP-B_20241018_TDOWN_CLD.nc
Saved: /perm/dnk8355/paper2026/netcdf_daily_1april2024_31march2026/METOP-B_20241018_TUP_CLD.nc
Saved: /perm/dnk8355/paper2026/netcdf_daily_1april2024_31march2026/METOP-B_20241018_FG_DEP.nc
Saved: /perm/dnk8355/paper2026/netcdf_daily_1april2024_31march2026/METOP-B_20241018_AN_DEP.nc
Saved summary: /perm/dnk8355/paper2026/netcdf_daily_1april2024_31march2026/METOP-C_20241018_summary.txt
Saved: /perm/dnk8355/paper2026/netcdf_daily_1april2024_31march2026/METOP-C_20241018_OBSVALUE.nc
Saved: /perm/dnk8355/paper2026/netcdf_daily_1april2024_31march2026/METOP-C_20241018_EMIS_WATER.nc
Saved: /perm/dnk8355/paper2026/netcdf_daily_1april2024_31march2026/METOP-C_20241018_TAUSFC.nc
Saved: /perm/dnk8355/paper2026/netcdf_daily_1april2024_31march2026/METOP-C_20241018_TDOWN.nc
Saved: /perm/dnk8355/paper2026/netcdf_daily_1april2024_31march2026/METOP-C_20241018_TUP.nc
Saved: /perm/dnk8355/paper2026/netcdf_daily_1april2024_31march2026/METOP-C_20241018_TAUSFC_CLD.nc
Saved: /perm/dnk8355/paper2026/netcdf_daily_1april2024_31march2026/METOP-C_20241018_TDOWN_CLD.nc
Saved: /perm/dnk8355/paper2026/netcdf_daily_1april2024_31march2026/METOP-C_20241018_TUP_CLD.nc
Saved: /perm/dnk8355/paper2026/netcdf_daily_1april2024_31march2026/METOP-C_20241018_FG_DEP.nc
Saved: /perm/dnk8355/paper2026/netcdf_daily_1april2024_31march2026/METOP-C_20241018_AN_DEP.nc
[445383] Saved daily NetCDFs for amsua_ofb_lwda_20241018_NH_SH_variables_filtered_lsm_lower02.odb
Saved summary: /perm/dnk8355/paper2026/netcdf_daily_1april2024_31march2026/METOP-B_20241019_summary.txt
Saved: /perm/dnk8355/paper2026/netcdf_daily_1april2024_31march2026/METOP-B_20241019_OBSVALUE.nc
Saved: /perm/dnk8355/paper2026/netcdf_daily_1april2024_31march2026/METOP-B_20241019_EMIS_WATER.nc
Saved: /perm/dnk8355/paper2026/netcdf_daily_1april2024_31march2026/METOP-B_20241019_TAUSFC.nc
Saved: /perm/dnk8355/paper2026/netcdf_daily_1april2024_31march2026/METOP-B_20241019_TDOWN.nc
Saved: /perm/dnk8355/paper2026/netcdf_daily_1april2024_31march2026/METOP-B_20241019_TUP.nc
Saved: /perm/dnk8355/paper2026/netcdf_daily_1april2024_31march2026/METOP-B_20241019_TAUSFC_CLD.nc
Saved: /perm/dnk8355/paper2026/netcdf_daily_1april2024_31march2026/METOP-B_20241019_TDOWN_CLD.nc
Saved: /perm/dnk8355/paper2026/netcdf_daily_1april2024_31march2026/METOP-B_20241019_TUP_CLD.nc
Saved: /perm/dnk8355/paper2026/netcdf_daily_1april2024_31march2026/METOP-B_20241019_FG_DEP.nc
Saved: /perm/dnk8355/paper2026/netcdf_daily_1april2024_31march2026/METOP-B_20241019_AN_DEP.nc
Saved summary: /perm/dnk8355/paper2026/netcdf_daily_1april2024_31march2026/METOP-C_20241019_summary.txt
Saved: /perm/dnk8355/paper2026/netcdf_daily_1april2024_31march2026/METOP-C_20241019_OBSVALUE.nc
Saved: /perm/dnk8355/paper2026/netcdf_daily_1april2024_31march2026/METOP-C_20241019_EMIS_WATER.nc
Saved: /perm/dnk8355/paper2026/netcdf_daily_1april2024_31march2026/METOP-C_20241019_TAUSFC.nc
Saved: /perm/dnk8355/paper2026/netcdf_daily_1april2024_31march2026/METOP-C_20241019_TDOWN.nc
Saved: /perm/dnk8355/paper2026/netcdf_daily_1april2024_31march2026/METOP-C_20241019_TUP.nc
Saved: /perm/dnk8355/paper2026/netcdf_daily_1april2024_31march2026/METOP-C_20241019_TAUSFC_CLD.nc
Saved: /perm/dnk8355/paper2026/netcdf_daily_1april2024_31march2026/METOP-C_20241019_TDOWN_CLD.nc
Saved: /perm/dnk8355/paper2026/netcdf_daily_1april2024_31march2026/METOP-C_20241019_TUP_CLD.nc
Saved: /perm/dnk8355/paper2026/netcdf_daily_1april2024_31march2026/METOP-C_20241019_FG_DEP.nc
Saved: /perm/dnk8355/paper2026/netcdf_daily_1april2024_31march2026/METOP-C_20241019_AN_DEP.nc
[445383] Saved daily NetCDFs for amsua_ofb_lwda_20241019_NH_SH_variables_filtered_lsm_lower02.odb
Saved summary: /perm/dnk8355/paper2026/netcdf_daily_1april2024_31march2026/METOP-B_20241020_summary.txt
Saved: /perm/dnk8355/paper2026/netcdf_daily_1april2024_31march2026/METOP-B_20241020_OBSVALUE.nc
Saved: /perm/dnk8355/paper2026/netcdf_daily_1april2024_31march2026/METOP-B_20241020_EMIS_WATER.nc
Saved: /perm/dnk8355/paper2026/netcdf_daily_1april2024_31march2026/METOP-B_20241020_TAUSFC.nc
Saved: /perm/dnk8355/paper2026/netcdf_daily_1april2024_31march2026/METOP-B_20241020_TDOWN.nc
Saved: /perm/dnk8355/paper2026/netcdf_daily_1april2024_31march2026/METOP-B_20241020_TUP.nc
Saved: /perm/dnk8355/paper2026/netcdf_daily_1april2024_31march2026/METOP-B_20241020_TAUSFC_CLD.nc
Saved: /perm/dnk8355/paper2026/netcdf_daily_1april2024_31march2026/METOP-B_20241020_TDOWN_CLD.nc
Saved: /perm/dnk8355/paper2026/netcdf_daily_1april2024_31march2026/METOP-B_20241020_TUP_CLD.nc
Saved: /perm/dnk8355/paper2026/netcdf_daily_1april2024_31march2026/METOP-B_20241020_FG_DEP.nc
Saved: /perm/dnk8355/paper2026/netcdf_daily_1april2024_31march2026/METOP-B_20241020_AN_DEP.nc
Saved summary: /perm/dnk8355/paper2026/netcdf_daily_1april2024_31march2026/METOP-C_20241020_summary.txt
Saved: /perm/dnk8355/paper2026/netcdf_daily_1april2024_31march2026/METOP-C_20241020_OBSVALUE.nc
Saved: /perm/dnk8355/paper2026/netcdf_daily_1april2024_31march2026/METOP-C_20241020_EMIS_WATER.nc
Saved: /perm/dnk8355/paper2026/netcdf_daily_1april2024_31march2026/METOP-C_20241020_TAUSFC.nc
Saved: /perm/dnk8355/paper2026/netcdf_daily_1april2024_31march2026/METOP-C_20241020_TDOWN.nc
Saved: /perm/dnk8355/paper2026/netcdf_daily_1april2024_31march2026/METOP-C_20241020_TUP.nc
Saved: /perm/dnk8355/paper2026/netcdf_daily_1april2024_31march2026/METOP-C_20241020_TAUSFC_CLD.nc
Saved: /perm/dnk8355/paper2026/netcdf_daily_1april2024_31march2026/METOP-C_20241020_TDOWN_CLD.nc
Saved: /perm/dnk8355/paper2026/netcdf_daily_1april2024_31march2026/METOP-C_20241020_TUP_CLD.nc
Saved: /perm/dnk8355/paper2026/netcdf_daily_1april2024_31march2026/METOP-C_20241020_FG_DEP.nc
Saved: /perm/dnk8355/paper2026/netcdf_daily_1april2024_31march2026/METOP-C_20241020_AN_DEP.nc
[445383] Saved daily NetCDFs for amsua_ofb_lwda_20241020_NH_SH_variables_filtered_lsm_lower02.odb
Saved summary: /perm/dnk8355/paper2026/netcdf_daily_1april2024_31march2026/METOP-B_20241021_summary.txt
Saved: /perm/dnk8355/paper2026/netcdf_daily_1april2024_31march2026/METOP-B_20241021_OBSVALUE.nc
Saved: /perm/dnk8355/paper2026/netcdf_daily_1april2024_31march2026/METOP-B_20241021_EMIS_WATER.nc
Saved: /perm/dnk8355/paper2026/netcdf_daily_1april2024_31march2026/METOP-B_20241021_TAUSFC.nc
Saved: /perm/dnk8355/paper2026/netcdf_daily_1april2024_31march2026/METOP-B_20241021_TDOWN.nc
Saved: /perm/dnk8355/paper2026/netcdf_daily_1april2024_31march2026/METOP-B_20241021_TUP.nc
Saved: /perm/dnk8355/paper2026/netcdf_daily_1april2024_31march2026/METOP-B_20241021_TAUSFC_CLD.nc
Saved: /perm/dnk8355/paper2026/netcdf_daily_1april2024_31march2026/METOP-B_20241021_TDOWN_CLD.nc
Saved: /perm/dnk8355/paper2026/netcdf_daily_1april2024_31march2026/METOP-B_20241021_TUP_CLD.nc
Saved: /perm/dnk8355/paper2026/netcdf_daily_1april2024_31march2026/METOP-B_20241021_FG_DEP.nc
Saved: /perm/dnk8355/paper2026/netcdf_daily_1april2024_31march2026/METOP-B_20241021_AN_DEP.nc
Saved summary: /perm/dnk8355/paper2026/netcdf_daily_1april2024_31march2026/METOP-C_20241021_summary.txt
Saved: /perm/dnk8355/paper2026/netcdf_daily_1april2024_31march2026/METOP-C_20241021_OBSVALUE.nc
Saved: /perm/dnk8355/paper2026/netcdf_daily_1april2024_31march2026/METOP-C_20241021_EMIS_WATER.nc
Saved: /perm/dnk8355/paper2026/netcdf_daily_1april2024_31march2026/METOP-C_20241021_TAUSFC.nc
Saved: /perm/dnk8355/paper2026/netcdf_daily_1april2024_31march2026/METOP-C_20241021_TDOWN.nc
Saved: /perm/dnk8355/paper2026/netcdf_daily_1april2024_31march2026/METOP-C_20241021_TUP.nc
Saved: /perm/dnk8355/paper2026/netcdf_daily_1april2024_31march2026/METOP-C_20241021_TAUSFC_CLD.nc
Saved: /perm/dnk8355/paper2026/netcdf_daily_1april2024_31march2026/METOP-C_20241021_TDOWN_CLD.nc
Saved: /perm/dnk8355/paper2026/netcdf_daily_1april2024_31march2026/METOP-C_20241021_TUP_CLD.nc
Saved: /perm/dnk8355/paper2026/netcdf_daily_1april2024_31march2026/METOP-C_20241021_FG_DEP.nc
Saved: /perm/dnk8355/paper2026/netcdf_daily_1april2024_31march2026/METOP-C_20241021_AN_DEP.nc
[445383] Saved daily NetCDFs for amsua_ofb_lwda_20241021_NH_SH_variables_filtered_lsm_lower02.odb
Saved summary: /perm/dnk8355/paper2026/netcdf_daily_1april2024_31march2026/METOP-B_20241022_summary.txt
Saved: /perm/dnk8355/paper2026/netcdf_daily_1april2024_31march2026/METOP-B_20241022_OBSVALUE.nc
Saved: /perm/dnk8355/paper2026/netcdf_daily_1april2024_31march2026/METOP-B_20241022_EMIS_WATER.nc
Saved: /perm/dnk8355/paper2026/netcdf_daily_1april2024_31march2026/METOP-B_20241022_TAUSFC.nc
Saved: /perm/dnk8355/paper2026/netcdf_daily_1april2024_31march2026/METOP-B_20241022_TDOWN.nc
Saved: /perm/dnk8355/paper2026/netcdf_daily_1april2024_31march2026/METOP-B_20241022_TUP.nc
Saved: /perm/dnk8355/paper2026/netcdf_daily_1april2024_31march2026/METOP-B_20241022_TAUSFC_CLD.nc
Saved: /perm/dnk8355/paper2026/netcdf_daily_1april2024_31march2026/METOP-B_20241022_TDOWN_CLD.nc
Saved: /perm/dnk8355/paper2026/netcdf_daily_1april2024_31march2026/METOP-B_20241022_TUP_CLD.nc
Saved: /perm/dnk8355/paper2026/netcdf_daily_1april2024_31march2026/METOP-B_20241022_FG_DEP.nc
Saved: /perm/dnk8355/paper2026/netcdf_daily_1april2024_31march2026/METOP-B_20241022_AN_DEP.nc
Saved summary: /perm/dnk8355/paper2026/netcdf_daily_1april2024_31march2026/METOP-C_20241022_summary.txt
Saved: /perm/dnk8355/paper2026/netcdf_daily_1april2024_31march2026/METOP-C_20241022_OBSVALUE.nc
Saved: /perm/dnk8355/paper2026/netcdf_daily_1april2024_31march2026/METOP-C_20241022_EMIS_WATER.nc
Saved: /perm/dnk8355/paper2026/netcdf_daily_1april2024_31march2026/METOP-C_20241022_TAUSFC.nc
Saved: /perm/dnk8355/paper2026/netcdf_daily_1april2024_31march2026/METOP-C_20241022_TDOWN.nc
Saved: /perm/dnk8355/paper2026/netcdf_daily_1april2024_31march2026/METOP-C_20241022_TUP.nc
Saved: /perm/dnk8355/paper2026/netcdf_daily_1april2024_31march2026/METOP-C_20241022_TAUSFC_CLD.nc
Saved: /perm/dnk8355/paper2026/netcdf_daily_1april2024_31march2026/METOP-C_20241022_TDOWN_CLD.nc
Saved: /perm/dnk8355/paper2026/netcdf_daily_1april2024_31march2026/METOP-C_20241022_TUP_CLD.nc
Saved: /perm/dnk8355/paper2026/netcdf_daily_1april2024_31march2026/METOP-C_20241022_FG_DEP.nc
Saved: /perm/dnk8355/paper2026/netcdf_daily_1april2024_31march2026/METOP-C_20241022_AN_DEP.nc
[445383] Saved daily NetCDFs for amsua_ofb_lwda_20241022_NH_SH_variables_filtered_lsm_lower02.odb
Saved summary: /perm/dnk8355/paper2026/netcdf_daily_1april2024_31march2026/METOP-B_20241023_summary.txt
Saved: /perm/dnk8355/paper2026/netcdf_daily_1april2024_31march2026/METOP-B_20241023_OBSVALUE.nc
Saved: /perm/dnk8355/paper2026/netcdf_daily_1april2024_31march2026/METOP-B_20241023_EMIS_WATER.nc
Saved: /perm/dnk8355/paper2026/netcdf_daily_1april2024_31march2026/METOP-B_20241023_TAUSFC.nc
Saved: /perm/dnk8355/paper2026/netcdf_daily_1april2024_31march2026/METOP-B_20241023_TDOWN.nc
Saved: /perm/dnk8355/paper2026/netcdf_daily_1april2024_31march2026/METOP-B_20241023_TUP.nc
Saved: /perm/dnk8355/paper2026/netcdf_daily_1april2024_31march2026/METOP-B_20241023_TAUSFC_CLD.nc
Saved: /perm/dnk8355/paper2026/netcdf_daily_1april2024_31march2026/METOP-B_20241023_TDOWN_CLD.nc
Saved: /perm/dnk8355/paper2026/netcdf_daily_1april2024_31march2026/METOP-B_20241023_TUP_CLD.nc
Saved: /perm/dnk8355/paper2026/netcdf_daily_1april2024_31march2026/METOP-B_20241023_FG_DEP.nc
Saved: /perm/dnk8355/paper2026/netcdf_daily_1april2024_31march2026/METOP-B_20241023_AN_DEP.nc
Saved summary: /perm/dnk8355/paper2026/netcdf_daily_1april2024_31march2026/METOP-C_20241023_summary.txt
Saved: /perm/dnk8355/paper2026/netcdf_daily_1april2024_31march2026/METOP-C_20241023_OBSVALUE.nc
Saved: /perm/dnk8355/paper2026/netcdf_daily_1april2024_31march2026/METOP-C_20241023_EMIS_WATER.nc
Saved: /perm/dnk8355/paper2026/netcdf_daily_1april2024_31march2026/METOP-C_20241023_TAUSFC.nc
Saved: /perm/dnk8355/paper2026/netcdf_daily_1april2024_31march2026/METOP-C_20241023_TDOWN.nc
Saved: /perm/dnk8355/paper2026/netcdf_daily_1april2024_31march2026/METOP-C_20241023_TUP.nc
Saved: /perm/dnk8355/paper2026/netcdf_daily_1april2024_31march2026/METOP-C_20241023_TAUSFC_CLD.nc
Saved: /perm/dnk8355/paper2026/netcdf_daily_1april2024_31march2026/METOP-C_20241023_TDOWN_CLD.nc
Saved: /perm/dnk8355/paper2026/netcdf_daily_1april2024_31march2026/METOP-C_20241023_TUP_CLD.nc
Saved: /perm/dnk8355/paper2026/netcdf_daily_1april2024_31march2026/METOP-C_20241023_FG_DEP.nc
Saved: /perm/dnk8355/paper2026/netcdf_daily_1april2024_31march2026/METOP-C_20241023_AN_DEP.nc
[445383] Saved daily NetCDFs for amsua_ofb_lwda_20241023_NH_SH_variables_filtered_lsm_lower02.odb
Saved summary: /perm/dnk8355/paper2026/netcdf_daily_1april2024_31march2026/METOP-B_20241024_summary.txt
Saved: /perm/dnk8355/paper2026/netcdf_daily_1april2024_31march2026/METOP-B_20241024_OBSVALUE.nc
Saved: /perm/dnk8355/paper2026/netcdf_daily_1april2024_31march2026/METOP-B_20241024_EMIS_WATER.nc
Saved: /perm/dnk8355/paper2026/netcdf_daily_1april2024_31march2026/METOP-B_20241024_TAUSFC.nc
Saved: /perm/dnk8355/paper2026/netcdf_daily_1april2024_31march2026/METOP-B_20241024_TDOWN.nc
Saved: /perm/dnk8355/paper2026/netcdf_daily_1april2024_31march2026/METOP-B_20241024_TUP.nc
Saved: /perm/dnk8355/paper2026/netcdf_daily_1april2024_31march2026/METOP-B_20241024_TAUSFC_CLD.nc
Saved: /perm/dnk8355/paper2026/netcdf_daily_1april2024_31march2026/METOP-B_20241024_TDOWN_CLD.nc
Saved: /perm/dnk8355/paper2026/netcdf_daily_1april2024_31march2026/METOP-B_20241024_TUP_CLD.nc
Saved: /perm/dnk8355/paper2026/netcdf_daily_1april2024_31march2026/METOP-B_20241024_FG_DEP.nc
Saved: /perm/dnk8355/paper2026/netcdf_daily_1april2024_31march2026/METOP-B_20241024_AN_DEP.nc
Saved summary: /perm/dnk8355/paper2026/netcdf_daily_1april2024_31march2026/METOP-C_20241024_summary.txt
Saved: /perm/dnk8355/paper2026/netcdf_daily_1april2024_31march2026/METOP-C_20241024_OBSVALUE.nc
Saved: /perm/dnk8355/paper2026/netcdf_daily_1april2024_31march2026/METOP-C_20241024_EMIS_WATER.nc
Saved: /perm/dnk8355/paper2026/netcdf_daily_1april2024_31march2026/METOP-C_20241024_TAUSFC.nc
Saved: /perm/dnk8355/paper2026/netcdf_daily_1april2024_31march2026/METOP-C_20241024_TDOWN.nc
Saved: /perm/dnk8355/paper2026/netcdf_daily_1april2024_31march2026/METOP-C_20241024_TUP.nc
Saved: /perm/dnk8355/paper2026/netcdf_daily_1april2024_31march2026/METOP-C_20241024_TAUSFC_CLD.nc
Saved: /perm/dnk8355/paper2026/netcdf_daily_1april2024_31march2026/METOP-C_20241024_TDOWN_CLD.nc
Saved: /perm/dnk8355/paper2026/netcdf_daily_1april2024_31march2026/METOP-C_20241024_TUP_CLD.nc
Saved: /perm/dnk8355/paper2026/netcdf_daily_1april2024_31march2026/METOP-C_20241024_FG_DEP.nc
Saved: /perm/dnk8355/paper2026/netcdf_daily_1april2024_31march2026/METOP-C_20241024_AN_DEP.nc
[445383] Saved daily NetCDFs for amsua_ofb_lwda_20241024_NH_SH_variables_filtered_lsm_lower02.odb
Saved summary: /perm/dnk8355/paper2026/netcdf_daily_1april2024_31march2026/METOP-B_20241025_summary.txt
Saved: /perm/dnk8355/paper2026/netcdf_daily_1april2024_31march2026/METOP-B_20241025_OBSVALUE.nc
Saved: /perm/dnk8355/paper2026/netcdf_daily_1april2024_31march2026/METOP-B_20241025_EMIS_WATER.nc
Saved: /perm/dnk8355/paper2026/netcdf_daily_1april2024_31march2026/METOP-B_20241025_TAUSFC.nc
Saved: /perm/dnk8355/paper2026/netcdf_daily_1april2024_31march2026/METOP-B_20241025_TDOWN.nc
Saved: /perm/dnk8355/paper2026/netcdf_daily_1april2024_31march2026/METOP-B_20241025_TUP.nc
Saved: /perm/dnk8355/paper2026/netcdf_daily_1april2024_31march2026/METOP-B_20241025_TAUSFC_CLD.nc
Saved: /perm/dnk8355/paper2026/netcdf_daily_1april2024_31march2026/METOP-B_20241025_TDOWN_CLD.nc
Saved: /perm/dnk8355/paper2026/netcdf_daily_1april2024_31march2026/METOP-B_20241025_TUP_CLD.nc
Saved: /perm/dnk8355/paper2026/netcdf_daily_1april2024_31march2026/METOP-B_20241025_FG_DEP.nc
Saved: /perm/dnk8355/paper2026/netcdf_daily_1april2024_31march2026/METOP-B_20241025_AN_DEP.nc
Saved summary: /perm/dnk8355/paper2026/netcdf_daily_1april2024_31march2026/METOP-C_20241025_summary.txt
Saved: /perm/dnk8355/paper2026/netcdf_daily_1april2024_31march2026/METOP-C_20241025_OBSVALUE.nc
Saved: /perm/dnk8355/paper2026/netcdf_daily_1april2024_31march2026/METOP-C_20241025_EMIS_WATER.nc
Saved: /perm/dnk8355/paper2026/netcdf_daily_1april2024_31march2026/METOP-C_20241025_TAUSFC.nc
Saved: /perm/dnk8355/paper2026/netcdf_daily_1april2024_31march2026/METOP-C_20241025_TDOWN.nc
Saved: /perm/dnk8355/paper2026/netcdf_daily_1april2024_31march2026/METOP-C_20241025_TUP.nc
Saved: /perm/dnk8355/paper2026/netcdf_daily_1april2024_31march2026/METOP-C_20241025_TAUSFC_CLD.nc
Saved: /perm/dnk8355/paper2026/netcdf_daily_1april2024_31march2026/METOP-C_20241025_TDOWN_CLD.nc
Saved: /perm/dnk8355/paper2026/netcdf_daily_1april2024_31march2026/METOP-C_20241025_TUP_CLD.nc
Saved: /perm/dnk8355/paper2026/netcdf_daily_1april2024_31march2026/METOP-C_20241025_FG_DEP.nc
Saved: /perm/dnk8355/paper2026/netcdf_daily_1april2024_31march2026/METOP-C_20241025_AN_DEP.nc
[445383] Saved daily NetCDFs for amsua_ofb_lwda_20241025_NH_SH_variables_filtered_lsm_lower02.odb
Saved summary: /perm/dnk8355/paper2026/netcdf_daily_1april2024_31march2026/METOP-B_20241026_summary.txt
Saved: /perm/dnk8355/paper2026/netcdf_daily_1april2024_31march2026/METOP-B_20241026_OBSVALUE.nc
Saved: /perm/dnk8355/paper2026/netcdf_daily_1april2024_31march2026/METOP-B_20241026_EMIS_WATER.nc
Saved: /perm/dnk8355/paper2026/netcdf_daily_1april2024_31march2026/METOP-B_20241026_TAUSFC.nc
Saved: /perm/dnk8355/paper2026/netcdf_daily_1april2024_31march2026/METOP-B_20241026_TDOWN.nc
Saved: /perm/dnk8355/paper2026/netcdf_daily_1april2024_31march2026/METOP-B_20241026_TUP.nc
Saved: /perm/dnk8355/paper2026/netcdf_daily_1april2024_31march2026/METOP-B_20241026_TAUSFC_CLD.nc
Saved: /perm/dnk8355/paper2026/netcdf_daily_1april2024_31march2026/METOP-B_20241026_TDOWN_CLD.nc
Saved: /perm/dnk8355/paper2026/netcdf_daily_1april2024_31march2026/METOP-B_20241026_TUP_CLD.nc
Saved: /perm/dnk8355/paper2026/netcdf_daily_1april2024_31march2026/METOP-B_20241026_FG_DEP.nc
Saved: /perm/dnk8355/paper2026/netcdf_daily_1april2024_31march2026/METOP-B_20241026_AN_DEP.nc
Saved summary: /perm/dnk8355/paper2026/netcdf_daily_1april2024_31march2026/METOP-C_20241026_summary.txt
Saved: /perm/dnk8355/paper2026/netcdf_daily_1april2024_31march2026/METOP-C_20241026_OBSVALUE.nc
Saved: /perm/dnk8355/paper2026/netcdf_daily_1april2024_31march2026/METOP-C_20241026_EMIS_WATER.nc
Saved: /perm/dnk8355/paper2026/netcdf_daily_1april2024_31march2026/METOP-C_20241026_TAUSFC.nc
Saved: /perm/dnk8355/paper2026/netcdf_daily_1april2024_31march2026/METOP-C_20241026_TDOWN.nc
Saved: /perm/dnk8355/paper2026/netcdf_daily_1april2024_31march2026/METOP-C_20241026_TUP.nc
Saved: /perm/dnk8355/paper2026/netcdf_daily_1april2024_31march2026/METOP-C_20241026_TAUSFC_CLD.nc
Saved: /perm/dnk8355/paper2026/netcdf_daily_1april2024_31march2026/METOP-C_20241026_TDOWN_CLD.nc
Saved: /perm/dnk8355/paper2026/netcdf_daily_1april2024_31march2026/METOP-C_20241026_TUP_CLD.nc
Saved: /perm/dnk8355/paper2026/netcdf_daily_1april2024_31march2026/METOP-C_20241026_FG_DEP.nc
Saved: /perm/dnk8355/paper2026/netcdf_daily_1april2024_31march2026/METOP-C_20241026_AN_DEP.nc
[445383] Saved daily NetCDFs for amsua_ofb_lwda_20241026_NH_SH_variables_filtered_lsm_lower02.odb
Saved summary: /perm/dnk8355/paper2026/netcdf_daily_1april2024_31march2026/METOP-B_20241027_summary.txt
Saved: /perm/dnk8355/paper2026/netcdf_daily_1april2024_31march2026/METOP-B_20241027_OBSVALUE.nc
Saved: /perm/dnk8355/paper2026/netcdf_daily_1april2024_31march2026/METOP-B_20241027_EMIS_WATER.nc
Saved: /perm/dnk8355/paper2026/netcdf_daily_1april2024_31march2026/METOP-B_20241027_TAUSFC.nc
Saved: /perm/dnk8355/paper2026/netcdf_daily_1april2024_31march2026/METOP-B_20241027_TDOWN.nc
Saved: /perm/dnk8355/paper2026/netcdf_daily_1april2024_31march2026/METOP-B_20241027_TUP.nc
Saved: /perm/dnk8355/paper2026/netcdf_daily_1april2024_31march2026/METOP-B_20241027_TAUSFC_CLD.nc
Saved: /perm/dnk8355/paper2026/netcdf_daily_1april2024_31march2026/METOP-B_20241027_TDOWN_CLD.nc
Saved: /perm/dnk8355/paper2026/netcdf_daily_1april2024_31march2026/METOP-B_20241027_TUP_CLD.nc
Saved: /perm/dnk8355/paper2026/netcdf_daily_1april2024_31march2026/METOP-B_20241027_FG_DEP.nc
Saved: /perm/dnk8355/paper2026/netcdf_daily_1april2024_31march2026/METOP-B_20241027_AN_DEP.nc
Saved summary: /perm/dnk8355/paper2026/netcdf_daily_1april2024_31march2026/METOP-C_20241027_summary.txt
Saved: /perm/dnk8355/paper2026/netcdf_daily_1april2024_31march2026/METOP-C_20241027_OBSVALUE.nc
Saved: /perm/dnk8355/paper2026/netcdf_daily_1april2024_31march2026/METOP-C_20241027_EMIS_WATER.nc
Saved: /perm/dnk8355/paper2026/netcdf_daily_1april2024_31march2026/METOP-C_20241027_TAUSFC.nc
Saved: /perm/dnk8355/paper2026/netcdf_daily_1april2024_31march2026/METOP-C_20241027_TDOWN.nc
Saved: /perm/dnk8355/paper2026/netcdf_daily_1april2024_31march2026/METOP-C_20241027_TUP.nc
Saved: /perm/dnk8355/paper2026/netcdf_daily_1april2024_31march2026/METOP-C_20241027_TAUSFC_CLD.nc
Saved: /perm/dnk8355/paper2026/netcdf_daily_1april2024_31march2026/METOP-C_20241027_TDOWN_CLD.nc
Saved: /perm/dnk8355/paper2026/netcdf_daily_1april2024_31march2026/METOP-C_20241027_TUP_CLD.nc
Saved: /perm/dnk8355/paper2026/netcdf_daily_1april2024_31march2026/METOP-C_20241027_FG_DEP.nc
Saved: /perm/dnk8355/paper2026/netcdf_daily_1april2024_31march2026/METOP-C_20241027_AN_DEP.nc
[445383] Saved daily NetCDFs for amsua_ofb_lwda_20241027_NH_SH_variables_filtered_lsm_lower02.odb
Saved summary: /perm/dnk8355/paper2026/netcdf_daily_1april2024_31march2026/METOP-B_20241028_summary.txt
Saved: /perm/dnk8355/paper2026/netcdf_daily_1april2024_31march2026/METOP-B_20241028_OBSVALUE.nc
Saved: /perm/dnk8355/paper2026/netcdf_daily_1april2024_31march2026/METOP-B_20241028_EMIS_WATER.nc
Saved: /perm/dnk8355/paper2026/netcdf_daily_1april2024_31march2026/METOP-B_20241028_TAUSFC.nc
Saved: /perm/dnk8355/paper2026/netcdf_daily_1april2024_31march2026/METOP-B_20241028_TDOWN.nc
Saved: /perm/dnk8355/paper2026/netcdf_daily_1april2024_31march2026/METOP-B_20241028_TUP.nc
Saved: /perm/dnk8355/paper2026/netcdf_daily_1april2024_31march2026/METOP-B_20241028_TAUSFC_CLD.nc
Saved: /perm/dnk8355/paper2026/netcdf_daily_1april2024_31march2026/METOP-B_20241028_TDOWN_CLD.nc
Saved: /perm/dnk8355/paper2026/netcdf_daily_1april2024_31march2026/METOP-B_20241028_TUP_CLD.nc
Saved: /perm/dnk8355/paper2026/netcdf_daily_1april2024_31march2026/METOP-B_20241028_FG_DEP.nc
Saved: /perm/dnk8355/paper2026/netcdf_daily_1april2024_31march2026/METOP-B_20241028_AN_DEP.nc
Saved summary: /perm/dnk8355/paper2026/netcdf_daily_1april2024_31march2026/METOP-C_20241028_summary.txt
Saved: /perm/dnk8355/paper2026/netcdf_daily_1april2024_31march2026/METOP-C_20241028_OBSVALUE.nc
Saved: /perm/dnk8355/paper2026/netcdf_daily_1april2024_31march2026/METOP-C_20241028_EMIS_WATER.nc
Saved: /perm/dnk8355/paper2026/netcdf_daily_1april2024_31march2026/METOP-C_20241028_TAUSFC.nc
Saved: /perm/dnk8355/paper2026/netcdf_daily_1april2024_31march2026/METOP-C_20241028_TDOWN.nc
Saved: /perm/dnk8355/paper2026/netcdf_daily_1april2024_31march2026/METOP-C_20241028_TUP.nc
Saved: /perm/dnk8355/paper2026/netcdf_daily_1april2024_31march2026/METOP-C_20241028_TAUSFC_CLD.nc
Saved: /perm/dnk8355/paper2026/netcdf_daily_1april2024_31march2026/METOP-C_20241028_TDOWN_CLD.nc
Saved: /perm/dnk8355/paper2026/netcdf_daily_1april2024_31march2026/METOP-C_20241028_TUP_CLD.nc
Saved: /perm/dnk8355/paper2026/netcdf_daily_1april2024_31march2026/METOP-C_20241028_FG_DEP.nc
Saved: /perm/dnk8355/paper2026/netcdf_daily_1april2024_31march2026/METOP-C_20241028_AN_DEP.nc
[445383] Saved daily NetCDFs for amsua_ofb_lwda_20241028_NH_SH_variables_filtered_lsm_lower02.odb
Saved summary: /perm/dnk8355/paper2026/netcdf_daily_1april2024_31march2026/METOP-B_20241029_summary.txt
Saved: /perm/dnk8355/paper2026/netcdf_daily_1april2024_31march2026/METOP-B_20241029_OBSVALUE.nc
Saved: /perm/dnk8355/paper2026/netcdf_daily_1april2024_31march2026/METOP-B_20241029_EMIS_WATER.nc
Saved: /perm/dnk8355/paper2026/netcdf_daily_1april2024_31march2026/METOP-B_20241029_TAUSFC.nc
Saved: /perm/dnk8355/paper2026/netcdf_daily_1april2024_31march2026/METOP-B_20241029_TDOWN.nc
Saved: /perm/dnk8355/paper2026/netcdf_daily_1april2024_31march2026/METOP-B_20241029_TUP.nc
Saved: /perm/dnk8355/paper2026/netcdf_daily_1april2024_31march2026/METOP-B_20241029_TAUSFC_CLD.nc
Saved: /perm/dnk8355/paper2026/netcdf_daily_1april2024_31march2026/METOP-B_20241029_TDOWN_CLD.nc
Saved: /perm/dnk8355/paper2026/netcdf_daily_1april2024_31march2026/METOP-B_20241029_TUP_CLD.nc
Saved: /perm/dnk8355/paper2026/netcdf_daily_1april2024_31march2026/METOP-B_20241029_FG_DEP.nc
Saved: /perm/dnk8355/paper2026/netcdf_daily_1april2024_31march2026/METOP-B_20241029_AN_DEP.nc
Saved summary: /perm/dnk8355/paper2026/netcdf_daily_1april2024_31march2026/METOP-C_20241029_summary.txt
Saved: /perm/dnk8355/paper2026/netcdf_daily_1april2024_31march2026/METOP-C_20241029_OBSVALUE.nc
Saved: /perm/dnk8355/paper2026/netcdf_daily_1april2024_31march2026/METOP-C_20241029_EMIS_WATER.nc
Saved: /perm/dnk8355/paper2026/netcdf_daily_1april2024_31march2026/METOP-C_20241029_TAUSFC.nc
Saved: /perm/dnk8355/paper2026/netcdf_daily_1april2024_31march2026/METOP-C_20241029_TDOWN.nc
Saved: /perm/dnk8355/paper2026/netcdf_daily_1april2024_31march2026/METOP-C_20241029_TUP.nc
Saved: /perm/dnk8355/paper2026/netcdf_daily_1april2024_31march2026/METOP-C_20241029_TAUSFC_CLD.nc
Saved: /perm/dnk8355/paper2026/netcdf_daily_1april2024_31march2026/METOP-C_20241029_TDOWN_CLD.nc
Saved: /perm/dnk8355/paper2026/netcdf_daily_1april2024_31march2026/METOP-C_20241029_TUP_CLD.nc
Saved: /perm/dnk8355/paper2026/netcdf_daily_1april2024_31march2026/METOP-C_20241029_FG_DEP.nc
Saved: /perm/dnk8355/paper2026/netcdf_daily_1april2024_31march2026/METOP-C_20241029_AN_DEP.nc
[445383] Saved daily NetCDFs for amsua_ofb_lwda_20241029_NH_SH_variables_filtered_lsm_lower02.odb
Saved summary: /perm/dnk8355/paper2026/netcdf_daily_1april2024_31march2026/METOP-B_20241030_summary.txt
Saved: /perm/dnk8355/paper2026/netcdf_daily_1april2024_31march2026/METOP-B_20241030_OBSVALUE.nc
Saved: /perm/dnk8355/paper2026/netcdf_daily_1april2024_31march2026/METOP-B_20241030_EMIS_WATER.nc
Saved: /perm/dnk8355/paper2026/netcdf_daily_1april2024_31march2026/METOP-B_20241030_TAUSFC.nc
Saved: /perm/dnk8355/paper2026/netcdf_daily_1april2024_31march2026/METOP-B_20241030_TDOWN.nc
Saved: /perm/dnk8355/paper2026/netcdf_daily_1april2024_31march2026/METOP-B_20241030_TUP.nc
Saved: /perm/dnk8355/paper2026/netcdf_daily_1april2024_31march2026/METOP-B_20241030_TAUSFC_CLD.nc
Saved: /perm/dnk8355/paper2026/netcdf_daily_1april2024_31march2026/METOP-B_20241030_TDOWN_CLD.nc
Saved: /perm/dnk8355/paper2026/netcdf_daily_1april2024_31march2026/METOP-B_20241030_TUP_CLD.nc
Saved: /perm/dnk8355/paper2026/netcdf_daily_1april2024_31march2026/METOP-B_20241030_FG_DEP.nc
Saved: /perm/dnk8355/paper2026/netcdf_daily_1april2024_31march2026/METOP-B_20241030_AN_DEP.nc
Saved summary: /perm/dnk8355/paper2026/netcdf_daily_1april2024_31march2026/METOP-C_20241030_summary.txt
Saved: /perm/dnk8355/paper2026/netcdf_daily_1april2024_31march2026/METOP-C_20241030_OBSVALUE.nc
Saved: /perm/dnk8355/paper2026/netcdf_daily_1april2024_31march2026/METOP-C_20241030_EMIS_WATER.nc
Saved: /perm/dnk8355/paper2026/netcdf_daily_1april2024_31march2026/METOP-C_20241030_TAUSFC.nc
Saved: /perm/dnk8355/paper2026/netcdf_daily_1april2024_31march2026/METOP-C_20241030_TDOWN.nc
Saved: /perm/dnk8355/paper2026/netcdf_daily_1april2024_31march2026/METOP-C_20241030_TUP.nc
Saved: /perm/dnk8355/paper2026/netcdf_daily_1april2024_31march2026/METOP-C_20241030_TAUSFC_CLD.nc
Saved: /perm/dnk8355/paper2026/netcdf_daily_1april2024_31march2026/METOP-C_20241030_TDOWN_CLD.nc
Saved: /perm/dnk8355/paper2026/netcdf_daily_1april2024_31march2026/METOP-C_20241030_TUP_CLD.nc
Saved: /perm/dnk8355/paper2026/netcdf_daily_1april2024_31march2026/METOP-C_20241030_FG_DEP.nc
Saved: /perm/dnk8355/paper2026/netcdf_daily_1april2024_31march2026/METOP-C_20241030_AN_DEP.nc
[445383] Saved daily NetCDFs for amsua_ofb_lwda_20241030_NH_SH_variables_filtered_lsm_lower02.odb
Saved summary: /perm/dnk8355/paper2026/netcdf_daily_1april2024_31march2026/METOP-B_20241031_summary.txt
Saved: /perm/dnk8355/paper2026/netcdf_daily_1april2024_31march2026/METOP-B_20241031_OBSVALUE.nc
Saved: /perm/dnk8355/paper2026/netcdf_daily_1april2024_31march2026/METOP-B_20241031_EMIS_WATER.nc
Saved: /perm/dnk8355/paper2026/netcdf_daily_1april2024_31march2026/METOP-B_20241031_TAUSFC.nc
Saved: /perm/dnk8355/paper2026/netcdf_daily_1april2024_31march2026/METOP-B_20241031_TDOWN.nc
Saved: /perm/dnk8355/paper2026/netcdf_daily_1april2024_31march2026/METOP-B_20241031_TUP.nc
Saved: /perm/dnk8355/paper2026/netcdf_daily_1april2024_31march2026/METOP-B_20241031_TAUSFC_CLD.nc
Saved: /perm/dnk8355/paper2026/netcdf_daily_1april2024_31march2026/METOP-B_20241031_TDOWN_CLD.nc
Saved: /perm/dnk8355/paper2026/netcdf_daily_1april2024_31march2026/METOP-B_20241031_TUP_CLD.nc
Saved: /perm/dnk8355/paper2026/netcdf_daily_1april2024_31march2026/METOP-B_20241031_FG_DEP.nc
Saved: /perm/dnk8355/paper2026/netcdf_daily_1april2024_31march2026/METOP-B_20241031_AN_DEP.nc
Saved summary: /perm/dnk8355/paper2026/netcdf_daily_1april2024_31march2026/METOP-C_20241031_summary.txt
Saved: /perm/dnk8355/paper2026/netcdf_daily_1april2024_31march2026/METOP-C_20241031_OBSVALUE.nc
Saved: /perm/dnk8355/paper2026/netcdf_daily_1april2024_31march2026/METOP-C_20241031_EMIS_WATER.nc
Saved: /perm/dnk8355/paper2026/netcdf_daily_1april2024_31march2026/METOP-C_20241031_TAUSFC.nc
Saved: /perm/dnk8355/paper2026/netcdf_daily_1april2024_31march2026/METOP-C_20241031_TDOWN.nc
Saved: /perm/dnk8355/paper2026/netcdf_daily_1april2024_31march2026/METOP-C_20241031_TUP.nc
Saved: /perm/dnk8355/paper2026/netcdf_daily_1april2024_31march2026/METOP-C_20241031_TAUSFC_CLD.nc
Saved: /perm/dnk8355/paper2026/netcdf_daily_1april2024_31march2026/METOP-C_20241031_TDOWN_CLD.nc
Saved: /perm/dnk8355/paper2026/netcdf_daily_1april2024_31march2026/METOP-C_20241031_TUP_CLD.nc
Saved: /perm/dnk8355/paper2026/netcdf_daily_1april2024_31march2026/METOP-C_20241031_FG_DEP.nc
Saved: /perm/dnk8355/paper2026/netcdf_daily_1april2024_31march2026/METOP-C_20241031_AN_DEP.nc
[445383] Saved daily NetCDFs for amsua_ofb_lwda_20241031_NH_SH_variables_filtered_lsm_lower02.odb
Saved summary: /perm/dnk8355/paper2026/netcdf_daily_1april2024_31march2026/METOP-B_20241101_summary.txt
Saved: /perm/dnk8355/paper2026/netcdf_daily_1april2024_31march2026/METOP-B_20241101_OBSVALUE.nc
Saved: /perm/dnk8355/paper2026/netcdf_daily_1april2024_31march2026/METOP-B_20241101_EMIS_WATER.nc
Saved: /perm/dnk8355/paper2026/netcdf_daily_1april2024_31march2026/METOP-B_20241101_TAUSFC.nc
Saved: /perm/dnk8355/paper2026/netcdf_daily_1april2024_31march2026/METOP-B_20241101_TDOWN.nc
Saved: /perm/dnk8355/paper2026/netcdf_daily_1april2024_31march2026/METOP-B_20241101_TUP.nc
Saved: /perm/dnk8355/paper2026/netcdf_daily_1april2024_31march2026/METOP-B_20241101_TAUSFC_CLD.nc
Saved: /perm/dnk8355/paper2026/netcdf_daily_1april2024_31march2026/METOP-B_20241101_TDOWN_CLD.nc
Saved: /perm/dnk8355/paper2026/netcdf_daily_1april2024_31march2026/METOP-B_20241101_TUP_CLD.nc
Saved: /perm/dnk8355/paper2026/netcdf_daily_1april2024_31march2026/METOP-B_20241101_FG_DEP.nc
Saved: /perm/dnk8355/paper2026/netcdf_daily_1april2024_31march2026/METOP-B_20241101_AN_DEP.nc
Saved summary: /perm/dnk8355/paper2026/netcdf_daily_1april2024_31march2026/METOP-C_20241101_summary.txt
Saved: /perm/dnk8355/paper2026/netcdf_daily_1april2024_31march2026/METOP-C_20241101_OBSVALUE.nc
Saved: /perm/dnk8355/paper2026/netcdf_daily_1april2024_31march2026/METOP-C_20241101_EMIS_WATER.nc
Saved: /perm/dnk8355/paper2026/netcdf_daily_1april2024_31march2026/METOP-C_20241101_TAUSFC.nc
Saved: /perm/dnk8355/paper2026/netcdf_daily_1april2024_31march2026/METOP-C_20241101_TDOWN.nc
Saved: /perm/dnk8355/paper2026/netcdf_daily_1april2024_31march2026/METOP-C_20241101_TUP.nc
Saved: /perm/dnk8355/paper2026/netcdf_daily_1april2024_31march2026/METOP-C_20241101_TAUSFC_CLD.nc
Saved: /perm/dnk8355/paper2026/netcdf_daily_1april2024_31march2026/METOP-C_20241101_TDOWN_CLD.nc
Saved: /perm/dnk8355/paper2026/netcdf_daily_1april2024_31march2026/METOP-C_20241101_TUP_CLD.nc
Saved: /perm/dnk8355/paper2026/netcdf_daily_1april2024_31march2026/METOP-C_20241101_FG_DEP.nc
Saved: /perm/dnk8355/paper2026/netcdf_daily_1april2024_31march2026/METOP-C_20241101_AN_DEP.nc
[445383] Saved daily NetCDFs for amsua_ofb_lwda_20241101_NH_SH_variables_filtered_lsm_lower02.odb
Saved summary: /perm/dnk8355/paper2026/netcdf_daily_1april2024_31march2026/METOP-B_20241102_summary.txt
Saved: /perm/dnk8355/paper2026/netcdf_daily_1april2024_31march2026/METOP-B_20241102_OBSVALUE.nc
Saved: /perm/dnk8355/paper2026/netcdf_daily_1april2024_31march2026/METOP-B_20241102_EMIS_WATER.nc
Saved: /perm/dnk8355/paper2026/netcdf_daily_1april2024_31march2026/METOP-B_20241102_TAUSFC.nc
Saved: /perm/dnk8355/paper2026/netcdf_daily_1april2024_31march2026/METOP-B_20241102_TDOWN.nc
Saved: /perm/dnk8355/paper2026/netcdf_daily_1april2024_31march2026/METOP-B_20241102_TUP.nc
Saved: /perm/dnk8355/paper2026/netcdf_daily_1april2024_31march2026/METOP-B_20241102_TAUSFC_CLD.nc
Saved: /perm/dnk8355/paper2026/netcdf_daily_1april2024_31march2026/METOP-B_20241102_TDOWN_CLD.nc
Saved: /perm/dnk8355/paper2026/netcdf_daily_1april2024_31march2026/METOP-B_20241102_TUP_CLD.nc
Saved: /perm/dnk8355/paper2026/netcdf_daily_1april2024_31march2026/METOP-B_20241102_FG_DEP.nc
Saved: /perm/dnk8355/paper2026/netcdf_daily_1april2024_31march2026/METOP-B_20241102_AN_DEP.nc
Saved summary: /perm/dnk8355/paper2026/netcdf_daily_1april2024_31march2026/METOP-C_20241102_summary.txt
Saved: /perm/dnk8355/paper2026/netcdf_daily_1april2024_31march2026/METOP-C_20241102_OBSVALUE.nc
Saved: /perm/dnk8355/paper2026/netcdf_daily_1april2024_31march2026/METOP-C_20241102_EMIS_WATER.nc
Saved: /perm/dnk8355/paper2026/netcdf_daily_1april2024_31march2026/METOP-C_20241102_TAUSFC.nc
Saved: /perm/dnk8355/paper2026/netcdf_daily_1april2024_31march2026/METOP-C_20241102_TDOWN.nc
Saved: /perm/dnk8355/paper2026/netcdf_daily_1april2024_31march2026/METOP-C_20241102_TUP.nc
Saved: /perm/dnk8355/paper2026/netcdf_daily_1april2024_31march2026/METOP-C_20241102_TAUSFC_CLD.nc
Saved: /perm/dnk8355/paper2026/netcdf_daily_1april2024_31march2026/METOP-C_20241102_TDOWN_CLD.nc
Saved: /perm/dnk8355/paper2026/netcdf_daily_1april2024_31march2026/METOP-C_20241102_TUP_CLD.nc
Saved: /perm/dnk8355/paper2026/netcdf_daily_1april2024_31march2026/METOP-C_20241102_FG_DEP.nc
Saved: /perm/dnk8355/paper2026/netcdf_daily_1april2024_31march2026/METOP-C_20241102_AN_DEP.nc
[445383] Saved daily NetCDFs for amsua_ofb_lwda_20241102_NH_SH_variables_filtered_lsm_lower02.odb
Saved summary: /perm/dnk8355/paper2026/netcdf_daily_1april2024_31march2026/METOP-B_20241103_summary.txt
Saved: /perm/dnk8355/paper2026/netcdf_daily_1april2024_31march2026/METOP-B_20241103_OBSVALUE.nc
Saved: /perm/dnk8355/paper2026/netcdf_daily_1april2024_31march2026/METOP-B_20241103_EMIS_WATER.nc
Saved: /perm/dnk8355/paper2026/netcdf_daily_1april2024_31march2026/METOP-B_20241103_TAUSFC.nc
Saved: /perm/dnk8355/paper2026/netcdf_daily_1april2024_31march2026/METOP-B_20241103_TDOWN.nc
Saved: /perm/dnk8355/paper2026/netcdf_daily_1april2024_31march2026/METOP-B_20241103_TUP.nc
Saved: /perm/dnk8355/paper2026/netcdf_daily_1april2024_31march2026/METOP-B_20241103_TAUSFC_CLD.nc
Saved: /perm/dnk8355/paper2026/netcdf_daily_1april2024_31march2026/METOP-B_20241103_TDOWN_CLD.nc
Saved: /perm/dnk8355/paper2026/netcdf_daily_1april2024_31march2026/METOP-B_20241103_TUP_CLD.nc
Saved: /perm/dnk8355/paper2026/netcdf_daily_1april2024_31march2026/METOP-B_20241103_FG_DEP.nc
Saved: /perm/dnk8355/paper2026/netcdf_daily_1april2024_31march2026/METOP-B_20241103_AN_DEP.nc
Saved summary: /perm/dnk8355/paper2026/netcdf_daily_1april2024_31march2026/METOP-C_20241103_summary.txt
Saved: /perm/dnk8355/paper2026/netcdf_daily_1april2024_31march2026/METOP-C_20241103_OBSVALUE.nc
Saved: /perm/dnk8355/paper2026/netcdf_daily_1april2024_31march2026/METOP-C_20241103_EMIS_WATER.nc
Saved: /perm/dnk8355/paper2026/netcdf_daily_1april2024_31march2026/METOP-C_20241103_TAUSFC.nc
Saved: /perm/dnk8355/paper2026/netcdf_daily_1april2024_31march2026/METOP-C_20241103_TDOWN.nc
Saved: /perm/dnk8355/paper2026/netcdf_daily_1april2024_31march2026/METOP-C_20241103_TUP.nc
Saved: /perm/dnk8355/paper2026/netcdf_daily_1april2024_31march2026/METOP-C_20241103_TAUSFC_CLD.nc
Saved: /perm/dnk8355/paper2026/netcdf_daily_1april2024_31march2026/METOP-C_20241103_TDOWN_CLD.nc
Saved: /perm/dnk8355/paper2026/netcdf_daily_1april2024_31march2026/METOP-C_20241103_TUP_CLD.nc
Saved: /perm/dnk8355/paper2026/netcdf_daily_1april2024_31march2026/METOP-C_20241103_FG_DEP.nc
Saved: /perm/dnk8355/paper2026/netcdf_daily_1april2024_31march2026/METOP-C_20241103_AN_DEP.nc
[445383] Saved daily NetCDFs for amsua_ofb_lwda_20241103_NH_SH_variables_filtered_lsm_lower02.odb
Saved summary: /perm/dnk8355/paper2026/netcdf_daily_1april2024_31march2026/METOP-B_20241104_summary.txt
Saved: /perm/dnk8355/paper2026/netcdf_daily_1april2024_31march2026/METOP-B_20241104_OBSVALUE.nc
Saved: /perm/dnk8355/paper2026/netcdf_daily_1april2024_31march2026/METOP-B_20241104_EMIS_WATER.nc
Saved: /perm/dnk8355/paper2026/netcdf_daily_1april2024_31march2026/METOP-B_20241104_TAUSFC.nc
Saved: /perm/dnk8355/paper2026/netcdf_daily_1april2024_31march2026/METOP-B_20241104_TDOWN.nc
Saved: /perm/dnk8355/paper2026/netcdf_daily_1april2024_31march2026/METOP-B_20241104_TUP.nc
Saved: /perm/dnk8355/paper2026/netcdf_daily_1april2024_31march2026/METOP-B_20241104_TAUSFC_CLD.nc
Saved: /perm/dnk8355/paper2026/netcdf_daily_1april2024_31march2026/METOP-B_20241104_TDOWN_CLD.nc
Saved: /perm/dnk8355/paper2026/netcdf_daily_1april2024_31march2026/METOP-B_20241104_TUP_CLD.nc
Saved: /perm/dnk8355/paper2026/netcdf_daily_1april2024_31march2026/METOP-B_20241104_FG_DEP.nc
Saved: /perm/dnk8355/paper2026/netcdf_daily_1april2024_31march2026/METOP-B_20241104_AN_DEP.nc
Saved summary: /perm/dnk8355/paper2026/netcdf_daily_1april2024_31march2026/METOP-C_20241104_summary.txt
Saved: /perm/dnk8355/paper2026/netcdf_daily_1april2024_31march2026/METOP-C_20241104_OBSVALUE.nc
Saved: /perm/dnk8355/paper2026/netcdf_daily_1april2024_31march2026/METOP-C_20241104_EMIS_WATER.nc
Saved: /perm/dnk8355/paper2026/netcdf_daily_1april2024_31march2026/METOP-C_20241104_TAUSFC.nc
Saved: /perm/dnk8355/paper2026/netcdf_daily_1april2024_31march2026/METOP-C_20241104_TDOWN.nc
Saved: /perm/dnk8355/paper2026/netcdf_daily_1april2024_31march2026/METOP-C_20241104_TUP.nc
Saved: /perm/dnk8355/paper2026/netcdf_daily_1april2024_31march2026/METOP-C_20241104_TAUSFC_CLD.nc
Saved: /perm/dnk8355/paper2026/netcdf_daily_1april2024_31march2026/METOP-C_20241104_TDOWN_CLD.nc
Saved: /perm/dnk8355/paper2026/netcdf_daily_1april2024_31march2026/METOP-C_20241104_TUP_CLD.nc
Saved: /perm/dnk8355/paper2026/netcdf_daily_1april2024_31march2026/METOP-C_20241104_FG_DEP.nc
Saved: /perm/dnk8355/paper2026/netcdf_daily_1april2024_31march2026/METOP-C_20241104_AN_DEP.nc
[445383] Saved daily NetCDFs for amsua_ofb_lwda_20241104_NH_SH_variables_filtered_lsm_lower02.odb
Saved summary: /perm/dnk8355/paper2026/netcdf_daily_1april2024_31march2026/METOP-B_20241105_summary.txt
Saved: /perm/dnk8355/paper2026/netcdf_daily_1april2024_31march2026/METOP-B_20241105_OBSVALUE.nc
Saved: /perm/dnk8355/paper2026/netcdf_daily_1april2024_31march2026/METOP-B_20241105_EMIS_WATER.nc
Saved: /perm/dnk8355/paper2026/netcdf_daily_1april2024_31march2026/METOP-B_20241105_TAUSFC.nc
Saved: /perm/dnk8355/paper2026/netcdf_daily_1april2024_31march2026/METOP-B_20241105_TDOWN.nc
Saved: /perm/dnk8355/paper2026/netcdf_daily_1april2024_31march2026/METOP-B_20241105_TUP.nc
Saved: /perm/dnk8355/paper2026/netcdf_daily_1april2024_31march2026/METOP-B_20241105_TAUSFC_CLD.nc
Saved: /perm/dnk8355/paper2026/netcdf_daily_1april2024_31march2026/METOP-B_20241105_TDOWN_CLD.nc
Saved: /perm/dnk8355/paper2026/netcdf_daily_1april2024_31march2026/METOP-B_20241105_TUP_CLD.nc
Saved: /perm/dnk8355/paper2026/netcdf_daily_1april2024_31march2026/METOP-B_20241105_FG_DEP.nc
Saved: /perm/dnk8355/paper2026/netcdf_daily_1april2024_31march2026/METOP-B_20241105_AN_DEP.nc
Saved summary: /perm/dnk8355/paper2026/netcdf_daily_1april2024_31march2026/METOP-C_20241105_summary.txt
Saved: /perm/dnk8355/paper2026/netcdf_daily_1april2024_31march2026/METOP-C_20241105_OBSVALUE.nc
Saved: /perm/dnk8355/paper2026/netcdf_daily_1april2024_31march2026/METOP-C_20241105_EMIS_WATER.nc
Saved: /perm/dnk8355/paper2026/netcdf_daily_1april2024_31march2026/METOP-C_20241105_TAUSFC.nc
Saved: /perm/dnk8355/paper2026/netcdf_daily_1april2024_31march2026/METOP-C_20241105_TDOWN.nc
Saved: /perm/dnk8355/paper2026/netcdf_daily_1april2024_31march2026/METOP-C_20241105_TUP.nc
Saved: /perm/dnk8355/paper2026/netcdf_daily_1april2024_31march2026/METOP-C_20241105_TAUSFC_CLD.nc
Saved: /perm/dnk8355/paper2026/netcdf_daily_1april2024_31march2026/METOP-C_20241105_TDOWN_CLD.nc
Saved: /perm/dnk8355/paper2026/netcdf_daily_1april2024_31march2026/METOP-C_20241105_TUP_CLD.nc
Saved: /perm/dnk8355/paper2026/netcdf_daily_1april2024_31march2026/METOP-C_20241105_FG_DEP.nc
Saved: /perm/dnk8355/paper2026/netcdf_daily_1april2024_31march2026/METOP-C_20241105_AN_DEP.nc
[445383] Saved daily NetCDFs for amsua_ofb_lwda_20241105_NH_SH_variables_filtered_lsm_lower02.odb
Saved summary: /perm/dnk8355/paper2026/netcdf_daily_1april2024_31march2026/METOP-B_20241106_summary.txt
Saved: /perm/dnk8355/paper2026/netcdf_daily_1april2024_31march2026/METOP-B_20241106_OBSVALUE.nc
Saved: /perm/dnk8355/paper2026/netcdf_daily_1april2024_31march2026/METOP-B_20241106_EMIS_WATER.nc
Saved: /perm/dnk8355/paper2026/netcdf_daily_1april2024_31march2026/METOP-B_20241106_TAUSFC.nc
Saved: /perm/dnk8355/paper2026/netcdf_daily_1april2024_31march2026/METOP-B_20241106_TDOWN.nc
Saved: /perm/dnk8355/paper2026/netcdf_daily_1april2024_31march2026/METOP-B_20241106_TUP.nc
Saved: /perm/dnk8355/paper2026/netcdf_daily_1april2024_31march2026/METOP-B_20241106_TAUSFC_CLD.nc
Saved: /perm/dnk8355/paper2026/netcdf_daily_1april2024_31march2026/METOP-B_20241106_TDOWN_CLD.nc
Saved: /perm/dnk8355/paper2026/netcdf_daily_1april2024_31march2026/METOP-B_20241106_TUP_CLD.nc
Saved: /perm/dnk8355/paper2026/netcdf_daily_1april2024_31march2026/METOP-B_20241106_FG_DEP.nc
Saved: /perm/dnk8355/paper2026/netcdf_daily_1april2024_31march2026/METOP-B_20241106_AN_DEP.nc
Saved summary: /perm/dnk8355/paper2026/netcdf_daily_1april2024_31march2026/METOP-C_20241106_summary.txt
Saved: /perm/dnk8355/paper2026/netcdf_daily_1april2024_31march2026/METOP-C_20241106_OBSVALUE.nc
Saved: /perm/dnk8355/paper2026/netcdf_daily_1april2024_31march2026/METOP-C_20241106_EMIS_WATER.nc
Saved: /perm/dnk8355/paper2026/netcdf_daily_1april2024_31march2026/METOP-C_20241106_TAUSFC.nc
Saved: /perm/dnk8355/paper2026/netcdf_daily_1april2024_31march2026/METOP-C_20241106_TDOWN.nc
Saved: /perm/dnk8355/paper2026/netcdf_daily_1april2024_31march2026/METOP-C_20241106_TUP.nc
Saved: /perm/dnk8355/paper2026/netcdf_daily_1april2024_31march2026/METOP-C_20241106_TAUSFC_CLD.nc
Saved: /perm/dnk8355/paper2026/netcdf_daily_1april2024_31march2026/METOP-C_20241106_TDOWN_CLD.nc
Saved: /perm/dnk8355/paper2026/netcdf_daily_1april2024_31march2026/METOP-C_20241106_TUP_CLD.nc
Saved: /perm/dnk8355/paper2026/netcdf_daily_1april2024_31march2026/METOP-C_20241106_FG_DEP.nc
Saved: /perm/dnk8355/paper2026/netcdf_daily_1april2024_31march2026/METOP-C_20241106_AN_DEP.nc
[445383] Saved daily NetCDFs for amsua_ofb_lwda_20241106_NH_SH_variables_filtered_lsm_lower02.odb
Saved summary: /perm/dnk8355/paper2026/netcdf_daily_1april2024_31march2026/METOP-B_20241107_summary.txt
Saved: /perm/dnk8355/paper2026/netcdf_daily_1april2024_31march2026/METOP-B_20241107_OBSVALUE.nc
Saved: /perm/dnk8355/paper2026/netcdf_daily_1april2024_31march2026/METOP-B_20241107_EMIS_WATER.nc
Saved: /perm/dnk8355/paper2026/netcdf_daily_1april2024_31march2026/METOP-B_20241107_TAUSFC.nc
Saved: /perm/dnk8355/paper2026/netcdf_daily_1april2024_31march2026/METOP-B_20241107_TDOWN.nc
Saved: /perm/dnk8355/paper2026/netcdf_daily_1april2024_31march2026/METOP-B_20241107_TUP.nc
Saved: /perm/dnk8355/paper2026/netcdf_daily_1april2024_31march2026/METOP-B_20241107_TAUSFC_CLD.nc
Saved: /perm/dnk8355/paper2026/netcdf_daily_1april2024_31march2026/METOP-B_20241107_TDOWN_CLD.nc
Saved: /perm/dnk8355/paper2026/netcdf_daily_1april2024_31march2026/METOP-B_20241107_TUP_CLD.nc
Saved: /perm/dnk8355/paper2026/netcdf_daily_1april2024_31march2026/METOP-B_20241107_FG_DEP.nc
Saved: /perm/dnk8355/paper2026/netcdf_daily_1april2024_31march2026/METOP-B_20241107_AN_DEP.nc
Saved summary: /perm/dnk8355/paper2026/netcdf_daily_1april2024_31march2026/METOP-C_20241107_summary.txt
Saved: /perm/dnk8355/paper2026/netcdf_daily_1april2024_31march2026/METOP-C_20241107_OBSVALUE.nc
Saved: /perm/dnk8355/paper2026/netcdf_daily_1april2024_31march2026/METOP-C_20241107_EMIS_WATER.nc
Saved: /perm/dnk8355/paper2026/netcdf_daily_1april2024_31march2026/METOP-C_20241107_TAUSFC.nc
Saved: /perm/dnk8355/paper2026/netcdf_daily_1april2024_31march2026/METOP-C_20241107_TDOWN.nc
Saved: /perm/dnk8355/paper2026/netcdf_daily_1april2024_31march2026/METOP-C_20241107_TUP.nc
Saved: /perm/dnk8355/paper2026/netcdf_daily_1april2024_31march2026/METOP-C_20241107_TAUSFC_CLD.nc
Saved: /perm/dnk8355/paper2026/netcdf_daily_1april2024_31march2026/METOP-C_20241107_TDOWN_CLD.nc
Saved: /perm/dnk8355/paper2026/netcdf_daily_1april2024_31march2026/METOP-C_20241107_TUP_CLD.nc
Saved: /perm/dnk8355/paper2026/netcdf_daily_1april2024_31march2026/METOP-C_20241107_FG_DEP.nc
Saved: /perm/dnk8355/paper2026/netcdf_daily_1april2024_31march2026/METOP-C_20241107_AN_DEP.nc
[445383] Saved daily NetCDFs for amsua_ofb_lwda_20241107_NH_SH_variables_filtered_lsm_lower02.odb
Saved summary: /perm/dnk8355/paper2026/netcdf_daily_1april2024_31march2026/METOP-B_20241108_summary.txt
Saved: /perm/dnk8355/paper2026/netcdf_daily_1april2024_31march2026/METOP-B_20241108_OBSVALUE.nc
Saved: /perm/dnk8355/paper2026/netcdf_daily_1april2024_31march2026/METOP-B_20241108_EMIS_WATER.nc
Saved: /perm/dnk8355/paper2026/netcdf_daily_1april2024_31march2026/METOP-B_20241108_TAUSFC.nc
Saved: /perm/dnk8355/paper2026/netcdf_daily_1april2024_31march2026/METOP-B_20241108_TDOWN.nc
Saved: /perm/dnk8355/paper2026/netcdf_daily_1april2024_31march2026/METOP-B_20241108_TUP.nc
Saved: /perm/dnk8355/paper2026/netcdf_daily_1april2024_31march2026/METOP-B_20241108_TAUSFC_CLD.nc
Saved: /perm/dnk8355/paper2026/netcdf_daily_1april2024_31march2026/METOP-B_20241108_TDOWN_CLD.nc
Saved: /perm/dnk8355/paper2026/netcdf_daily_1april2024_31march2026/METOP-B_20241108_TUP_CLD.nc
Saved: /perm/dnk8355/paper2026/netcdf_daily_1april2024_31march2026/METOP-B_20241108_FG_DEP.nc
Saved: /perm/dnk8355/paper2026/netcdf_daily_1april2024_31march2026/METOP-B_20241108_AN_DEP.nc
Saved summary: /perm/dnk8355/paper2026/netcdf_daily_1april2024_31march2026/METOP-C_20241108_summary.txt
Saved: /perm/dnk8355/paper2026/netcdf_daily_1april2024_31march2026/METOP-C_20241108_OBSVALUE.nc
Saved: /perm/dnk8355/paper2026/netcdf_daily_1april2024_31march2026/METOP-C_20241108_EMIS_WATER.nc
Saved: /perm/dnk8355/paper2026/netcdf_daily_1april2024_31march2026/METOP-C_20241108_TAUSFC.nc
Saved: /perm/dnk8355/paper2026/netcdf_daily_1april2024_31march2026/METOP-C_20241108_TDOWN.nc
Saved: /perm/dnk8355/paper2026/netcdf_daily_1april2024_31march2026/METOP-C_20241108_TUP.nc
Saved: /perm/dnk8355/paper2026/netcdf_daily_1april2024_31march2026/METOP-C_20241108_TAUSFC_CLD.nc
Saved: /perm/dnk8355/paper2026/netcdf_daily_1april2024_31march2026/METOP-C_20241108_TDOWN_CLD.nc
Saved: /perm/dnk8355/paper2026/netcdf_daily_1april2024_31march2026/METOP-C_20241108_TUP_CLD.nc
Saved: /perm/dnk8355/paper2026/netcdf_daily_1april2024_31march2026/METOP-C_20241108_FG_DEP.nc
Saved: /perm/dnk8355/paper2026/netcdf_daily_1april2024_31march2026/METOP-C_20241108_AN_DEP.nc
[445383] Saved daily NetCDFs for amsua_ofb_lwda_20241108_NH_SH_variables_filtered_lsm_lower02.odb
Saved summary: /perm/dnk8355/paper2026/netcdf_daily_1april2024_31march2026/METOP-B_20241109_summary.txt
Saved: /perm/dnk8355/paper2026/netcdf_daily_1april2024_31march2026/METOP-B_20241109_OBSVALUE.nc
Saved: /perm/dnk8355/paper2026/netcdf_daily_1april2024_31march2026/METOP-B_20241109_EMIS_WATER.nc
Saved: /perm/dnk8355/paper2026/netcdf_daily_1april2024_31march2026/METOP-B_20241109_TAUSFC.nc
Saved: /perm/dnk8355/paper2026/netcdf_daily_1april2024_31march2026/METOP-B_20241109_TDOWN.nc
Saved: /perm/dnk8355/paper2026/netcdf_daily_1april2024_31march2026/METOP-B_20241109_TUP.nc
Saved: /perm/dnk8355/paper2026/netcdf_daily_1april2024_31march2026/METOP-B_20241109_TAUSFC_CLD.nc
Saved: /perm/dnk8355/paper2026/netcdf_daily_1april2024_31march2026/METOP-B_20241109_TDOWN_CLD.nc
Saved: /perm/dnk8355/paper2026/netcdf_daily_1april2024_31march2026/METOP-B_20241109_TUP_CLD.nc
Saved: /perm/dnk8355/paper2026/netcdf_daily_1april2024_31march2026/METOP-B_20241109_FG_DEP.nc
Saved: /perm/dnk8355/paper2026/netcdf_daily_1april2024_31march2026/METOP-B_20241109_AN_DEP.nc
Saved summary: /perm/dnk8355/paper2026/netcdf_daily_1april2024_31march2026/METOP-C_20241109_summary.txt
Saved: /perm/dnk8355/paper2026/netcdf_daily_1april2024_31march2026/METOP-C_20241109_OBSVALUE.nc
Saved: /perm/dnk8355/paper2026/netcdf_daily_1april2024_31march2026/METOP-C_20241109_EMIS_WATER.nc
Saved: /perm/dnk8355/paper2026/netcdf_daily_1april2024_31march2026/METOP-C_20241109_TAUSFC.nc
Saved: /perm/dnk8355/paper2026/netcdf_daily_1april2024_31march2026/METOP-C_20241109_TDOWN.nc
Saved: /perm/dnk8355/paper2026/netcdf_daily_1april2024_31march2026/METOP-C_20241109_TUP.nc
Saved: /perm/dnk8355/paper2026/netcdf_daily_1april2024_31march2026/METOP-C_20241109_TAUSFC_CLD.nc
Saved: /perm/dnk8355/paper2026/netcdf_daily_1april2024_31march2026/METOP-C_20241109_TDOWN_CLD.nc
Saved: /perm/dnk8355/paper2026/netcdf_daily_1april2024_31march2026/METOP-C_20241109_TUP_CLD.nc
Saved: /perm/dnk8355/paper2026/netcdf_daily_1april2024_31march2026/METOP-C_20241109_FG_DEP.nc
Saved: /perm/dnk8355/paper2026/netcdf_daily_1april2024_31march2026/METOP-C_20241109_AN_DEP.nc
[445383] Saved daily NetCDFs for amsua_ofb_lwda_20241109_NH_SH_variables_filtered_lsm_lower02.odb
Saved summary: /perm/dnk8355/paper2026/netcdf_daily_1april2024_31march2026/METOP-B_20241110_summary.txt
Saved: /perm/dnk8355/paper2026/netcdf_daily_1april2024_31march2026/METOP-B_20241110_OBSVALUE.nc
Saved: /perm/dnk8355/paper2026/netcdf_daily_1april2024_31march2026/METOP-B_20241110_EMIS_WATER.nc
Saved: /perm/dnk8355/paper2026/netcdf_daily_1april2024_31march2026/METOP-B_20241110_TAUSFC.nc
Saved: /perm/dnk8355/paper2026/netcdf_daily_1april2024_31march2026/METOP-B_20241110_TDOWN.nc
Saved: /perm/dnk8355/paper2026/netcdf_daily_1april2024_31march2026/METOP-B_20241110_TUP.nc
Saved: /perm/dnk8355/paper2026/netcdf_daily_1april2024_31march2026/METOP-B_20241110_TAUSFC_CLD.nc
Saved: /perm/dnk8355/paper2026/netcdf_daily_1april2024_31march2026/METOP-B_20241110_TDOWN_CLD.nc
Saved: /perm/dnk8355/paper2026/netcdf_daily_1april2024_31march2026/METOP-B_20241110_TUP_CLD.nc
Saved: /perm/dnk8355/paper2026/netcdf_daily_1april2024_31march2026/METOP-B_20241110_FG_DEP.nc
Saved: /perm/dnk8355/paper2026/netcdf_daily_1april2024_31march2026/METOP-B_20241110_AN_DEP.nc
Saved summary: /perm/dnk8355/paper2026/netcdf_daily_1april2024_31march2026/METOP-C_20241110_summary.txt
Saved: /perm/dnk8355/paper2026/netcdf_daily_1april2024_31march2026/METOP-C_20241110_OBSVALUE.nc
Saved: /perm/dnk8355/paper2026/netcdf_daily_1april2024_31march2026/METOP-C_20241110_EMIS_WATER.nc
Saved: /perm/dnk8355/paper2026/netcdf_daily_1april2024_31march2026/METOP-C_20241110_TAUSFC.nc
Saved: /perm/dnk8355/paper2026/netcdf_daily_1april2024_31march2026/METOP-C_20241110_TDOWN.nc
Saved: /perm/dnk8355/paper2026/netcdf_daily_1april2024_31march2026/METOP-C_20241110_TUP.nc
Saved: /perm/dnk8355/paper2026/netcdf_daily_1april2024_31march2026/METOP-C_20241110_TAUSFC_CLD.nc
Saved: /perm/dnk8355/paper2026/netcdf_daily_1april2024_31march2026/METOP-C_20241110_TDOWN_CLD.nc
Saved: /perm/dnk8355/paper2026/netcdf_daily_1april2024_31march2026/METOP-C_20241110_TUP_CLD.nc
Saved: /perm/dnk8355/paper2026/netcdf_daily_1april2024_31march2026/METOP-C_20241110_FG_DEP.nc
Saved: /perm/dnk8355/paper2026/netcdf_daily_1april2024_31march2026/METOP-C_20241110_AN_DEP.nc
[445383] Saved daily NetCDFs for amsua_ofb_lwda_20241110_NH_SH_variables_filtered_lsm_lower02.odb
Saved summary: /perm/dnk8355/paper2026/netcdf_daily_1april2024_31march2026/METOP-B_20241111_summary.txt
Saved: /perm/dnk8355/paper2026/netcdf_daily_1april2024_31march2026/METOP-B_20241111_OBSVALUE.nc
Saved: /perm/dnk8355/paper2026/netcdf_daily_1april2024_31march2026/METOP-B_20241111_EMIS_WATER.nc
Saved: /perm/dnk8355/paper2026/netcdf_daily_1april2024_31march2026/METOP-B_20241111_TAUSFC.nc
Saved: /perm/dnk8355/paper2026/netcdf_daily_1april2024_31march2026/METOP-B_20241111_TDOWN.nc
Saved: /perm/dnk8355/paper2026/netcdf_daily_1april2024_31march2026/METOP-B_20241111_TUP.nc
Saved: /perm/dnk8355/paper2026/netcdf_daily_1april2024_31march2026/METOP-B_20241111_TAUSFC_CLD.nc
Saved: /perm/dnk8355/paper2026/netcdf_daily_1april2024_31march2026/METOP-B_20241111_TDOWN_CLD.nc
Saved: /perm/dnk8355/paper2026/netcdf_daily_1april2024_31march2026/METOP-B_20241111_TUP_CLD.nc
Saved: /perm/dnk8355/paper2026/netcdf_daily_1april2024_31march2026/METOP-B_20241111_FG_DEP.nc
Saved: /perm/dnk8355/paper2026/netcdf_daily_1april2024_31march2026/METOP-B_20241111_AN_DEP.nc
Saved summary: /perm/dnk8355/paper2026/netcdf_daily_1april2024_31march2026/METOP-C_20241111_summary.txt
Saved: /perm/dnk8355/paper2026/netcdf_daily_1april2024_31march2026/METOP-C_20241111_OBSVALUE.nc
Saved: /perm/dnk8355/paper2026/netcdf_daily_1april2024_31march2026/METOP-C_20241111_EMIS_WATER.nc
Saved: /perm/dnk8355/paper2026/netcdf_daily_1april2024_31march2026/METOP-C_20241111_TAUSFC.nc
Saved: /perm/dnk8355/paper2026/netcdf_daily_1april2024_31march2026/METOP-C_20241111_TDOWN.nc
Saved: /perm/dnk8355/paper2026/netcdf_daily_1april2024_31march2026/METOP-C_20241111_TUP.nc
Saved: /perm/dnk8355/paper2026/netcdf_daily_1april2024_31march2026/METOP-C_20241111_TAUSFC_CLD.nc
Saved: /perm/dnk8355/paper2026/netcdf_daily_1april2024_31march2026/METOP-C_20241111_TDOWN_CLD.nc
Saved: /perm/dnk8355/paper2026/netcdf_daily_1april2024_31march2026/METOP-C_20241111_TUP_CLD.nc
Saved: /perm/dnk8355/paper2026/netcdf_daily_1april2024_31march2026/METOP-C_20241111_FG_DEP.nc
Saved: /perm/dnk8355/paper2026/netcdf_daily_1april2024_31march2026/METOP-C_20241111_AN_DEP.nc
[445383] Saved daily NetCDFs for amsua_ofb_lwda_20241111_NH_SH_variables_filtered_lsm_lower02.odb
Saved summary: /perm/dnk8355/paper2026/netcdf_daily_1april2024_31march2026/METOP-B_20241112_summary.txt
Saved: /perm/dnk8355/paper2026/netcdf_daily_1april2024_31march2026/METOP-B_20241112_OBSVALUE.nc
Saved: /perm/dnk8355/paper2026/netcdf_daily_1april2024_31march2026/METOP-B_20241112_EMIS_WATER.nc
Saved: /perm/dnk8355/paper2026/netcdf_daily_1april2024_31march2026/METOP-B_20241112_TAUSFC.nc
Saved: /perm/dnk8355/paper2026/netcdf_daily_1april2024_31march2026/METOP-B_20241112_TDOWN.nc
Saved: /perm/dnk8355/paper2026/netcdf_daily_1april2024_31march2026/METOP-B_20241112_TUP.nc
Saved: /perm/dnk8355/paper2026/netcdf_daily_1april2024_31march2026/METOP-B_20241112_TAUSFC_CLD.nc
Saved: /perm/dnk8355/paper2026/netcdf_daily_1april2024_31march2026/METOP-B_20241112_TDOWN_CLD.nc
Saved: /perm/dnk8355/paper2026/netcdf_daily_1april2024_31march2026/METOP-B_20241112_TUP_CLD.nc
Saved: /perm/dnk8355/paper2026/netcdf_daily_1april2024_31march2026/METOP-B_20241112_FG_DEP.nc
Saved: /perm/dnk8355/paper2026/netcdf_daily_1april2024_31march2026/METOP-B_20241112_AN_DEP.nc
Saved summary: /perm/dnk8355/paper2026/netcdf_daily_1april2024_31march2026/METOP-C_20241112_summary.txt
Saved: /perm/dnk8355/paper2026/netcdf_daily_1april2024_31march2026/METOP-C_20241112_OBSVALUE.nc
Saved: /perm/dnk8355/paper2026/netcdf_daily_1april2024_31march2026/METOP-C_20241112_EMIS_WATER.nc
Saved: /perm/dnk8355/paper2026/netcdf_daily_1april2024_31march2026/METOP-C_20241112_TAUSFC.nc
Saved: /perm/dnk8355/paper2026/netcdf_daily_1april2024_31march2026/METOP-C_20241112_TDOWN.nc
Saved: /perm/dnk8355/paper2026/netcdf_daily_1april2024_31march2026/METOP-C_20241112_TUP.nc
Saved: /perm/dnk8355/paper2026/netcdf_daily_1april2024_31march2026/METOP-C_20241112_TAUSFC_CLD.nc
Saved: /perm/dnk8355/paper2026/netcdf_daily_1april2024_31march2026/METOP-C_20241112_TDOWN_CLD.nc
Saved: /perm/dnk8355/paper2026/netcdf_daily_1april2024_31march2026/METOP-C_20241112_TUP_CLD.nc
Saved: /perm/dnk8355/paper2026/netcdf_daily_1april2024_31march2026/METOP-C_20241112_FG_DEP.nc
Saved: /perm/dnk8355/paper2026/netcdf_daily_1april2024_31march2026/METOP-C_20241112_AN_DEP.nc
[445383] Saved daily NetCDFs for amsua_ofb_lwda_20241112_NH_SH_variables_filtered_lsm_lower02.odb
Saved summary: /perm/dnk8355/paper2026/netcdf_daily_1april2024_31march2026/METOP-B_20241113_summary.txt
Saved: /perm/dnk8355/paper2026/netcdf_daily_1april2024_31march2026/METOP-B_20241113_OBSVALUE.nc
Saved: /perm/dnk8355/paper2026/netcdf_daily_1april2024_31march2026/METOP-B_20241113_EMIS_WATER.nc
Saved: /perm/dnk8355/paper2026/netcdf_daily_1april2024_31march2026/METOP-B_20241113_TAUSFC.nc
Saved: /perm/dnk8355/paper2026/netcdf_daily_1april2024_31march2026/METOP-B_20241113_TDOWN.nc
Saved: /perm/dnk8355/paper2026/netcdf_daily_1april2024_31march2026/METOP-B_20241113_TUP.nc
Saved: /perm/dnk8355/paper2026/netcdf_daily_1april2024_31march2026/METOP-B_20241113_TAUSFC_CLD.nc
Saved: /perm/dnk8355/paper2026/netcdf_daily_1april2024_31march2026/METOP-B_20241113_TDOWN_CLD.nc
Saved: /perm/dnk8355/paper2026/netcdf_daily_1april2024_31march2026/METOP-B_20241113_TUP_CLD.nc
Saved: /perm/dnk8355/paper2026/netcdf_daily_1april2024_31march2026/METOP-B_20241113_FG_DEP.nc
Saved: /perm/dnk8355/paper2026/netcdf_daily_1april2024_31march2026/METOP-B_20241113_AN_DEP.nc
Saved summary: /perm/dnk8355/paper2026/netcdf_daily_1april2024_31march2026/METOP-C_20241113_summary.txt
Saved: /perm/dnk8355/paper2026/netcdf_daily_1april2024_31march2026/METOP-C_20241113_OBSVALUE.nc
Saved: /perm/dnk8355/paper2026/netcdf_daily_1april2024_31march2026/METOP-C_20241113_EMIS_WATER.nc
Saved: /perm/dnk8355/paper2026/netcdf_daily_1april2024_31march2026/METOP-C_20241113_TAUSFC.nc
Saved: /perm/dnk8355/paper2026/netcdf_daily_1april2024_31march2026/METOP-C_20241113_TDOWN.nc
Saved: /perm/dnk8355/paper2026/netcdf_daily_1april2024_31march2026/METOP-B_20241130_TAUSFC.nc
Saved: /perm/dnk8355/paper2026/netcdf_daily_1april2024_31march2026/METOP-B_20241130_TDOWN.nc
Saved: /perm/dnk8355/paper2026/netcdf_daily_1april2024_31march2026/METOP-B_20241130_TUP.nc
Saved: /perm/dnk8355/paper2026/netcdf_daily_1april2024_31march2026/METOP-B_20241130_TAUSFC_CLD.nc
Saved: /perm/dnk8355/paper2026/netcdf_daily_1april2024_31march2026/METOP-B_20241130_TDOWN_CLD.nc
Saved: /perm/dnk8355/paper2026/netcdf_daily_1april2024_31march2026/METOP-B_20241130_TUP_CLD.nc
Saved: /perm/dnk8355/paper2026/netcdf_daily_1april2024_31march2026/METOP-B_20241130_FG_DEP.nc
Saved: /perm/dnk8355/paper2026/netcdf_daily_1april2024_31march2026/METOP-B_20241130_AN_DEP.nc
Saved summary: /perm/dnk8355/paper2026/netcdf_daily_1april2024_31march2026/METOP-C_20241130_summary.txt
Saved: /perm/dnk8355/paper2026/netcdf_daily_1april2024_31march2026/METOP-C_20241130_OBSVALUE.nc
Saved: /perm/dnk8355/paper2026/netcdf_daily_1april2024_31march2026/METOP-C_20241130_EMIS_WATER.nc
Saved: /perm/dnk8355/paper2026/netcdf_daily_1april2024_31march2026/METOP-C_20241130_TAUSFC.nc
Saved: /perm/dnk8355/paper2026/netcdf_daily_1april2024_31march2026/METOP-C_20241130_TDOWN.nc
Saved: /perm/dnk8355/paper2026/netcdf_daily_1april2024_31march2026/METOP-C_20241130_TUP.nc
Saved: /perm/dnk8355/paper2026/netcdf_daily_1april2024_31march2026/METOP-C_20241130_TAUSFC_CLD.nc
Saved: /perm/dnk8355/paper2026/netcdf_daily_1april2024_31march2026/METOP-C_20241130_TDOWN_CLD.nc
Saved: /perm/dnk8355/paper2026/netcdf_daily_1april2024_31march2026/METOP-C_20241130_TUP_CLD.nc
Saved: /perm/dnk8355/paper2026/netcdf_daily_1april2024_31march2026/METOP-C_20241130_FG_DEP.nc
Saved: /perm/dnk8355/paper2026/netcdf_daily_1april2024_31march2026/METOP-C_20241130_AN_DEP.nc
[445381] Saved daily NetCDFs for amsua_ofb_lwda_20241130_NH_SH_variables_filtered_lsm_lower02.odb
Saved summary: /perm/dnk8355/paper2026/netcdf_daily_1april2024_31march2026/METOP-B_20241201_summary.txt
Saved: /perm/dnk8355/paper2026/netcdf_daily_1april2024_31march2026/METOP-B_20241201_OBSVALUE.nc
Saved: /perm/dnk8355/paper2026/netcdf_daily_1april2024_31march2026/METOP-B_20241201_EMIS_WATER.nc
Saved: /perm/dnk8355/paper2026/netcdf_daily_1april2024_31march2026/METOP-B_20241201_TAUSFC.nc
Saved: /perm/dnk8355/paper2026/netcdf_daily_1april2024_31march2026/METOP-B_20241201_TDOWN.nc
Saved: /perm/dnk8355/paper2026/netcdf_daily_1april2024_31march2026/METOP-B_20241201_TUP.nc
Saved: /perm/dnk8355/paper2026/netcdf_daily_1april2024_31march2026/METOP-B_20241201_TAUSFC_CLD.nc
Saved: /perm/dnk8355/paper2026/netcdf_daily_1april2024_31march2026/METOP-B_20241201_TDOWN_CLD.nc
Saved: /perm/dnk8355/paper2026/netcdf_daily_1april2024_31march2026/METOP-B_20241201_TUP_CLD.nc
Saved: /perm/dnk8355/paper2026/netcdf_daily_1april2024_31march2026/METOP-B_20241201_FG_DEP.nc
Saved: /perm/dnk8355/paper2026/netcdf_daily_1april2024_31march2026/METOP-B_20241201_AN_DEP.nc
Saved summary: /perm/dnk8355/paper2026/netcdf_daily_1april2024_31march2026/METOP-C_20241201_summary.txt
Saved: /perm/dnk8355/paper2026/netcdf_daily_1april2024_31march2026/METOP-C_20241201_OBSVALUE.nc
Saved: /perm/dnk8355/paper2026/netcdf_daily_1april2024_31march2026/METOP-C_20241201_EMIS_WATER.nc
Saved: /perm/dnk8355/paper2026/netcdf_daily_1april2024_31march2026/METOP-C_20241201_TAUSFC.nc
Saved: /perm/dnk8355/paper2026/netcdf_daily_1april2024_31march2026/METOP-C_20241201_TDOWN.nc
Saved: /perm/dnk8355/paper2026/netcdf_daily_1april2024_31march2026/METOP-C_20241201_TUP.nc
Saved: /perm/dnk8355/paper2026/netcdf_daily_1april2024_31march2026/METOP-C_20241201_TAUSFC_CLD.nc
Saved: /perm/dnk8355/paper2026/netcdf_daily_1april2024_31march2026/METOP-C_20241201_TDOWN_CLD.nc
Saved: /perm/dnk8355/paper2026/netcdf_daily_1april2024_31march2026/METOP-C_20241201_TUP_CLD.nc
Saved: /perm/dnk8355/paper2026/netcdf_daily_1april2024_31march2026/METOP-C_20241201_FG_DEP.nc
Saved: /perm/dnk8355/paper2026/netcdf_daily_1april2024_31march2026/METOP-C_20241201_AN_DEP.nc
[445381] Saved daily NetCDFs for amsua_ofb_lwda_20241201_NH_SH_variables_filtered_lsm_lower02.odb
Saved summary: /perm/dnk8355/paper2026/netcdf_daily_1april2024_31march2026/METOP-B_20241202_summary.txt
Saved: /perm/dnk8355/paper2026/netcdf_daily_1april2024_31march2026/METOP-B_20241202_OBSVALUE.nc
Saved: /perm/dnk8355/paper2026/netcdf_daily_1april2024_31march2026/METOP-B_20241202_EMIS_WATER.nc
Saved: /perm/dnk8355/paper2026/netcdf_daily_1april2024_31march2026/METOP-B_20241202_TAUSFC.nc
Saved: /perm/dnk8355/paper2026/netcdf_daily_1april2024_31march2026/METOP-B_20241202_TDOWN.nc
Saved: /perm/dnk8355/paper2026/netcdf_daily_1april2024_31march2026/METOP-B_20241202_TUP.nc
Saved: /perm/dnk8355/paper2026/netcdf_daily_1april2024_31march2026/METOP-B_20241202_TAUSFC_CLD.nc
Saved: /perm/dnk8355/paper2026/netcdf_daily_1april2024_31march2026/METOP-B_20241202_TDOWN_CLD.nc
Saved: /perm/dnk8355/paper2026/netcdf_daily_1april2024_31march2026/METOP-B_20241202_TUP_CLD.nc
Saved: /perm/dnk8355/paper2026/netcdf_daily_1april2024_31march2026/METOP-B_20241202_FG_DEP.nc
Saved: /perm/dnk8355/paper2026/netcdf_daily_1april2024_31march2026/METOP-B_20241202_AN_DEP.nc
Saved summary: /perm/dnk8355/paper2026/netcdf_daily_1april2024_31march2026/METOP-C_20241202_summary.txt
Saved: /perm/dnk8355/paper2026/netcdf_daily_1april2024_31march2026/METOP-C_20241202_OBSVALUE.nc
Saved: /perm/dnk8355/paper2026/netcdf_daily_1april2024_31march2026/METOP-C_20241202_EMIS_WATER.nc
Saved: /perm/dnk8355/paper2026/netcdf_daily_1april2024_31march2026/METOP-C_20241202_TAUSFC.nc
Saved: /perm/dnk8355/paper2026/netcdf_daily_1april2024_31march2026/METOP-C_20241202_TDOWN.nc
Saved: /perm/dnk8355/paper2026/netcdf_daily_1april2024_31march2026/METOP-C_20241202_TUP.nc
Saved: /perm/dnk8355/paper2026/netcdf_daily_1april2024_31march2026/METOP-C_20241202_TAUSFC_CLD.nc
Saved: /perm/dnk8355/paper2026/netcdf_daily_1april2024_31march2026/METOP-C_20241202_TDOWN_CLD.nc
Saved: /perm/dnk8355/paper2026/netcdf_daily_1april2024_31march2026/METOP-C_20241202_TUP_CLD.nc
Saved: /perm/dnk8355/paper2026/netcdf_daily_1april2024_31march2026/METOP-C_20241202_FG_DEP.nc
Saved: /perm/dnk8355/paper2026/netcdf_daily_1april2024_31march2026/METOP-C_20241202_AN_DEP.nc
[445381] Saved daily NetCDFs for amsua_ofb_lwda_20241202_NH_SH_variables_filtered_lsm_lower02.odb
Saved summary: /perm/dnk8355/paper2026/netcdf_daily_1april2024_31march2026/METOP-B_20241203_summary.txt
Saved: /perm/dnk8355/paper2026/netcdf_daily_1april2024_31march2026/METOP-B_20241203_OBSVALUE.nc
Saved: /perm/dnk8355/paper2026/netcdf_daily_1april2024_31march2026/METOP-B_20241203_EMIS_WATER.nc
Saved: /perm/dnk8355/paper2026/netcdf_daily_1april2024_31march2026/METOP-B_20241203_TAUSFC.nc
Saved: /perm/dnk8355/paper2026/netcdf_daily_1april2024_31march2026/METOP-B_20241203_TDOWN.nc
Saved: /perm/dnk8355/paper2026/netcdf_daily_1april2024_31march2026/METOP-B_20241203_TUP.nc
Saved: /perm/dnk8355/paper2026/netcdf_daily_1april2024_31march2026/METOP-B_20241203_TAUSFC_CLD.nc
Saved: /perm/dnk8355/paper2026/netcdf_daily_1april2024_31march2026/METOP-B_20241203_TDOWN_CLD.nc
Saved: /perm/dnk8355/paper2026/netcdf_daily_1april2024_31march2026/METOP-B_20241203_TUP_CLD.nc
Saved: /perm/dnk8355/paper2026/netcdf_daily_1april2024_31march2026/METOP-B_20241203_FG_DEP.nc
Saved: /perm/dnk8355/paper2026/netcdf_daily_1april2024_31march2026/METOP-B_20241203_AN_DEP.nc
Saved summary: /perm/dnk8355/paper2026/netcdf_daily_1april2024_31march2026/METOP-C_20241203_summary.txt
Saved: /perm/dnk8355/paper2026/netcdf_daily_1april2024_31march2026/METOP-C_20241203_OBSVALUE.nc
Saved: /perm/dnk8355/paper2026/netcdf_daily_1april2024_31march2026/METOP-C_20241203_EMIS_WATER.nc
Saved: /perm/dnk8355/paper2026/netcdf_daily_1april2024_31march2026/METOP-C_20241203_TAUSFC.nc
Saved: /perm/dnk8355/paper2026/netcdf_daily_1april2024_31march2026/METOP-C_20241203_TDOWN.nc
Saved: /perm/dnk8355/paper2026/netcdf_daily_1april2024_31march2026/METOP-C_20241203_TUP.nc
Saved: /perm/dnk8355/paper2026/netcdf_daily_1april2024_31march2026/METOP-C_20241203_TAUSFC_CLD.nc
Saved: /perm/dnk8355/paper2026/netcdf_daily_1april2024_31march2026/METOP-C_20241203_TDOWN_CLD.nc
Saved: /perm/dnk8355/paper2026/netcdf_daily_1april2024_31march2026/METOP-C_20241203_TUP_CLD.nc
Saved: /perm/dnk8355/paper2026/netcdf_daily_1april2024_31march2026/METOP-C_20241203_FG_DEP.nc
Saved: /perm/dnk8355/paper2026/netcdf_daily_1april2024_31march2026/METOP-C_20241203_AN_DEP.nc
[445381] Saved daily NetCDFs for amsua_ofb_lwda_20241203_NH_SH_variables_filtered_lsm_lower02.odb
Saved summary: /perm/dnk8355/paper2026/netcdf_daily_1april2024_31march2026/METOP-B_20241204_summary.txt
Saved: /perm/dnk8355/paper2026/netcdf_daily_1april2024_31march2026/METOP-B_20241204_OBSVALUE.nc
Saved: /perm/dnk8355/paper2026/netcdf_daily_1april2024_31march2026/METOP-B_20241204_EMIS_WATER.nc
Saved: /perm/dnk8355/paper2026/netcdf_daily_1april2024_31march2026/METOP-B_20241204_TAUSFC.nc
Saved: /perm/dnk8355/paper2026/netcdf_daily_1april2024_31march2026/METOP-B_20241204_TDOWN.nc
Saved: /perm/dnk8355/paper2026/netcdf_daily_1april2024_31march2026/METOP-B_20241204_TUP.nc
Saved: /perm/dnk8355/paper2026/netcdf_daily_1april2024_31march2026/METOP-B_20241204_TAUSFC_CLD.nc
Saved: /perm/dnk8355/paper2026/netcdf_daily_1april2024_31march2026/METOP-B_20241204_TDOWN_CLD.nc
Saved: /perm/dnk8355/paper2026/netcdf_daily_1april2024_31march2026/METOP-B_20241204_TUP_CLD.nc
Saved: /perm/dnk8355/paper2026/netcdf_daily_1april2024_31march2026/METOP-B_20241204_FG_DEP.nc
Saved: /perm/dnk8355/paper2026/netcdf_daily_1april2024_31march2026/METOP-B_20241204_AN_DEP.nc
Saved summary: /perm/dnk8355/paper2026/netcdf_daily_1april2024_31march2026/METOP-C_20241204_summary.txt
Saved: /perm/dnk8355/paper2026/netcdf_daily_1april2024_31march2026/METOP-C_20241204_OBSVALUE.nc
Saved: /perm/dnk8355/paper2026/netcdf_daily_1april2024_31march2026/METOP-C_20241204_EMIS_WATER.nc
Saved: /perm/dnk8355/paper2026/netcdf_daily_1april2024_31march2026/METOP-C_20241204_TAUSFC.nc
Saved: /perm/dnk8355/paper2026/netcdf_daily_1april2024_31march2026/METOP-C_20241204_TDOWN.nc
Saved: /perm/dnk8355/paper2026/netcdf_daily_1april2024_31march2026/METOP-C_20241204_TUP.nc
Saved: /perm/dnk8355/paper2026/netcdf_daily_1april2024_31march2026/METOP-C_20241204_TAUSFC_CLD.nc
Saved: /perm/dnk8355/paper2026/netcdf_daily_1april2024_31march2026/METOP-C_20241204_TDOWN_CLD.nc
Saved: /perm/dnk8355/paper2026/netcdf_daily_1april2024_31march2026/METOP-C_20241204_TUP_CLD.nc
Saved: /perm/dnk8355/paper2026/netcdf_daily_1april2024_31march2026/METOP-C_20241204_FG_DEP.nc
Saved: /perm/dnk8355/paper2026/netcdf_daily_1april2024_31march2026/METOP-C_20241204_AN_DEP.nc
[445381] Saved daily NetCDFs for amsua_ofb_lwda_20241204_NH_SH_variables_filtered_lsm_lower02.odb
Saved summary: /perm/dnk8355/paper2026/netcdf_daily_1april2024_31march2026/METOP-B_20241205_summary.txt
Saved: /perm/dnk8355/paper2026/netcdf_daily_1april2024_31march2026/METOP-B_20241205_OBSVALUE.nc
Saved: /perm/dnk8355/paper2026/netcdf_daily_1april2024_31march2026/METOP-B_20241205_EMIS_WATER.nc
Saved: /perm/dnk8355/paper2026/netcdf_daily_1april2024_31march2026/METOP-B_20241205_TAUSFC.nc
Saved: /perm/dnk8355/paper2026/netcdf_daily_1april2024_31march2026/METOP-B_20241205_TDOWN.nc
Saved: /perm/dnk8355/paper2026/netcdf_daily_1april2024_31march2026/METOP-B_20241205_TUP.nc
Saved: /perm/dnk8355/paper2026/netcdf_daily_1april2024_31march2026/METOP-B_20241205_TAUSFC_CLD.nc
Saved: /perm/dnk8355/paper2026/netcdf_daily_1april2024_31march2026/METOP-B_20241205_TDOWN_CLD.nc
Saved: /perm/dnk8355/paper2026/netcdf_daily_1april2024_31march2026/METOP-B_20241205_TUP_CLD.nc
Saved: /perm/dnk8355/paper2026/netcdf_daily_1april2024_31march2026/METOP-B_20241205_FG_DEP.nc
Saved: /perm/dnk8355/paper2026/netcdf_daily_1april2024_31march2026/METOP-B_20241205_AN_DEP.nc
Saved summary: /perm/dnk8355/paper2026/netcdf_daily_1april2024_31march2026/METOP-C_20241205_summary.txt
Saved: /perm/dnk8355/paper2026/netcdf_daily_1april2024_31march2026/METOP-C_20241205_OBSVALUE.nc
Saved: /perm/dnk8355/paper2026/netcdf_daily_1april2024_31march2026/METOP-C_20241205_EMIS_WATER.nc
Saved: /perm/dnk8355/paper2026/netcdf_daily_1april2024_31march2026/METOP-C_20241205_TAUSFC.nc
Saved: /perm/dnk8355/paper2026/netcdf_daily_1april2024_31march2026/METOP-C_20241205_TDOWN.nc
Saved: /perm/dnk8355/paper2026/netcdf_daily_1april2024_31march2026/METOP-C_20241205_TUP.nc
Saved: /perm/dnk8355/paper2026/netcdf_daily_1april2024_31march2026/METOP-C_20241205_TAUSFC_CLD.nc
Saved: /perm/dnk8355/paper2026/netcdf_daily_1april2024_31march2026/METOP-C_20241205_TDOWN_CLD.nc
Saved: /perm/dnk8355/paper2026/netcdf_daily_1april2024_31march2026/METOP-C_20241205_TUP_CLD.nc
Saved: /perm/dnk8355/paper2026/netcdf_daily_1april2024_31march2026/METOP-C_20241205_FG_DEP.nc
Saved: /perm/dnk8355/paper2026/netcdf_daily_1april2024_31march2026/METOP-C_20241205_AN_DEP.nc
[445381] Saved daily NetCDFs for amsua_ofb_lwda_20241205_NH_SH_variables_filtered_lsm_lower02.odb
Saved summary: /perm/dnk8355/paper2026/netcdf_daily_1april2024_31march2026/METOP-B_20241206_summary.txt
Saved: /perm/dnk8355/paper2026/netcdf_daily_1april2024_31march2026/METOP-B_20241206_OBSVALUE.nc
Saved: /perm/dnk8355/paper2026/netcdf_daily_1april2024_31march2026/METOP-B_20241206_EMIS_WATER.nc
Saved: /perm/dnk8355/paper2026/netcdf_daily_1april2024_31march2026/METOP-B_20241206_TAUSFC.nc
Saved: /perm/dnk8355/paper2026/netcdf_daily_1april2024_31march2026/METOP-B_20241206_TDOWN.nc
Saved: /perm/dnk8355/paper2026/netcdf_daily_1april2024_31march2026/METOP-B_20241206_TUP.nc
Saved: /perm/dnk8355/paper2026/netcdf_daily_1april2024_31march2026/METOP-B_20241206_TAUSFC_CLD.nc
Saved: /perm/dnk8355/paper2026/netcdf_daily_1april2024_31march2026/METOP-B_20241206_TDOWN_CLD.nc
Saved: /perm/dnk8355/paper2026/netcdf_daily_1april2024_31march2026/METOP-B_20241206_TUP_CLD.nc
Saved: /perm/dnk8355/paper2026/netcdf_daily_1april2024_31march2026/METOP-B_20241206_FG_DEP.nc
Saved: /perm/dnk8355/paper2026/netcdf_daily_1april2024_31march2026/METOP-B_20241206_AN_DEP.nc
Saved summary: /perm/dnk8355/paper2026/netcdf_daily_1april2024_31march2026/METOP-C_20241206_summary.txt
Saved: /perm/dnk8355/paper2026/netcdf_daily_1april2024_31march2026/METOP-C_20241206_OBSVALUE.nc
Saved: /perm/dnk8355/paper2026/netcdf_daily_1april2024_31march2026/METOP-C_20241206_EMIS_WATER.nc
Saved: /perm/dnk8355/paper2026/netcdf_daily_1april2024_31march2026/METOP-C_20241206_TAUSFC.nc
Saved: /perm/dnk8355/paper2026/netcdf_daily_1april2024_31march2026/METOP-C_20241206_TDOWN.nc
Saved: /perm/dnk8355/paper2026/netcdf_daily_1april2024_31march2026/METOP-C_20241206_TUP.nc
Saved: /perm/dnk8355/paper2026/netcdf_daily_1april2024_31march2026/METOP-C_20241206_TAUSFC_CLD.nc
Saved: /perm/dnk8355/paper2026/netcdf_daily_1april2024_31march2026/METOP-C_20241206_TDOWN_CLD.nc
Saved: /perm/dnk8355/paper2026/netcdf_daily_1april2024_31march2026/METOP-C_20241206_TUP_CLD.nc
Saved: /perm/dnk8355/paper2026/netcdf_daily_1april2024_31march2026/METOP-C_20241206_FG_DEP.nc
Saved: /perm/dnk8355/paper2026/netcdf_daily_1april2024_31march2026/METOP-C_20241206_AN_DEP.nc
[445381] Saved daily NetCDFs for amsua_ofb_lwda_20241206_NH_SH_variables_filtered_lsm_lower02.odb
Saved summary: /perm/dnk8355/paper2026/netcdf_daily_1april2024_31march2026/METOP-B_20241207_summary.txt
Saved: /perm/dnk8355/paper2026/netcdf_daily_1april2024_31march2026/METOP-B_20241207_OBSVALUE.nc
Saved: /perm/dnk8355/paper2026/netcdf_daily_1april2024_31march2026/METOP-B_20241207_EMIS_WATER.nc
Saved: /perm/dnk8355/paper2026/netcdf_daily_1april2024_31march2026/METOP-B_20241207_TAUSFC.nc
Saved: /perm/dnk8355/paper2026/netcdf_daily_1april2024_31march2026/METOP-B_20241207_TDOWN.nc
Saved: /perm/dnk8355/paper2026/netcdf_daily_1april2024_31march2026/METOP-B_20241207_TUP.nc
Saved: /perm/dnk8355/paper2026/netcdf_daily_1april2024_31march2026/METOP-B_20241207_TAUSFC_CLD.nc
Saved: /perm/dnk8355/paper2026/netcdf_daily_1april2024_31march2026/METOP-B_20241207_TDOWN_CLD.nc
Saved: /perm/dnk8355/paper2026/netcdf_daily_1april2024_31march2026/METOP-B_20241207_TUP_CLD.nc
Saved: /perm/dnk8355/paper2026/netcdf_daily_1april2024_31march2026/METOP-B_20241207_FG_DEP.nc
Saved: /perm/dnk8355/paper2026/netcdf_daily_1april2024_31march2026/METOP-B_20241207_AN_DEP.nc
Saved summary: /perm/dnk8355/paper2026/netcdf_daily_1april2024_31march2026/METOP-C_20241207_summary.txt
Saved: /perm/dnk8355/paper2026/netcdf_daily_1april2024_31march2026/METOP-C_20241207_OBSVALUE.nc
Saved: /perm/dnk8355/paper2026/netcdf_daily_1april2024_31march2026/METOP-C_20241207_EMIS_WATER.nc
Saved: /perm/dnk8355/paper2026/netcdf_daily_1april2024_31march2026/METOP-C_20241207_TAUSFC.nc
Saved: /perm/dnk8355/paper2026/netcdf_daily_1april2024_31march2026/METOP-C_20241207_TDOWN.nc
Saved: /perm/dnk8355/paper2026/netcdf_daily_1april2024_31march2026/METOP-C_20241207_TUP.nc
Saved: /perm/dnk8355/paper2026/netcdf_daily_1april2024_31march2026/METOP-C_20241207_TAUSFC_CLD.nc
Saved: /perm/dnk8355/paper2026/netcdf_daily_1april2024_31march2026/METOP-C_20241207_TDOWN_CLD.nc
Saved: /perm/dnk8355/paper2026/netcdf_daily_1april2024_31march2026/METOP-C_20241207_TUP_CLD.nc
Saved: /perm/dnk8355/paper2026/netcdf_daily_1april2024_31march2026/METOP-C_20241207_FG_DEP.nc
Saved: /perm/dnk8355/paper2026/netcdf_daily_1april2024_31march2026/METOP-C_20241207_AN_DEP.nc
[445381] Saved daily NetCDFs for amsua_ofb_lwda_20241207_NH_SH_variables_filtered_lsm_lower02.odb
Saved summary: /perm/dnk8355/paper2026/netcdf_daily_1april2024_31march2026/METOP-B_20241208_summary.txt
Saved: /perm/dnk8355/paper2026/netcdf_daily_1april2024_31march2026/METOP-B_20241208_OBSVALUE.nc
Saved: /perm/dnk8355/paper2026/netcdf_daily_1april2024_31march2026/METOP-B_20241208_EMIS_WATER.nc
Saved: /perm/dnk8355/paper2026/netcdf_daily_1april2024_31march2026/METOP-B_20241208_TAUSFC.nc
Saved: /perm/dnk8355/paper2026/netcdf_daily_1april2024_31march2026/METOP-B_20241208_TDOWN.nc
Saved: /perm/dnk8355/paper2026/netcdf_daily_1april2024_31march2026/METOP-B_20241208_TUP.nc
Saved: /perm/dnk8355/paper2026/netcdf_daily_1april2024_31march2026/METOP-B_20241208_TAUSFC_CLD.nc
Saved: /perm/dnk8355/paper2026/netcdf_daily_1april2024_31march2026/METOP-B_20241208_TDOWN_CLD.nc
Saved: /perm/dnk8355/paper2026/netcdf_daily_1april2024_31march2026/METOP-B_20241208_TUP_CLD.nc
Saved: /perm/dnk8355/paper2026/netcdf_daily_1april2024_31march2026/METOP-B_20241208_FG_DEP.nc
Saved: /perm/dnk8355/paper2026/netcdf_daily_1april2024_31march2026/METOP-B_20241208_AN_DEP.nc
Saved summary: /perm/dnk8355/paper2026/netcdf_daily_1april2024_31march2026/METOP-C_20241208_summary.txt
Saved: /perm/dnk8355/paper2026/netcdf_daily_1april2024_31march2026/METOP-C_20241208_OBSVALUE.nc
Saved: /perm/dnk8355/paper2026/netcdf_daily_1april2024_31march2026/METOP-C_20241208_EMIS_WATER.nc
Saved: /perm/dnk8355/paper2026/netcdf_daily_1april2024_31march2026/METOP-C_20241208_TAUSFC.nc
Saved: /perm/dnk8355/paper2026/netcdf_daily_1april2024_31march2026/METOP-C_20241208_TDOWN.nc
Saved: /perm/dnk8355/paper2026/netcdf_daily_1april2024_31march2026/METOP-C_20241208_TUP.nc
Saved: /perm/dnk8355/paper2026/netcdf_daily_1april2024_31march2026/METOP-C_20241208_TAUSFC_CLD.nc
Saved: /perm/dnk8355/paper2026/netcdf_daily_1april2024_31march2026/METOP-C_20241208_TDOWN_CLD.nc
Saved: /perm/dnk8355/paper2026/netcdf_daily_1april2024_31march2026/METOP-C_20241208_TUP_CLD.nc
Saved: /perm/dnk8355/paper2026/netcdf_daily_1april2024_31march2026/METOP-C_20241208_FG_DEP.nc
Saved: /perm/dnk8355/paper2026/netcdf_daily_1april2024_31march2026/METOP-C_20241208_AN_DEP.nc
[445381] Saved daily NetCDFs for amsua_ofb_lwda_20241208_NH_SH_variables_filtered_lsm_lower02.odb
Saved summary: /perm/dnk8355/paper2026/netcdf_daily_1april2024_31march2026/METOP-B_20241209_summary.txt
Saved: /perm/dnk8355/paper2026/netcdf_daily_1april2024_31march2026/METOP-B_20241209_OBSVALUE.nc
Saved: /perm/dnk8355/paper2026/netcdf_daily_1april2024_31march2026/METOP-B_20241209_EMIS_WATER.nc
Saved: /perm/dnk8355/paper2026/netcdf_daily_1april2024_31march2026/METOP-B_20241209_TAUSFC.nc
Saved: /perm/dnk8355/paper2026/netcdf_daily_1april2024_31march2026/METOP-B_20241209_TDOWN.nc
Saved: /perm/dnk8355/paper2026/netcdf_daily_1april2024_31march2026/METOP-B_20241209_TUP.nc
Saved: /perm/dnk8355/paper2026/netcdf_daily_1april2024_31march2026/METOP-B_20241209_TAUSFC_CLD.nc
Saved: /perm/dnk8355/paper2026/netcdf_daily_1april2024_31march2026/METOP-B_20241209_TDOWN_CLD.nc
Saved: /perm/dnk8355/paper2026/netcdf_daily_1april2024_31march2026/METOP-B_20241209_TUP_CLD.nc
Saved: /perm/dnk8355/paper2026/netcdf_daily_1april2024_31march2026/METOP-B_20241209_FG_DEP.nc
Saved: /perm/dnk8355/paper2026/netcdf_daily_1april2024_31march2026/METOP-B_20241209_AN_DEP.nc
Saved summary: /perm/dnk8355/paper2026/netcdf_daily_1april2024_31march2026/METOP-C_20241209_summary.txt
Saved: /perm/dnk8355/paper2026/netcdf_daily_1april2024_31march2026/METOP-C_20241209_OBSVALUE.nc
Saved: /perm/dnk8355/paper2026/netcdf_daily_1april2024_31march2026/METOP-C_20241209_EMIS_WATER.nc
Saved: /perm/dnk8355/paper2026/netcdf_daily_1april2024_31march2026/METOP-C_20241209_TAUSFC.nc
Saved: /perm/dnk8355/paper2026/netcdf_daily_1april2024_31march2026/METOP-C_20241209_TDOWN.nc
Saved: /perm/dnk8355/paper2026/netcdf_daily_1april2024_31march2026/METOP-C_20241209_TUP.nc
Saved: /perm/dnk8355/paper2026/netcdf_daily_1april2024_31march2026/METOP-C_20241209_TAUSFC_CLD.nc
Saved: /perm/dnk8355/paper2026/netcdf_daily_1april2024_31march2026/METOP-C_20241209_TDOWN_CLD.nc
Saved: /perm/dnk8355/paper2026/netcdf_daily_1april2024_31march2026/METOP-C_20241209_TUP_CLD.nc
Saved: /perm/dnk8355/paper2026/netcdf_daily_1april2024_31march2026/METOP-C_20241209_FG_DEP.nc
Saved: /perm/dnk8355/paper2026/netcdf_daily_1april2024_31march2026/METOP-C_20241209_AN_DEP.nc
[445381] Saved daily NetCDFs for amsua_ofb_lwda_20241209_NH_SH_variables_filtered_lsm_lower02.odb
Saved summary: /perm/dnk8355/paper2026/netcdf_daily_1april2024_31march2026/METOP-B_20241210_summary.txt
Saved: /perm/dnk8355/paper2026/netcdf_daily_1april2024_31march2026/METOP-B_20241210_OBSVALUE.nc
Saved: /perm/dnk8355/paper2026/netcdf_daily_1april2024_31march2026/METOP-B_20241210_EMIS_WATER.nc
Saved: /perm/dnk8355/paper2026/netcdf_daily_1april2024_31march2026/METOP-B_20241210_TAUSFC.nc
Saved: /perm/dnk8355/paper2026/netcdf_daily_1april2024_31march2026/METOP-B_20241210_TDOWN.nc
Saved: /perm/dnk8355/paper2026/netcdf_daily_1april2024_31march2026/METOP-B_20241210_TUP.nc
Saved: /perm/dnk8355/paper2026/netcdf_daily_1april2024_31march2026/METOP-B_20241210_TAUSFC_CLD.nc
Saved: /perm/dnk8355/paper2026/netcdf_daily_1april2024_31march2026/METOP-B_20241210_TDOWN_CLD.nc
Saved: /perm/dnk8355/paper2026/netcdf_daily_1april2024_31march2026/METOP-B_20241210_TUP_CLD.nc
Saved: /perm/dnk8355/paper2026/netcdf_daily_1april2024_31march2026/METOP-B_20241210_FG_DEP.nc
Saved: /perm/dnk8355/paper2026/netcdf_daily_1april2024_31march2026/METOP-B_20241210_AN_DEP.nc
Saved summary: /perm/dnk8355/paper2026/netcdf_daily_1april2024_31march2026/METOP-C_20241210_summary.txt
Saved: /perm/dnk8355/paper2026/netcdf_daily_1april2024_31march2026/METOP-C_20241210_OBSVALUE.nc
Saved: /perm/dnk8355/paper2026/netcdf_daily_1april2024_31march2026/METOP-C_20241210_EMIS_WATER.nc
Saved: /perm/dnk8355/paper2026/netcdf_daily_1april2024_31march2026/METOP-C_20241210_TAUSFC.nc
Saved: /perm/dnk8355/paper2026/netcdf_daily_1april2024_31march2026/METOP-C_20241210_TDOWN.nc
Saved: /perm/dnk8355/paper2026/netcdf_daily_1april2024_31march2026/METOP-C_20241210_TUP.nc
Saved: /perm/dnk8355/paper2026/netcdf_daily_1april2024_31march2026/METOP-C_20241210_TAUSFC_CLD.nc
Saved: /perm/dnk8355/paper2026/netcdf_daily_1april2024_31march2026/METOP-C_20241210_TDOWN_CLD.nc
Saved: /perm/dnk8355/paper2026/netcdf_daily_1april2024_31march2026/METOP-C_20241210_TUP_CLD.nc
Saved: /perm/dnk8355/paper2026/netcdf_daily_1april2024_31march2026/METOP-C_20241210_FG_DEP.nc
Saved: /perm/dnk8355/paper2026/netcdf_daily_1april2024_31march2026/METOP-C_20241210_AN_DEP.nc
[445381] Saved daily NetCDFs for amsua_ofb_lwda_20241210_NH_SH_variables_filtered_lsm_lower02.odb
Saved summary: /perm/dnk8355/paper2026/netcdf_daily_1april2024_31march2026/METOP-B_20241211_summary.txt
Saved: /perm/dnk8355/paper2026/netcdf_daily_1april2024_31march2026/METOP-B_20241211_OBSVALUE.nc
Saved: /perm/dnk8355/paper2026/netcdf_daily_1april2024_31march2026/METOP-B_20241211_EMIS_WATER.nc
Saved: /perm/dnk8355/paper2026/netcdf_daily_1april2024_31march2026/METOP-B_20241211_TAUSFC.nc
Saved: /perm/dnk8355/paper2026/netcdf_daily_1april2024_31march2026/METOP-B_20241211_TDOWN.nc
Saved: /perm/dnk8355/paper2026/netcdf_daily_1april2024_31march2026/METOP-B_20241211_TUP.nc
Saved: /perm/dnk8355/paper2026/netcdf_daily_1april2024_31march2026/METOP-B_20241211_TAUSFC_CLD.nc
Saved: /perm/dnk8355/paper2026/netcdf_daily_1april2024_31march2026/METOP-B_20241211_TDOWN_CLD.nc
Saved: /perm/dnk8355/paper2026/netcdf_daily_1april2024_31march2026/METOP-B_20241211_TUP_CLD.nc
Saved: /perm/dnk8355/paper2026/netcdf_daily_1april2024_31march2026/METOP-B_20241211_FG_DEP.nc
Saved: /perm/dnk8355/paper2026/netcdf_daily_1april2024_31march2026/METOP-B_20241211_AN_DEP.nc
Saved summary: /perm/dnk8355/paper2026/netcdf_daily_1april2024_31march2026/METOP-C_20241211_summary.txt
Saved: /perm/dnk8355/paper2026/netcdf_daily_1april2024_31march2026/METOP-C_20241211_OBSVALUE.nc
Saved: /perm/dnk8355/paper2026/netcdf_daily_1april2024_31march2026/METOP-C_20241211_EMIS_WATER.nc
Saved: /perm/dnk8355/paper2026/netcdf_daily_1april2024_31march2026/METOP-C_20241211_TAUSFC.nc
Saved: /perm/dnk8355/paper2026/netcdf_daily_1april2024_31march2026/METOP-C_20241211_TDOWN.nc
Saved: /perm/dnk8355/paper2026/netcdf_daily_1april2024_31march2026/METOP-C_20241211_TUP.nc
Saved: /perm/dnk8355/paper2026/netcdf_daily_1april2024_31march2026/METOP-C_20241211_TAUSFC_CLD.nc
Saved: /perm/dnk8355/paper2026/netcdf_daily_1april2024_31march2026/METOP-C_20241211_TDOWN_CLD.nc
Saved: /perm/dnk8355/paper2026/netcdf_daily_1april2024_31march2026/METOP-C_20241211_TUP_CLD.nc
Saved: /perm/dnk8355/paper2026/netcdf_daily_1april2024_31march2026/METOP-C_20241211_FG_DEP.nc
Saved: /perm/dnk8355/paper2026/netcdf_daily_1april2024_31march2026/METOP-C_20241211_AN_DEP.nc
[445381] Saved daily NetCDFs for amsua_ofb_lwda_20241211_NH_SH_variables_filtered_lsm_lower02.odb
Saved summary: /perm/dnk8355/paper2026/netcdf_daily_1april2024_31march2026/METOP-B_20241212_summary.txt
Saved: /perm/dnk8355/paper2026/netcdf_daily_1april2024_31march2026/METOP-B_20241212_OBSVALUE.nc
Saved: /perm/dnk8355/paper2026/netcdf_daily_1april2024_31march2026/METOP-B_20241212_EMIS_WATER.nc
Saved: /perm/dnk8355/paper2026/netcdf_daily_1april2024_31march2026/METOP-B_20241212_TAUSFC.nc
Saved: /perm/dnk8355/paper2026/netcdf_daily_1april2024_31march2026/METOP-B_20241212_TDOWN.nc
Saved: /perm/dnk8355/paper2026/netcdf_daily_1april2024_31march2026/METOP-B_20241212_TUP.nc
Saved: /perm/dnk8355/paper2026/netcdf_daily_1april2024_31march2026/METOP-B_20241212_TAUSFC_CLD.nc
Saved: /perm/dnk8355/paper2026/netcdf_daily_1april2024_31march2026/METOP-B_20241212_TDOWN_CLD.nc
Saved: /perm/dnk8355/paper2026/netcdf_daily_1april2024_31march2026/METOP-B_20241212_TUP_CLD.nc
Saved: /perm/dnk8355/paper2026/netcdf_daily_1april2024_31march2026/METOP-B_20241212_FG_DEP.nc
Saved: /perm/dnk8355/paper2026/netcdf_daily_1april2024_31march2026/METOP-B_20241212_AN_DEP.nc
Saved summary: /perm/dnk8355/paper2026/netcdf_daily_1april2024_31march2026/METOP-C_20241212_summary.txt
Saved: /perm/dnk8355/paper2026/netcdf_daily_1april2024_31march2026/METOP-C_20241212_OBSVALUE.nc
Saved: /perm/dnk8355/paper2026/netcdf_daily_1april2024_31march2026/METOP-C_20241212_EMIS_WATER.nc
Saved: /perm/dnk8355/paper2026/netcdf_daily_1april2024_31march2026/METOP-C_20241212_TAUSFC.nc
Saved: /perm/dnk8355/paper2026/netcdf_daily_1april2024_31march2026/METOP-C_20241212_TDOWN.nc
Saved: /perm/dnk8355/paper2026/netcdf_daily_1april2024_31march2026/METOP-C_20241212_TUP.nc
Saved: /perm/dnk8355/paper2026/netcdf_daily_1april2024_31march2026/METOP-C_20241212_TAUSFC_CLD.nc
Saved: /perm/dnk8355/paper2026/netcdf_daily_1april2024_31march2026/METOP-C_20241212_TDOWN_CLD.nc
Saved: /perm/dnk8355/paper2026/netcdf_daily_1april2024_31march2026/METOP-C_20241212_TUP_CLD.nc
Saved: /perm/dnk8355/paper2026/netcdf_daily_1april2024_31march2026/METOP-C_20241212_FG_DEP.nc
Saved: /perm/dnk8355/paper2026/netcdf_daily_1april2024_31march2026/METOP-C_20241212_AN_DEP.nc
[445381] Saved daily NetCDFs for amsua_ofb_lwda_20241212_NH_SH_variables_filtered_lsm_lower02.odb
Saved summary: /perm/dnk8355/paper2026/netcdf_daily_1april2024_31march2026/METOP-B_20241213_summary.txt
Saved: /perm/dnk8355/paper2026/netcdf_daily_1april2024_31march2026/METOP-B_20241213_OBSVALUE.nc
Saved: /perm/dnk8355/paper2026/netcdf_daily_1april2024_31march2026/METOP-B_20241213_EMIS_WATER.nc
Saved: /perm/dnk8355/paper2026/netcdf_daily_1april2024_31march2026/METOP-B_20241213_TAUSFC.nc
Saved: /perm/dnk8355/paper2026/netcdf_daily_1april2024_31march2026/METOP-B_20241213_TDOWN.nc
Saved: /perm/dnk8355/paper2026/netcdf_daily_1april2024_31march2026/METOP-B_20241213_TUP.nc
Saved: /perm/dnk8355/paper2026/netcdf_daily_1april2024_31march2026/METOP-B_20241213_TAUSFC_CLD.nc
Saved: /perm/dnk8355/paper2026/netcdf_daily_1april2024_31march2026/METOP-B_20241213_TDOWN_CLD.nc
Saved: /perm/dnk8355/paper2026/netcdf_daily_1april2024_31march2026/METOP-B_20241213_TUP_CLD.nc
Saved: /perm/dnk8355/paper2026/netcdf_daily_1april2024_31march2026/METOP-B_20241213_FG_DEP.nc
Saved: /perm/dnk8355/paper2026/netcdf_daily_1april2024_31march2026/METOP-B_20241213_AN_DEP.nc
Saved summary: /perm/dnk8355/paper2026/netcdf_daily_1april2024_31march2026/METOP-C_20241213_summary.txt
Saved: /perm/dnk8355/paper2026/netcdf_daily_1april2024_31march2026/METOP-C_20241213_OBSVALUE.nc
Saved: /perm/dnk8355/paper2026/netcdf_daily_1april2024_31march2026/METOP-C_20241213_EMIS_WATER.nc
Saved: /perm/dnk8355/paper2026/netcdf_daily_1april2024_31march2026/METOP-C_20241213_TAUSFC.nc
Saved: /perm/dnk8355/paper2026/netcdf_daily_1april2024_31march2026/METOP-C_20241213_TDOWN.nc
Saved: /perm/dnk8355/paper2026/netcdf_daily_1april2024_31march2026/METOP-C_20241213_TUP.nc
Saved: /perm/dnk8355/paper2026/netcdf_daily_1april2024_31march2026/METOP-C_20241213_TAUSFC_CLD.nc
Saved: /perm/dnk8355/paper2026/netcdf_daily_1april2024_31march2026/METOP-C_20241213_TDOWN_CLD.nc
Saved: /perm/dnk8355/paper2026/netcdf_daily_1april2024_31march2026/METOP-C_20241213_TUP_CLD.nc
Saved: /perm/dnk8355/paper2026/netcdf_daily_1april2024_31march2026/METOP-C_20241213_FG_DEP.nc
Saved: /perm/dnk8355/paper2026/netcdf_daily_1april2024_31march2026/METOP-C_20241213_AN_DEP.nc
[445381] Saved daily NetCDFs for amsua_ofb_lwda_20241213_NH_SH_variables_filtered_lsm_lower02.odb
Saved summary: /perm/dnk8355/paper2026/netcdf_daily_1april2024_31march2026/METOP-B_20241214_summary.txt
Saved: /perm/dnk8355/paper2026/netcdf_daily_1april2024_31march2026/METOP-B_20241214_OBSVALUE.nc
Saved: /perm/dnk8355/paper2026/netcdf_daily_1april2024_31march2026/METOP-B_20241214_EMIS_WATER.nc
Saved: /perm/dnk8355/paper2026/netcdf_daily_1april2024_31march2026/METOP-B_20241214_TAUSFC.nc
Saved: /perm/dnk8355/paper2026/netcdf_daily_1april2024_31march2026/METOP-B_20241214_TDOWN.nc
Saved: /perm/dnk8355/paper2026/netcdf_daily_1april2024_31march2026/METOP-B_20241214_TUP.nc
Saved: /perm/dnk8355/paper2026/netcdf_daily_1april2024_31march2026/METOP-B_20241214_TAUSFC_CLD.nc
Saved: /perm/dnk8355/paper2026/netcdf_daily_1april2024_31march2026/METOP-B_20241214_TDOWN_CLD.nc
Saved: /perm/dnk8355/paper2026/netcdf_daily_1april2024_31march2026/METOP-B_20241214_TUP_CLD.nc
Saved: /perm/dnk8355/paper2026/netcdf_daily_1april2024_31march2026/METOP-B_20241214_FG_DEP.nc
Saved: /perm/dnk8355/paper2026/netcdf_daily_1april2024_31march2026/METOP-B_20241214_AN_DEP.nc
Saved summary: /perm/dnk8355/paper2026/netcdf_daily_1april2024_31march2026/METOP-C_20241214_summary.txt
Saved: /perm/dnk8355/paper2026/netcdf_daily_1april2024_31march2026/METOP-C_20241214_OBSVALUE.nc
Saved: /perm/dnk8355/paper2026/netcdf_daily_1april2024_31march2026/METOP-C_20241214_EMIS_WATER.nc
Saved: /perm/dnk8355/paper2026/netcdf_daily_1april2024_31march2026/METOP-C_20241214_TAUSFC.nc
Saved: /perm/dnk8355/paper2026/netcdf_daily_1april2024_31march2026/METOP-C_20241214_TDOWN.nc
Saved: /perm/dnk8355/paper2026/netcdf_daily_1april2024_31march2026/METOP-C_20241214_TUP.nc
Saved: /perm/dnk8355/paper2026/netcdf_daily_1april2024_31march2026/METOP-C_20241214_TAUSFC_CLD.nc
Saved: /perm/dnk8355/paper2026/netcdf_daily_1april2024_31march2026/METOP-C_20241214_TDOWN_CLD.nc
Saved: /perm/dnk8355/paper2026/netcdf_daily_1april2024_31march2026/METOP-C_20241214_TUP_CLD.nc
Saved: /perm/dnk8355/paper2026/netcdf_daily_1april2024_31march2026/METOP-C_20241214_FG_DEP.nc
Saved: /perm/dnk8355/paper2026/netcdf_daily_1april2024_31march2026/METOP-C_20241214_AN_DEP.nc
[445381] Saved daily NetCDFs for amsua_ofb_lwda_20241214_NH_SH_variables_filtered_lsm_lower02.odb
Saved summary: /perm/dnk8355/paper2026/netcdf_daily_1april2024_31march2026/METOP-B_20241215_summary.txt
Saved: /perm/dnk8355/paper2026/netcdf_daily_1april2024_31march2026/METOP-B_20241215_OBSVALUE.nc
Saved: /perm/dnk8355/paper2026/netcdf_daily_1april2024_31march2026/METOP-B_20241215_EMIS_WATER.nc
Saved: /perm/dnk8355/paper2026/netcdf_daily_1april2024_31march2026/METOP-B_20241215_TAUSFC.nc
Saved: /perm/dnk8355/paper2026/netcdf_daily_1april2024_31march2026/METOP-B_20241215_TDOWN.nc
Saved: /perm/dnk8355/paper2026/netcdf_daily_1april2024_31march2026/METOP-B_20241215_TUP.nc
Saved: /perm/dnk8355/paper2026/netcdf_daily_1april2024_31march2026/METOP-B_20241215_TAUSFC_CLD.nc
Saved: /perm/dnk8355/paper2026/netcdf_daily_1april2024_31march2026/METOP-B_20241215_TDOWN_CLD.nc
Saved: /perm/dnk8355/paper2026/netcdf_daily_1april2024_31march2026/METOP-B_20241215_TUP_CLD.nc
Saved: /perm/dnk8355/paper2026/netcdf_daily_1april2024_31march2026/METOP-B_20241215_FG_DEP.nc
Saved: /perm/dnk8355/paper2026/netcdf_daily_1april2024_31march2026/METOP-B_20241215_AN_DEP.nc
Saved summary: /perm/dnk8355/paper2026/netcdf_daily_1april2024_31march2026/METOP-C_20241215_summary.txt
Saved: /perm/dnk8355/paper2026/netcdf_daily_1april2024_31march2026/METOP-C_20241215_OBSVALUE.nc
Saved: /perm/dnk8355/paper2026/netcdf_daily_1april2024_31march2026/METOP-C_20241215_EMIS_WATER.nc
Saved: /perm/dnk8355/paper2026/netcdf_daily_1april2024_31march2026/METOP-C_20241215_TAUSFC.nc
Saved: /perm/dnk8355/paper2026/netcdf_daily_1april2024_31march2026/METOP-C_20241215_TDOWN.nc
Saved: /perm/dnk8355/paper2026/netcdf_daily_1april2024_31march2026/METOP-C_20241215_TUP.nc
Saved: /perm/dnk8355/paper2026/netcdf_daily_1april2024_31march2026/METOP-C_20241215_TAUSFC_CLD.nc
Saved: /perm/dnk8355/paper2026/netcdf_daily_1april2024_31march2026/METOP-C_20241215_TDOWN_CLD.nc
Saved: /perm/dnk8355/paper2026/netcdf_daily_1april2024_31march2026/METOP-C_20241215_TUP_CLD.nc
Saved: /perm/dnk8355/paper2026/netcdf_daily_1april2024_31march2026/METOP-C_20241215_FG_DEP.nc
Saved: /perm/dnk8355/paper2026/netcdf_daily_1april2024_31march2026/METOP-C_20241215_AN_DEP.nc
[445381] Saved daily NetCDFs for amsua_ofb_lwda_20241215_NH_SH_variables_filtered_lsm_lower02.odb
Saved summary: /perm/dnk8355/paper2026/netcdf_daily_1april2024_31march2026/METOP-B_20241216_summary.txt
Saved: /perm/dnk8355/paper2026/netcdf_daily_1april2024_31march2026/METOP-B_20241216_OBSVALUE.nc
Saved: /perm/dnk8355/paper2026/netcdf_daily_1april2024_31march2026/METOP-B_20241216_EMIS_WATER.nc
Saved: /perm/dnk8355/paper2026/netcdf_daily_1april2024_31march2026/METOP-B_20241216_TAUSFC.nc
Saved: /perm/dnk8355/paper2026/netcdf_daily_1april2024_31march2026/METOP-B_20241216_TDOWN.nc
Saved: /perm/dnk8355/paper2026/netcdf_daily_1april2024_31march2026/METOP-B_20241216_TUP.nc
Saved: /perm/dnk8355/paper2026/netcdf_daily_1april2024_31march2026/METOP-B_20241216_TAUSFC_CLD.nc
Saved: /perm/dnk8355/paper2026/netcdf_daily_1april2024_31march2026/METOP-B_20241216_TDOWN_CLD.nc
Saved: /perm/dnk8355/paper2026/netcdf_daily_1april2024_31march2026/METOP-B_20241216_TUP_CLD.nc
Saved: /perm/dnk8355/paper2026/netcdf_daily_1april2024_31march2026/METOP-B_20241216_FG_DEP.nc
Saved: /perm/dnk8355/paper2026/netcdf_daily_1april2024_31march2026/METOP-B_20241216_AN_DEP.nc
Saved summary: /perm/dnk8355/paper2026/netcdf_daily_1april2024_31march2026/METOP-C_20241216_summary.txt
Saved: /perm/dnk8355/paper2026/netcdf_daily_1april2024_31march2026/METOP-C_20241216_OBSVALUE.nc
Saved: /perm/dnk8355/paper2026/netcdf_daily_1april2024_31march2026/METOP-C_20241216_EMIS_WATER.nc
Saved: /perm/dnk8355/paper2026/netcdf_daily_1april2024_31march2026/METOP-C_20241216_TAUSFC.nc
Saved: /perm/dnk8355/paper2026/netcdf_daily_1april2024_31march2026/METOP-C_20241216_TDOWN.nc
Saved: /perm/dnk8355/paper2026/netcdf_daily_1april2024_31march2026/METOP-C_20241216_TUP.nc
Saved: /perm/dnk8355/paper2026/netcdf_daily_1april2024_31march2026/METOP-C_20241216_TAUSFC_CLD.nc
Saved: /perm/dnk8355/paper2026/netcdf_daily_1april2024_31march2026/METOP-C_20241216_TDOWN_CLD.nc
Saved: /perm/dnk8355/paper2026/netcdf_daily_1april2024_31march2026/METOP-C_20241216_TUP_CLD.nc
Saved: /perm/dnk8355/paper2026/netcdf_daily_1april2024_31march2026/METOP-C_20241216_FG_DEP.nc
Saved: /perm/dnk8355/paper2026/netcdf_daily_1april2024_31march2026/METOP-C_20241216_AN_DEP.nc
[445381] Saved daily NetCDFs for amsua_ofb_lwda_20241216_NH_SH_variables_filtered_lsm_lower02.odb
Saved summary: /perm/dnk8355/paper2026/netcdf_daily_1april2024_31march2026/METOP-B_20241217_summary.txt
Saved: /perm/dnk8355/paper2026/netcdf_daily_1april2024_31march2026/METOP-B_20241217_OBSVALUE.nc
Saved: /perm/dnk8355/paper2026/netcdf_daily_1april2024_31march2026/METOP-B_20241217_EMIS_WATER.nc
Saved: /perm/dnk8355/paper2026/netcdf_daily_1april2024_31march2026/METOP-B_20241217_TAUSFC.nc
Saved: /perm/dnk8355/paper2026/netcdf_daily_1april2024_31march2026/METOP-B_20241217_TDOWN.nc
Saved: /perm/dnk8355/paper2026/netcdf_daily_1april2024_31march2026/METOP-B_20241217_TUP.nc
Saved: /perm/dnk8355/paper2026/netcdf_daily_1april2024_31march2026/METOP-B_20241217_TAUSFC_CLD.nc
Saved: /perm/dnk8355/paper2026/netcdf_daily_1april2024_31march2026/METOP-B_20241217_TDOWN_CLD.nc
Saved: /perm/dnk8355/paper2026/netcdf_daily_1april2024_31march2026/METOP-B_20241217_TUP_CLD.nc
Saved: /perm/dnk8355/paper2026/netcdf_daily_1april2024_31march2026/METOP-B_20241217_FG_DEP.nc
Saved: /perm/dnk8355/paper2026/netcdf_daily_1april2024_31march2026/METOP-B_20241217_AN_DEP.nc
Saved summary: /perm/dnk8355/paper2026/netcdf_daily_1april2024_31march2026/METOP-C_20241217_summary.txt
Saved: /perm/dnk8355/paper2026/netcdf_daily_1april2024_31march2026/METOP-C_20241217_OBSVALUE.nc
Saved: /perm/dnk8355/paper2026/netcdf_daily_1april2024_31march2026/METOP-C_20241217_EMIS_WATER.nc
Saved: /perm/dnk8355/paper2026/netcdf_daily_1april2024_31march2026/METOP-C_20241217_TAUSFC.nc
Saved: /perm/dnk8355/paper2026/netcdf_daily_1april2024_31march2026/METOP-C_20241217_TDOWN.nc
Saved: /perm/dnk8355/paper2026/netcdf_daily_1april2024_31march2026/METOP-C_20241217_TUP.nc
Saved: /perm/dnk8355/paper2026/netcdf_daily_1april2024_31march2026/METOP-C_20241217_TAUSFC_CLD.nc
Saved: /perm/dnk8355/paper2026/netcdf_daily_1april2024_31march2026/METOP-C_20241217_TDOWN_CLD.nc
Saved: /perm/dnk8355/paper2026/netcdf_daily_1april2024_31march2026/METOP-C_20241217_TUP_CLD.nc
Saved: /perm/dnk8355/paper2026/netcdf_daily_1april2024_31march2026/METOP-C_20241217_FG_DEP.nc
Saved: /perm/dnk8355/paper2026/netcdf_daily_1april2024_31march2026/METOP-C_20241217_AN_DEP.nc
[445381] Saved daily NetCDFs for amsua_ofb_lwda_20241217_NH_SH_variables_filtered_lsm_lower02.odb
Saved summary: /perm/dnk8355/paper2026/netcdf_daily_1april2024_31march2026/METOP-B_20241218_summary.txt
Saved: /perm/dnk8355/paper2026/netcdf_daily_1april2024_31march2026/METOP-B_20241218_OBSVALUE.nc
Saved: /perm/dnk8355/paper2026/netcdf_daily_1april2024_31march2026/METOP-B_20241218_EMIS_WATER.nc
Saved: /perm/dnk8355/paper2026/netcdf_daily_1april2024_31march2026/METOP-B_20241218_TAUSFC.nc
Saved: /perm/dnk8355/paper2026/netcdf_daily_1april2024_31march2026/METOP-B_20241218_TDOWN.nc
Saved: /perm/dnk8355/paper2026/netcdf_daily_1april2024_31march2026/METOP-B_20241218_TUP.nc
Saved: /perm/dnk8355/paper2026/netcdf_daily_1april2024_31march2026/METOP-B_20241218_TAUSFC_CLD.nc
Saved: /perm/dnk8355/paper2026/netcdf_daily_1april2024_31march2026/METOP-B_20241218_TDOWN_CLD.nc
Saved: /perm/dnk8355/paper2026/netcdf_daily_1april2024_31march2026/METOP-B_20241218_TUP_CLD.nc
Saved: /perm/dnk8355/paper2026/netcdf_daily_1april2024_31march2026/METOP-B_20241218_FG_DEP.nc
Saved: /perm/dnk8355/paper2026/netcdf_daily_1april2024_31march2026/METOP-B_20241218_AN_DEP.nc
Saved summary: /perm/dnk8355/paper2026/netcdf_daily_1april2024_31march2026/METOP-C_20241218_summary.txt
Saved: /perm/dnk8355/paper2026/netcdf_daily_1april2024_31march2026/METOP-C_20241218_OBSVALUE.nc
Saved: /perm/dnk8355/paper2026/netcdf_daily_1april2024_31march2026/METOP-C_20241218_EMIS_WATER.nc
Saved: /perm/dnk8355/paper2026/netcdf_daily_1april2024_31march2026/METOP-C_20241218_TAUSFC.nc
Saved: /perm/dnk8355/paper2026/netcdf_daily_1april2024_31march2026/METOP-C_20241218_TDOWN.nc
Saved: /perm/dnk8355/paper2026/netcdf_daily_1april2024_31march2026/METOP-C_20241218_TUP.nc
Saved: /perm/dnk8355/paper2026/netcdf_daily_1april2024_31march2026/METOP-C_20241218_TAUSFC_CLD.nc
Saved: /perm/dnk8355/paper2026/netcdf_daily_1april2024_31march2026/METOP-C_20241218_TDOWN_CLD.nc
Saved: /perm/dnk8355/paper2026/netcdf_daily_1april2024_31march2026/METOP-C_20241218_TUP_CLD.nc
Saved: /perm/dnk8355/paper2026/netcdf_daily_1april2024_31march2026/METOP-C_20241218_FG_DEP.nc
Saved: /perm/dnk8355/paper2026/netcdf_daily_1april2024_31march2026/METOP-C_20241218_AN_DEP.nc
[445381] Saved daily NetCDFs for amsua_ofb_lwda_20241218_NH_SH_variables_filtered_lsm_lower02.odb
Saved summary: /perm/dnk8355/paper2026/netcdf_daily_1april2024_31march2026/METOP-B_20241219_summary.txt
Saved: /perm/dnk8355/paper2026/netcdf_daily_1april2024_31march2026/METOP-B_20241219_OBSVALUE.nc
Saved: /perm/dnk8355/paper2026/netcdf_daily_1april2024_31march2026/METOP-B_20241219_EMIS_WATER.nc
Saved: /perm/dnk8355/paper2026/netcdf_daily_1april2024_31march2026/METOP-B_20241219_TAUSFC.nc
Saved: /perm/dnk8355/paper2026/netcdf_daily_1april2024_31march2026/METOP-B_20241219_TDOWN.nc
Saved: /perm/dnk8355/paper2026/netcdf_daily_1april2024_31march2026/METOP-B_20241219_TUP.nc
Saved: /perm/dnk8355/paper2026/netcdf_daily_1april2024_31march2026/METOP-B_20241219_TAUSFC_CLD.nc
Saved: /perm/dnk8355/paper2026/netcdf_daily_1april2024_31march2026/METOP-B_20241219_TDOWN_CLD.nc
Saved: /perm/dnk8355/paper2026/netcdf_daily_1april2024_31march2026/METOP-B_20241219_TUP_CLD.nc
Saved: /perm/dnk8355/paper2026/netcdf_daily_1april2024_31march2026/METOP-B_20241219_FG_DEP.nc
Saved: /perm/dnk8355/paper2026/netcdf_daily_1april2024_31march2026/METOP-B_20241219_AN_DEP.nc
Saved summary: /perm/dnk8355/paper2026/netcdf_daily_1april2024_31march2026/METOP-C_20241219_summary.txt
Saved: /perm/dnk8355/paper2026/netcdf_daily_1april2024_31march2026/METOP-C_20241219_OBSVALUE.nc
Saved: /perm/dnk8355/paper2026/netcdf_daily_1april2024_31march2026/METOP-C_20241219_EMIS_WATER.nc
Saved: /perm/dnk8355/paper2026/netcdf_daily_1april2024_31march2026/METOP-C_20241219_TAUSFC.nc
Saved: /perm/dnk8355/paper2026/netcdf_daily_1april2024_31march2026/METOP-C_20241219_TDOWN.nc
Saved: /perm/dnk8355/paper2026/netcdf_daily_1april2024_31march2026/METOP-C_20241219_TUP.nc
Saved: /perm/dnk8355/paper2026/netcdf_daily_1april2024_31march2026/METOP-C_20241219_TAUSFC_CLD.nc
Saved: /perm/dnk8355/paper2026/netcdf_daily_1april2024_31march2026/METOP-C_20241219_TDOWN_CLD.nc
Saved: /perm/dnk8355/paper2026/netcdf_daily_1april2024_31march2026/METOP-C_20241219_TUP_CLD.nc
Saved: /perm/dnk8355/paper2026/netcdf_daily_1april2024_31march2026/METOP-C_20241219_FG_DEP.nc
Saved: /perm/dnk8355/paper2026/netcdf_daily_1april2024_31march2026/METOP-C_20241219_AN_DEP.nc
[445381] Saved daily NetCDFs for amsua_ofb_lwda_20241219_NH_SH_variables_filtered_lsm_lower02.odb
Saved summary: /perm/dnk8355/paper2026/netcdf_daily_1april2024_31march2026/METOP-B_20241220_summary.txt
Saved: /perm/dnk8355/paper2026/netcdf_daily_1april2024_31march2026/METOP-B_20241220_OBSVALUE.nc
Saved: /perm/dnk8355/paper2026/netcdf_daily_1april2024_31march2026/METOP-B_20241220_EMIS_WATER.nc
Saved: /perm/dnk8355/paper2026/netcdf_daily_1april2024_31march2026/METOP-B_20241220_TAUSFC.nc
Saved: /perm/dnk8355/paper2026/netcdf_daily_1april2024_31march2026/METOP-B_20241220_TDOWN.nc
Saved: /perm/dnk8355/paper2026/netcdf_daily_1april2024_31march2026/METOP-B_20241220_TUP.nc
Saved: /perm/dnk8355/paper2026/netcdf_daily_1april2024_31march2026/METOP-B_20241220_TAUSFC_CLD.nc
Saved: /perm/dnk8355/paper2026/netcdf_daily_1april2024_31march2026/METOP-B_20241220_TDOWN_CLD.nc
Saved: /perm/dnk8355/paper2026/netcdf_daily_1april2024_31march2026/METOP-B_20241220_TUP_CLD.nc
Saved: /perm/dnk8355/paper2026/netcdf_daily_1april2024_31march2026/METOP-B_20241220_FG_DEP.nc
Saved: /perm/dnk8355/paper2026/netcdf_daily_1april2024_31march2026/METOP-B_20241220_AN_DEP.nc
Saved summary: /perm/dnk8355/paper2026/netcdf_daily_1april2024_31march2026/METOP-C_20241220_summary.txt
Saved: /perm/dnk8355/paper2026/netcdf_daily_1april2024_31march2026/METOP-C_20241220_OBSVALUE.nc
Saved: /perm/dnk8355/paper2026/netcdf_daily_1april2024_31march2026/METOP-C_20241220_EMIS_WATER.nc
Saved: /perm/dnk8355/paper2026/netcdf_daily_1april2024_31march2026/METOP-C_20241220_TAUSFC.nc
Saved: /perm/dnk8355/paper2026/netcdf_daily_1april2024_31march2026/METOP-C_20241220_TDOWN.nc
Saved: /perm/dnk8355/paper2026/netcdf_daily_1april2024_31march2026/METOP-C_20241220_TUP.nc
Saved: /perm/dnk8355/paper2026/netcdf_daily_1april2024_31march2026/METOP-C_20241220_TAUSFC_CLD.nc
Saved: /perm/dnk8355/paper2026/netcdf_daily_1april2024_31march2026/METOP-C_20241220_TDOWN_CLD.nc
Saved: /perm/dnk8355/paper2026/netcdf_daily_1april2024_31march2026/METOP-C_20241220_TUP_CLD.nc
Saved: /perm/dnk8355/paper2026/netcdf_daily_1april2024_31march2026/METOP-C_20241220_FG_DEP.nc
Saved: /perm/dnk8355/paper2026/netcdf_daily_1april2024_31march2026/METOP-C_20241220_AN_DEP.nc
[445381] Saved daily NetCDFs for amsua_ofb_lwda_20241220_NH_SH_variables_filtered_lsm_lower02.odb
Saved summary: /perm/dnk8355/paper2026/netcdf_daily_1april2024_31march2026/METOP-B_20241221_summary.txt
Saved: /perm/dnk8355/paper2026/netcdf_daily_1april2024_31march2026/METOP-B_20241221_OBSVALUE.nc
Saved: /perm/dnk8355/paper2026/netcdf_daily_1april2024_31march2026/METOP-B_20241221_EMIS_WATER.nc
Saved: /perm/dnk8355/paper2026/netcdf_daily_1april2024_31march2026/METOP-B_20241221_TAUSFC.nc
Saved: /perm/dnk8355/paper2026/netcdf_daily_1april2024_31march2026/METOP-B_20241221_TDOWN.nc
Saved: /perm/dnk8355/paper2026/netcdf_daily_1april2024_31march2026/METOP-B_20241221_TUP.nc
Saved: /perm/dnk8355/paper2026/netcdf_daily_1april2024_31march2026/METOP-B_20241221_TAUSFC_CLD.nc
Saved: /perm/dnk8355/paper2026/netcdf_daily_1april2024_31march2026/METOP-B_20241221_TDOWN_CLD.nc
Saved: /perm/dnk8355/paper2026/netcdf_daily_1april2024_31march2026/METOP-B_20241221_TUP_CLD.nc
Saved: /perm/dnk8355/paper2026/netcdf_daily_1april2024_31march2026/METOP-B_20241221_FG_DEP.nc
Saved: /perm/dnk8355/paper2026/netcdf_daily_1april2024_31march2026/METOP-B_20241221_AN_DEP.nc
Saved summary: /perm/dnk8355/paper2026/netcdf_daily_1april2024_31march2026/METOP-C_20241221_summary.txt
Saved: /perm/dnk8355/paper2026/netcdf_daily_1april2024_31march2026/METOP-C_20241221_OBSVALUE.nc
Saved: /perm/dnk8355/paper2026/netcdf_daily_1april2024_31march2026/METOP-C_20241221_EMIS_WATER.nc
Saved: /perm/dnk8355/paper2026/netcdf_daily_1april2024_31march2026/METOP-C_20241221_TAUSFC.nc
Saved: /perm/dnk8355/paper2026/netcdf_daily_1april2024_31march2026/METOP-C_20241221_TDOWN.nc
Saved: /perm/dnk8355/paper2026/netcdf_daily_1april2024_31march2026/METOP-C_20241221_TUP.nc
Saved: /perm/dnk8355/paper2026/netcdf_daily_1april2024_31march2026/METOP-C_20241221_TAUSFC_CLD.nc
Saved: /perm/dnk8355/paper2026/netcdf_daily_1april2024_31march2026/METOP-C_20241221_TDOWN_CLD.nc
Saved: /perm/dnk8355/paper2026/netcdf_daily_1april2024_31march2026/METOP-C_20241221_TUP_CLD.nc
Saved: /perm/dnk8355/paper2026/netcdf_daily_1april2024_31march2026/METOP-C_20241221_FG_DEP.nc
Saved: /perm/dnk8355/paper2026/netcdf_daily_1april2024_31march2026/METOP-C_20241221_AN_DEP.nc
[445381] Saved daily NetCDFs for amsua_ofb_lwda_20241221_NH_SH_variables_filtered_lsm_lower02.odb
Saved summary: /perm/dnk8355/paper2026/netcdf_daily_1april2024_31march2026/METOP-B_20241222_summary.txt
Saved: /perm/dnk8355/paper2026/netcdf_daily_1april2024_31march2026/METOP-B_20241222_OBSVALUE.nc
Saved: /perm/dnk8355/paper2026/netcdf_daily_1april2024_31march2026/METOP-B_20241222_EMIS_WATER.nc
Saved: /perm/dnk8355/paper2026/netcdf_daily_1april2024_31march2026/METOP-B_20241222_TAUSFC.nc
Saved: /perm/dnk8355/paper2026/netcdf_daily_1april2024_31march2026/METOP-B_20241222_TDOWN.nc
Saved: /perm/dnk8355/paper2026/netcdf_daily_1april2024_31march2026/METOP-B_20241222_TUP.nc
Saved: /perm/dnk8355/paper2026/netcdf_daily_1april2024_31march2026/METOP-B_20241222_TAUSFC_CLD.nc
Saved: /perm/dnk8355/paper2026/netcdf_daily_1april2024_31march2026/METOP-B_20241222_TDOWN_CLD.nc
Saved: /perm/dnk8355/paper2026/netcdf_daily_1april2024_31march2026/METOP-B_20241222_TUP_CLD.nc
Saved: /perm/dnk8355/paper2026/netcdf_daily_1april2024_31march2026/METOP-B_20241222_FG_DEP.nc
Saved: /perm/dnk8355/paper2026/netcdf_daily_1april2024_31march2026/METOP-B_20241222_AN_DEP.nc
Saved summary: /perm/dnk8355/paper2026/netcdf_daily_1april2024_31march2026/METOP-C_20241222_summary.txt
Saved: /perm/dnk8355/paper2026/netcdf_daily_1april2024_31march2026/METOP-C_20241222_OBSVALUE.nc
Saved: /perm/dnk8355/paper2026/netcdf_daily_1april2024_31march2026/METOP-C_20241222_EMIS_WATER.nc
Saved: /perm/dnk8355/paper2026/netcdf_daily_1april2024_31march2026/METOP-C_20241222_TAUSFC.nc
Saved: /perm/dnk8355/paper2026/netcdf_daily_1april2024_31march2026/METOP-C_20241222_TDOWN.nc
Saved: /perm/dnk8355/paper2026/netcdf_daily_1april2024_31march2026/METOP-C_20241222_TUP.nc
Saved: /perm/dnk8355/paper2026/netcdf_daily_1april2024_31march2026/METOP-C_20241222_TAUSFC_CLD.nc
Saved: /perm/dnk8355/paper2026/netcdf_daily_1april2024_31march2026/METOP-C_20241222_TDOWN_CLD.nc
Saved: /perm/dnk8355/paper2026/netcdf_daily_1april2024_31march2026/METOP-C_20241222_TUP_CLD.nc
Saved: /perm/dnk8355/paper2026/netcdf_daily_1april2024_31march2026/METOP-C_20241222_FG_DEP.nc
Saved: /perm/dnk8355/paper2026/netcdf_daily_1april2024_31march2026/METOP-C_20241222_AN_DEP.nc
[445381] Saved daily NetCDFs for amsua_ofb_lwda_20241222_NH_SH_variables_filtered_lsm_lower02.odb
Saved summary: /perm/dnk8355/paper2026/netcdf_daily_1april2024_31march2026/METOP-B_20241223_summary.txt
Saved: /perm/dnk8355/paper2026/netcdf_daily_1april2024_31march2026/METOP-B_20241223_OBSVALUE.nc
Saved: /perm/dnk8355/paper2026/netcdf_daily_1april2024_31march2026/METOP-B_20241223_EMIS_WATER.nc
Saved: /perm/dnk8355/paper2026/netcdf_daily_1april2024_31march2026/METOP-B_20241223_TAUSFC.nc
Saved: /perm/dnk8355/paper2026/netcdf_daily_1april2024_31march2026/METOP-B_20241223_TDOWN.nc
Saved: /perm/dnk8355/paper2026/netcdf_daily_1april2024_31march2026/METOP-B_20241223_TUP.nc
Saved: /perm/dnk8355/paper2026/netcdf_daily_1april2024_31march2026/METOP-B_20241223_TAUSFC_CLD.nc
Saved: /perm/dnk8355/paper2026/netcdf_daily_1april2024_31march2026/METOP-B_20241223_TDOWN_CLD.nc
Saved: /perm/dnk8355/paper2026/netcdf_daily_1april2024_31march2026/METOP-B_20241223_TUP_CLD.nc
Saved: /perm/dnk8355/paper2026/netcdf_daily_1april2024_31march2026/METOP-B_20241223_FG_DEP.nc
Saved: /perm/dnk8355/paper2026/netcdf_daily_1april2024_31march2026/METOP-B_20241223_AN_DEP.nc
Saved summary: /perm/dnk8355/paper2026/netcdf_daily_1april2024_31march2026/METOP-C_20241223_summary.txt
Saved: /perm/dnk8355/paper2026/netcdf_daily_1april2024_31march2026/METOP-C_20241223_OBSVALUE.nc
Saved: /perm/dnk8355/paper2026/netcdf_daily_1april2024_31march2026/METOP-C_20241223_EMIS_WATER.nc
Saved: /perm/dnk8355/paper2026/netcdf_daily_1april2024_31march2026/METOP-C_20241223_TAUSFC.nc
Saved: /perm/dnk8355/paper2026/netcdf_daily_1april2024_31march2026/METOP-C_20241223_TDOWN.nc
Saved: /perm/dnk8355/paper2026/netcdf_daily_1april2024_31march2026/METOP-C_20241223_TUP.nc
Saved: /perm/dnk8355/paper2026/netcdf_daily_1april2024_31march2026/METOP-C_20241223_TAUSFC_CLD.nc
Saved: /perm/dnk8355/paper2026/netcdf_daily_1april2024_31march2026/METOP-C_20241223_TDOWN_CLD.nc
Saved: /perm/dnk8355/paper2026/netcdf_daily_1april2024_31march2026/METOP-C_20241223_TUP_CLD.nc
Saved: /perm/dnk8355/paper2026/netcdf_daily_1april2024_31march2026/METOP-C_20241223_FG_DEP.nc
Saved: /perm/dnk8355/paper2026/netcdf_daily_1april2024_31march2026/METOP-C_20241223_AN_DEP.nc
[445381] Saved daily NetCDFs for amsua_ofb_lwda_20241223_NH_SH_variables_filtered_lsm_lower02.odb
Saved summary: /perm/dnk8355/paper2026/netcdf_daily_1april2024_31march2026/METOP-B_20241224_summary.txt
Saved: /perm/dnk8355/paper2026/netcdf_daily_1april2024_31march2026/METOP-B_20241224_OBSVALUE.nc
Saved: /perm/dnk8355/paper2026/netcdf_daily_1april2024_31march2026/METOP-B_20241224_EMIS_WATER.nc
Saved: /perm/dnk8355/paper2026/netcdf_daily_1april2024_31march2026/METOP-B_20241224_TAUSFC.nc
Saved: /perm/dnk8355/paper2026/netcdf_daily_1april2024_31march2026/METOP-B_20241224_TDOWN.nc
Saved: /perm/dnk8355/paper2026/netcdf_daily_1april2024_31march2026/METOP-B_20241224_TUP.nc
Saved: /perm/dnk8355/paper2026/netcdf_daily_1april2024_31march2026/METOP-B_20241224_TAUSFC_CLD.nc
Saved: /perm/dnk8355/paper2026/netcdf_daily_1april2024_31march2026/METOP-B_20241224_TDOWN_CLD.nc
Saved: /perm/dnk8355/paper2026/netcdf_daily_1april2024_31march2026/METOP-B_20241224_TUP_CLD.nc
Saved: /perm/dnk8355/paper2026/netcdf_daily_1april2024_31march2026/METOP-B_20241224_FG_DEP.nc
Saved: /perm/dnk8355/paper2026/netcdf_daily_1april2024_31march2026/METOP-B_20241224_AN_DEP.nc
Saved summary: /perm/dnk8355/paper2026/netcdf_daily_1april2024_31march2026/METOP-C_20241224_summary.txt
Saved: /perm/dnk8355/paper2026/netcdf_daily_1april2024_31march2026/METOP-C_20241224_OBSVALUE.nc
Saved: /perm/dnk8355/paper2026/netcdf_daily_1april2024_31march2026/METOP-C_20241224_EMIS_WATER.nc
Saved: /perm/dnk8355/paper2026/netcdf_daily_1april2024_31march2026/METOP-C_20241224_TAUSFC.nc
Saved: /perm/dnk8355/paper2026/netcdf_daily_1april2024_31march2026/METOP-C_20241224_TDOWN.nc
Saved: /perm/dnk8355/paper2026/netcdf_daily_1april2024_31march2026/METOP-C_20241224_TUP.nc
Saved: /perm/dnk8355/paper2026/netcdf_daily_1april2024_31march2026/METOP-C_20241224_TAUSFC_CLD.nc
Saved: /perm/dnk8355/paper2026/netcdf_daily_1april2024_31march2026/METOP-C_20241224_TDOWN_CLD.nc
Saved: /perm/dnk8355/paper2026/netcdf_daily_1april2024_31march2026/METOP-C_20241224_TUP_CLD.nc
Saved: /perm/dnk8355/paper2026/netcdf_daily_1april2024_31march2026/METOP-C_20241224_FG_DEP.nc
Saved: /perm/dnk8355/paper2026/netcdf_daily_1april2024_31march2026/METOP-C_20241224_AN_DEP.nc
[445381] Saved daily NetCDFs for amsua_ofb_lwda_20241224_NH_SH_variables_filtered_lsm_lower02.odb
Saved summary: /perm/dnk8355/paper2026/netcdf_daily_1april2024_31march2026/METOP-B_20241225_summary.txt
Saved: /perm/dnk8355/paper2026/netcdf_daily_1april2024_31march2026/METOP-B_20241225_OBSVALUE.nc
Saved: /perm/dnk8355/paper2026/netcdf_daily_1april2024_31march2026/METOP-B_20241225_EMIS_WATER.nc
Saved: /perm/dnk8355/paper2026/netcdf_daily_1april2024_31march2026/METOP-B_20241225_TAUSFC.nc
Saved: /perm/dnk8355/paper2026/netcdf_daily_1april2024_31march2026/METOP-B_20241225_TDOWN.nc
Saved: /perm/dnk8355/paper2026/netcdf_daily_1april2024_31march2026/METOP-B_20241225_TUP.nc
Saved: /perm/dnk8355/paper2026/netcdf_daily_1april2024_31march2026/METOP-B_20241225_TAUSFC_CLD.nc
Saved: /perm/dnk8355/paper2026/netcdf_daily_1april2024_31march2026/METOP-B_20241225_TDOWN_CLD.nc
Saved: /perm/dnk8355/paper2026/netcdf_daily_1april2024_31march2026/METOP-B_20241225_TUP_CLD.nc
Saved: /perm/dnk8355/paper2026/netcdf_daily_1april2024_31march2026/METOP-B_20241225_FG_DEP.nc
Saved: /perm/dnk8355/paper2026/netcdf_daily_1april2024_31march2026/METOP-B_20241225_AN_DEP.nc
Saved summary: /perm/dnk8355/paper2026/netcdf_daily_1april2024_31march2026/METOP-C_20241225_summary.txt
Saved: /perm/dnk8355/paper2026/netcdf_daily_1april2024_31march2026/METOP-C_20241225_OBSVALUE.nc
Saved: /perm/dnk8355/paper2026/netcdf_daily_1april2024_31march2026/METOP-C_20241225_EMIS_WATER.nc
Saved: /perm/dnk8355/paper2026/netcdf_daily_1april2024_31march2026/METOP-C_20241225_TAUSFC.nc
Saved: /perm/dnk8355/paper2026/netcdf_daily_1april2024_31march2026/METOP-C_20241225_TDOWN.nc
Saved: /perm/dnk8355/paper2026/netcdf_daily_1april2024_31march2026/METOP-C_20241225_TUP.nc
Saved: /perm/dnk8355/paper2026/netcdf_daily_1april2024_31march2026/METOP-C_20241225_TAUSFC_CLD.nc
Saved: /perm/dnk8355/paper2026/netcdf_daily_1april2024_31march2026/METOP-C_20241225_TDOWN_CLD.nc
Saved: /perm/dnk8355/paper2026/netcdf_daily_1april2024_31march2026/METOP-C_20241225_TUP_CLD.nc
Saved: /perm/dnk8355/paper2026/netcdf_daily_1april2024_31march2026/METOP-C_20241225_FG_DEP.nc
Saved: /perm/dnk8355/paper2026/netcdf_daily_1april2024_31march2026/METOP-C_20241225_AN_DEP.nc
[445381] Saved daily NetCDFs for amsua_ofb_lwda_20241225_NH_SH_variables_filtered_lsm_lower02.odb
Saved summary: /perm/dnk8355/paper2026/netcdf_daily_1april2024_31march2026/METOP-B_20241226_summary.txt
Saved: /perm/dnk8355/paper2026/netcdf_daily_1april2024_31march2026/METOP-B_20241226_OBSVALUE.nc
Saved: /perm/dnk8355/paper2026/netcdf_daily_1april2024_31march2026/METOP-B_20241226_EMIS_WATER.nc
Saved: /perm/dnk8355/paper2026/netcdf_daily_1april2024_31march2026/METOP-B_20241226_TAUSFC.nc
Saved: /perm/dnk8355/paper2026/netcdf_daily_1april2024_31march2026/METOP-B_20241226_TDOWN.nc
Saved: /perm/dnk8355/paper2026/netcdf_daily_1april2024_31march2026/METOP-B_20241226_TUP.nc
Saved: /perm/dnk8355/paper2026/netcdf_daily_1april2024_31march2026/METOP-B_20241226_TAUSFC_CLD.nc
Saved: /perm/dnk8355/paper2026/netcdf_daily_1april2024_31march2026/METOP-B_20241226_TDOWN_CLD.nc
Saved: /perm/dnk8355/paper2026/netcdf_daily_1april2024_31march2026/METOP-B_20241226_TUP_CLD.nc
Saved: /perm/dnk8355/paper2026/netcdf_daily_1april2024_31march2026/METOP-B_20241226_FG_DEP.nc
Saved: /perm/dnk8355/paper2026/netcdf_daily_1april2024_31march2026/METOP-B_20241226_AN_DEP.nc
Saved summary: /perm/dnk8355/paper2026/netcdf_daily_1april2024_31march2026/METOP-C_20241226_summary.txt
Saved: /perm/dnk8355/paper2026/netcdf_daily_1april2024_31march2026/METOP-C_20241226_OBSVALUE.nc
Saved: /perm/dnk8355/paper2026/netcdf_daily_1april2024_31march2026/METOP-C_20241226_EMIS_WATER.nc
Saved: /perm/dnk8355/paper2026/netcdf_daily_1april2024_31march2026/METOP-C_20241226_TAUSFC.nc
Saved: /perm/dnk8355/paper2026/netcdf_daily_1april2024_31march2026/METOP-C_20241226_TDOWN.nc
Saved: /perm/dnk8355/paper2026/netcdf_daily_1april2024_31march2026/METOP-C_20241226_TUP.nc
Saved: /perm/dnk8355/paper2026/netcdf_daily_1april2024_31march2026/METOP-C_20241226_TAUSFC_CLD.nc
Saved: /perm/dnk8355/paper2026/netcdf_daily_1april2024_31march2026/METOP-C_20241226_TDOWN_CLD.nc
Saved: /perm/dnk8355/paper2026/netcdf_daily_1april2024_31march2026/METOP-C_20241226_TUP_CLD.nc
Saved: /perm/dnk8355/paper2026/netcdf_daily_1april2024_31march2026/METOP-C_20241226_FG_DEP.nc
Saved: /perm/dnk8355/paper2026/netcdf_daily_1april2024_31march2026/METOP-C_20241226_AN_DEP.nc
[445381] Saved daily NetCDFs for amsua_ofb_lwda_20241226_NH_SH_variables_filtered_lsm_lower02.odb
Saved summary: /perm/dnk8355/paper2026/netcdf_daily_1april2024_31march2026/METOP-B_20241227_summary.txt
Saved: /perm/dnk8355/paper2026/netcdf_daily_1april2024_31march2026/METOP-B_20241227_OBSVALUE.nc
Saved: /perm/dnk8355/paper2026/netcdf_daily_1april2024_31march2026/METOP-B_20241227_EMIS_WATER.nc
Saved: /perm/dnk8355/paper2026/netcdf_daily_1april2024_31march2026/METOP-B_20241227_TAUSFC.nc
Saved: /perm/dnk8355/paper2026/netcdf_daily_1april2024_31march2026/METOP-B_20241227_TDOWN.nc
Saved: /perm/dnk8355/paper2026/netcdf_daily_1april2024_31march2026/METOP-B_20241227_TUP.nc
Saved: /perm/dnk8355/paper2026/netcdf_daily_1april2024_31march2026/METOP-B_20241227_TAUSFC_CLD.nc
Saved: /perm/dnk8355/paper2026/netcdf_daily_1april2024_31march2026/METOP-B_20241227_TDOWN_CLD.nc
Saved: /perm/dnk8355/paper2026/netcdf_daily_1april2024_31march2026/METOP-B_20241227_TUP_CLD.nc
Saved: /perm/dnk8355/paper2026/netcdf_daily_1april2024_31march2026/METOP-B_20241227_FG_DEP.nc
Saved: /perm/dnk8355/paper2026/netcdf_daily_1april2024_31march2026/METOP-B_20241227_AN_DEP.nc
Saved summary: /perm/dnk8355/paper2026/netcdf_daily_1april2024_31march2026/METOP-C_20241227_summary.txt
Saved: /perm/dnk8355/paper2026/netcdf_daily_1april2024_31march2026/METOP-C_20241227_OBSVALUE.nc
Saved: /perm/dnk8355/paper2026/netcdf_daily_1april2024_31march2026/METOP-C_20241227_EMIS_WATER.nc
Saved: /perm/dnk8355/paper2026/netcdf_daily_1april2024_31march2026/METOP-C_20241227_TAUSFC.nc
Saved: /perm/dnk8355/paper2026/netcdf_daily_1april2024_31march2026/METOP-C_20241227_TDOWN.nc
Saved: /perm/dnk8355/paper2026/netcdf_daily_1april2024_31march2026/METOP-C_20241227_TUP.nc
Saved: /perm/dnk8355/paper2026/netcdf_daily_1april2024_31march2026/METOP-C_20241227_TAUSFC_CLD.nc
Saved: /perm/dnk8355/paper2026/netcdf_daily_1april2024_31march2026/METOP-C_20241227_TDOWN_CLD.nc
Saved: /perm/dnk8355/paper2026/netcdf_daily_1april2024_31march2026/METOP-C_20241227_TUP_CLD.nc
Saved: /perm/dnk8355/paper2026/netcdf_daily_1april2024_31march2026/METOP-C_20241227_FG_DEP.nc
Saved: /perm/dnk8355/paper2026/netcdf_daily_1april2024_31march2026/METOP-C_20241227_AN_DEP.nc
[445381] Saved daily NetCDFs for amsua_ofb_lwda_20241227_NH_SH_variables_filtered_lsm_lower02.odb
Saved summary: /perm/dnk8355/paper2026/netcdf_daily_1april2024_31march2026/METOP-B_20241228_summary.txt
Saved: /perm/dnk8355/paper2026/netcdf_daily_1april2024_31march2026/METOP-B_20241228_OBSVALUE.nc
Saved: /perm/dnk8355/paper2026/netcdf_daily_1april2024_31march2026/METOP-B_20241228_EMIS_WATER.nc
Saved: /perm/dnk8355/paper2026/netcdf_daily_1april2024_31march2026/METOP-B_20241228_TAUSFC.nc
Saved: /perm/dnk8355/paper2026/netcdf_daily_1april2024_31march2026/METOP-B_20241228_TDOWN.nc
Saved: /perm/dnk8355/paper2026/netcdf_daily_1april2024_31march2026/METOP-B_20241228_TUP.nc
Saved: /perm/dnk8355/paper2026/netcdf_daily_1april2024_31march2026/METOP-B_20241228_TAUSFC_CLD.nc
Saved: /perm/dnk8355/paper2026/netcdf_daily_1april2024_31march2026/METOP-B_20241228_TDOWN_CLD.nc
Saved: /perm/dnk8355/paper2026/netcdf_daily_1april2024_31march2026/METOP-B_20241228_TUP_CLD.nc
Saved: /perm/dnk8355/paper2026/netcdf_daily_1april2024_31march2026/METOP-B_20241228_FG_DEP.nc
Saved: /perm/dnk8355/paper2026/netcdf_daily_1april2024_31march2026/METOP-B_20241228_AN_DEP.nc
Saved summary: /perm/dnk8355/paper2026/netcdf_daily_1april2024_31march2026/METOP-C_20241228_summary.txt
Saved: /perm/dnk8355/paper2026/netcdf_daily_1april2024_31march2026/METOP-C_20241228_OBSVALUE.nc
Saved: /perm/dnk8355/paper2026/netcdf_daily_1april2024_31march2026/METOP-C_20241228_EMIS_WATER.nc
Saved: /perm/dnk8355/paper2026/netcdf_daily_1april2024_31march2026/METOP-C_20241228_TAUSFC.nc
Saved: /perm/dnk8355/paper2026/netcdf_daily_1april2024_31march2026/METOP-C_20241228_TDOWN.nc
Saved: /perm/dnk8355/paper2026/netcdf_daily_1april2024_31march2026/METOP-C_20241228_TUP.nc
Saved: /perm/dnk8355/paper2026/netcdf_daily_1april2024_31march2026/METOP-C_20241228_TAUSFC_CLD.nc
Saved: /perm/dnk8355/paper2026/netcdf_daily_1april2024_31march2026/METOP-C_20241228_TDOWN_CLD.nc
Saved: /perm/dnk8355/paper2026/netcdf_daily_1april2024_31march2026/METOP-C_20241228_TUP_CLD.nc
Saved: /perm/dnk8355/paper2026/netcdf_daily_1april2024_31march2026/METOP-C_20241228_FG_DEP.nc
Saved: /perm/dnk8355/paper2026/netcdf_daily_1april2024_31march2026/METOP-C_20241228_AN_DEP.nc
[445381] Saved daily NetCDFs for amsua_ofb_lwda_20241228_NH_SH_variables_filtered_lsm_lower02.odb
Saved summary: /perm/dnk8355/paper2026/netcdf_daily_1april2024_31march2026/METOP-B_20241229_summary.txt
Saved: /perm/dnk8355/paper2026/netcdf_daily_1april2024_31march2026/METOP-B_20241229_OBSVALUE.nc
Saved: /perm/dnk8355/paper2026/netcdf_daily_1april2024_31march2026/METOP-B_20241229_EMIS_WATER.nc
Saved: /perm/dnk8355/paper2026/netcdf_daily_1april2024_31march2026/METOP-B_20241229_TAUSFC.nc
Saved: /perm/dnk8355/paper2026/netcdf_daily_1april2024_31march2026/METOP-B_20241229_TDOWN.nc
Saved: /perm/dnk8355/paper2026/netcdf_daily_1april2024_31march2026/METOP-B_20241229_TUP.nc
Saved: /perm/dnk8355/paper2026/netcdf_daily_1april2024_31march2026/METOP-B_20241229_TAUSFC_CLD.nc
Saved: /perm/dnk8355/paper2026/netcdf_daily_1april2024_31march2026/METOP-B_20241229_TDOWN_CLD.nc
Saved: /perm/dnk8355/paper2026/netcdf_daily_1april2024_31march2026/METOP-B_20241229_TUP_CLD.nc
Saved: /perm/dnk8355/paper2026/netcdf_daily_1april2024_31march2026/METOP-B_20241229_FG_DEP.nc
Saved: /perm/dnk8355/paper2026/netcdf_daily_1april2024_31march2026/METOP-B_20241229_AN_DEP.nc
Saved summary: /perm/dnk8355/paper2026/netcdf_daily_1april2024_31march2026/METOP-C_20241229_summary.txt
Saved: /perm/dnk8355/paper2026/netcdf_daily_1april2024_31march2026/METOP-C_20241229_OBSVALUE.nc
Saved: /perm/dnk8355/paper2026/netcdf_daily_1april2024_31march2026/METOP-C_20241229_EMIS_WATER.nc
Saved: /perm/dnk8355/paper2026/netcdf_daily_1april2024_31march2026/METOP-C_20241229_TAUSFC.nc
Saved: /perm/dnk8355/paper2026/netcdf_daily_1april2024_31march2026/METOP-C_20241229_TDOWN.nc
