[ECMWF-INFO -sbatch] - -------------------------------------------------------------------------------------
[ECMWF-INFO -sbatch] -  This is the ECMWF jobfilter
[ECMWF-INFO -sbatch] -  +++ Please report issues using the Support portal +++
[ECMWF-INFO -sbatch] -  +++ https://support.ecmwf.int                     +++
[ECMWF-INFO -sbatch] -  /usr/local/bin/ecsbatch: size: 53801, mtime: Tue Nov 25 12:35:33 2025
[ECMWF-INFO -sbatch] - -------------------------------------------------------------------------------------
[ECMWF-INFO -sbatch] - Time at submit: Wed Jun 17 14:42:12 2026 (1781707332.1086328) on ab6-198.bullx:/etc/ecmwf/nfs/dh2_home_b/dnk8355/EUMETSAT_fellowship/empirical-state-learning-seaice-emissivity-model
[ECMWF-INFO -sbatch] - --- SLURM VARIABLES ---
[ECMWF-INFO -sbatch] - EC_CLUSTER=ab
[ECMWF-INFO -sbatch] - SLURM_EXPORT_ENV=ALL
[ECMWF-INFO -sbatch] - SLURM_JOB_ID=28058559
[ECMWF-INFO -sbatch] - SBATCH_EXPORT=NONE
[ECMWF-INFO -sbatch] - -----------------------
[ECMWF-INFO -sbatch] - jobscript: /etc/ecmwf/nfs/dh2_home_b/dnk8355/EUMETSAT_fellowship/empirical-state-learning-seaice-emissivity-model/get_ECMWF_skin_temp_sic.sh
[ECMWF-INFO -sbatch] - --- SCRIPT OPTIONS ---
[ECMWF-INFO -sbatch] - #SBATCH --qos=np
[ECMWF-INFO -sbatch] - #SBATCH --time=12:00:00
[ECMWF-INFO -sbatch] - #SBATCH --nodes=1
[ECMWF-INFO -sbatch] - #SBATCH --ntasks=1
[ECMWF-INFO -sbatch] - #SBATCH --output=/home/dnk8355/EUMETSAT_fellowship/empirical-state-learning-seaice-emissivity-model/sbatchlogs/grib_NH_SH.out
[ECMWF-INFO -sbatch] - #SBATCH --job-name=grib_NH_SH
[ECMWF-INFO -sbatch] - -----------------------
[ECMWF-INFO -sbatch] - --- POST-PROCESSED OPTIONS ---
[ECMWF-INFO -sbatch] - ARG --positional=['get_ECMWF_skin_temp_sic.sh']
[ECMWF-INFO -sbatch] - ARG --job_name=grib_NH_SH
[ECMWF-INFO -sbatch] - ARG --ntasks=1
[ECMWF-INFO -sbatch] - ARG --nodes=1
[ECMWF-INFO -sbatch] - ARG --output=/home/dnk8355/EUMETSAT_fellowship/empirical-state-learning-seaice-emissivity-model/sbatchlogs/grib_NH_SH.out
[ECMWF-INFO -sbatch] - ARG --qos=np
[ECMWF-INFO -sbatch] - ARG --time=12:00:00
[ECMWF-INFO -sbatch] - ------------------------------
[ECMWF-INFO -sbatch] - jobtag: dnk8355-grib_NH_SH-1x256-/home/dnk8355/EUMETSAT_fellowship/empirical-state-learning-seaice-emissivity-model/sbatchlogs/grib_NH_SH.out
[ECMWF-INFO -sbatch] - ['/usr/bin/sbatch', '--job-name=grib_NH_SH', '--ntasks=1', '--nodes=1', '--output=/home/dnk8355/EUMETSAT_fellowship/empirical-state-learning-seaice-emissivity-model/sbatchlogs/grib_NH_SH.out', '--qos=np', '--time=12:00:00', '--licenses=h2resw01', '--export=EC_user_time_limit=12:00:00', '/etc/ecmwf/nfs/dh2_home_b/dnk8355/EUMETSAT_fellowship/empirical-state-learning-seaice-emissivity-model/get_ECMWF_skin_temp_sic.sh']
[ECMWF-INFO -sbatch] - sbatch executed on ab
[ECMWF-INFO -sbatch] - Job queued on ab using method local
[ECMWF-INFO -sbatch] - Submitted batch job 28113059
[ECMWF-INFO -ecprofile] /usr/bin/bash NON_INTERACTIVE on ab3-4085 at 20260617_144221.911, PID: 2701395, JOBID: 28113059
[ECMWF-INFO -ecprofile] $SCRATCH=/ec/res4/scratch/dnk8355
[ECMWF-INFO -ecprofile] $PERM=/perm/dnk8355
[ECMWF-INFO -ecprofile] $HPCPERM=/ec/res4/hpcperm/dnk8355
[ECMWF-INFO -ecprofile] $TMPDIR=/dev/shm/_tmpdir_.dnk8355.28113059
[ECMWF-INFO -ecprofile] $SCRATCHDIR=/ec/res4/scratchdir/dnk8355/3/28113059
#####################
my dir is: /perm/dnk8355/paper2026/grib_files_NH_SH
Wed Jun 17 14:42:22 UTC 2026 - Start MARS retrieval
#####################
 
2024-04-01 | expID: 79
mars - WARN - 
mars - WARN - 
MIR environment variables:
MIR_CACHE_PATH={FILE?/ec/cache.1}/cache:{FILE?/ec/cache.2}/cache
MIR_LSM_NAMED=1km.climate.v013
Using MARS binary: /usr/local/apps/mars/versions/6.34.4.11/bin/mars.bin
mars - INFO   - 20260617.144222 - Welcome to MARS
mars - INFO   - 20260617.144222 - MARS_HOME=/usr/local/apps/mars/configs/prod
mars - INFO   - 20260617.144222 - MARS Client build stamp: 20260421054856
mars - INFO   - 20260617.144222 - MARS Client bundle version: 6.34.4.11
mars - INFO   - 20260617.144222 - package mars-client version: 6.34.4
mars - INFO   - 20260617.144222 - package mir version: 1.23.9
mars - INFO   - 20260617.144222 - package odc version: 1.6.3
mars - INFO   - 20260617.144222 - package fdb version: 5.21.1
mars - INFO   - 20260617.144222 - package metkit version: 1.18.0
mars - INFO   - 20260617.144222 - package eckit version: 2.0.7
mars - INFO   - 20260617.144222 - package eccodes version: 2.46.3
RETRIEVE,
    STREAM=oper,
    CLASS=od,
    EXPVER=79,
    GRID=N80,
    GAUSSIAN=reduced,
    TYPE=AN,
    DATE=20240401,
    TIME=00:00:00/06:00:00/12:00:00/18:00:00,
    LEVTYPE=SFC,
    PARAM=172.128/31.128/235.128,   #172.128: land sea mask, #31.128:sea ice area fraction, #235.128: Skin temperature
    FILTER="select * where (lat<-45 or lat>45)",
    TARGET=HRES_SIC_TSKIN_N80_20240401_NH_SH.grb


mars - INFO   - 20260617.144222 - Processing request 1

RETRIEVE,
    CLASS      = OD,
    TYPE       = AN,
    STREAM     = OPER,
    EXPVER     = 0079,
    REPRES     = GG,
    LEVTYPE    = SFC,
    PARAM      = 172.128/31.128/235.128,
    DATE       = 20240401,
    TIME       = 0000/0600/1200/1800,
    STEP       = 00,
    DOMAIN     = G,
    TARGET     = HRES_SIC_TSKIN_N80_20240401_NH_SH.grb,
    RESOL      = AUTO,
    FILTER     = "select * where (lat<-45 or lat>45)",
    GRID       = N80

mars - INFO   - 20260617.144222 - Requesting 12 fields
mars - INFO   - 20260617.144222 - FDB home /home/fdbprod
mars - INFO   - 20260617.144223 - Setting SO_SNDBUF to 33554432 (32.00 M)
mars - INFO   - 20260617.144223 - Current value is 8192 (8.00 K)
mars - WARN   - 20260617.144223 - SO_SNDBUF limited by kernel to 212992 (208.00 K)
mars - INFO   - 20260617.144223 - Setting SO_RCVBUF to 33554432 (32.00 M)
mars - INFO   - 20260617.144223 - Current value is 43690 (42.67 K)
mars - WARN   - 20260617.144223 - SO_RCVBUF limited by kernel to 212992 (208.00 K)
mars - INFO   - 20260617.144223 - Calling mars on 'marsod-core', local port is 60939
mars - INFO   - 20260617.144223 - Callback at address 10.100.25.118, port 60939
mars - INFO   - 20260617.144223 - Mars client is on ab3-4085.bullx (10.100.25.118) 60939
mars - INFO   - 20260617.144223 - Mars server is on 10.112.5.10 53204
mars - INFO   - 20260617.144223 - Server task is 9612 [marsod]
mars - INFO   - 20260617.144223 - Request cost: 0 field,  [marsod]
mars - INFO   - 20260617.144223 - The efficiency of your requests in the last 12 hours is 6% [marsod]
mars - WARN   - 20260617.144223 - Please see https://confluence.ecmwf.int/x/rxRtD in order to improve the efficiency of your requests [marsod]
mars - WARN   - 20260617.144223 - Data not found [marsod]
mars - INFO   - 20260617.144224 - Calling mars on 'marsode-core', local port is 41811
mars - INFO   - 20260617.144224 - Callback at address 10.100.25.118, port 41811
mars - INFO   - 20260617.144224 - Mars client is on ab3-4085.bullx (10.100.25.118) 41811
mars - INFO   - 20260617.144224 - Mars server is on 10.112.2.10 58382
mars - INFO   - 20260617.144224 - Server task is 913 [marsode]
mars - INFO   - 20260617.144224 - Request cost: 6 fields, 82.6084 Mbytes on 1 tape, nodes: hpss, libraries: ibmlib02 [marsode]
mars - INFO   - 20260617.144224 - The efficiency of your requests in the last 12 hours is 100% [marsode]
mars - INFO   - 20260617.144407 - Transfering 86621188 bytes
mars - WARN   - 20260617.144407 - Visiting database marsode : expected 12, got 6
mars - INFO   - 20260617.144407 - 6 fields have been interpolated on 'ab3-4085.bullx'
mars - ERROR  - 20260617.144407 - Last error is -43
mars - ERROR  - 20260617.144407 - Expected 12, got 6.
mars - ERROR  - 20260617.144407 - Request failed
mars - INFO   - 20260617.144407 - Request time:  wall: 1 min 45 sec 
mars - INFO   - 20260617.144407 -   Processing in marsode: wall: 1 min 43 sec 
mars - INFO   - 20260617.144407 -   Visiting marsode: wall: 1 min 44 sec 
mars - INFO   - 20260617.144407 -   Read from network: 384.00 Mbyte(s) in < 1 sec [2.93 Gbyte/sec] 
mars - INFO   - 20260617.144407 -   Processing in marsod: wall: 1 sec 
mars - INFO   - 20260617.144407 -   Visiting marsod: wall: 1 sec 
mars - INFO   - 20260617.144407 -   Writing to target file: 459.14 Kbyte(s) in < 1 sec [168.63 Mbyte/sec] 
mars - INFO   - 20260617.144407 - Memory used: 195.30 Mbyte(s)
mars - ERROR  - 20260617.144407 - Some errors reported (last error -1)
2024-04-02 | expID: 79
mars - WARN - 
mars - WARN - 
MIR environment variables:
MIR_CACHE_PATH={FILE?/ec/cache.1}/cache:{FILE?/ec/cache.2}/cache
MIR_LSM_NAMED=1km.climate.v013
Using MARS binary: /usr/local/apps/mars/versions/6.34.4.11/bin/mars.bin
mars - INFO   - 20260617.144408 - Welcome to MARS
mars - INFO   - 20260617.144408 - MARS_HOME=/usr/local/apps/mars/configs/prod
mars - INFO   - 20260617.144408 - MARS Client build stamp: 20260421054856
mars - INFO   - 20260617.144408 - MARS Client bundle version: 6.34.4.11
mars - INFO   - 20260617.144408 - package mars-client version: 6.34.4
mars - INFO   - 20260617.144408 - package mir version: 1.23.9
mars - INFO   - 20260617.144408 - package odc version: 1.6.3
mars - INFO   - 20260617.144408 - package fdb version: 5.21.1
mars - INFO   - 20260617.144408 - package metkit version: 1.18.0
mars - INFO   - 20260617.144408 - package eckit version: 2.0.7
mars - INFO   - 20260617.144408 - package eccodes version: 2.46.3
RETRIEVE,
    STREAM=oper,
    CLASS=od,
    EXPVER=79,
    GRID=N80,
    GAUSSIAN=reduced,
    TYPE=AN,
    DATE=20240402,
    TIME=00:00:00/06:00:00/12:00:00/18:00:00,
    LEVTYPE=SFC,
    PARAM=172.128/31.128/235.128,   #172.128: land sea mask, #31.128:sea ice area fraction, #235.128: Skin temperature
    FILTER="select * where (lat<-45 or lat>45)",
    TARGET=HRES_SIC_TSKIN_N80_20240402_NH_SH.grb


mars - INFO   - 20260617.144408 - Processing request 1

RETRIEVE,
    CLASS      = OD,
    TYPE       = AN,
    STREAM     = OPER,
    EXPVER     = 0079,
    REPRES     = GG,
    LEVTYPE    = SFC,
    PARAM      = 172.128/31.128/235.128,
    DATE       = 20240402,
    TIME       = 0000/0600/1200/1800,
    STEP       = 00,
    DOMAIN     = G,
    TARGET     = HRES_SIC_TSKIN_N80_20240402_NH_SH.grb,
    RESOL      = AUTO,
    FILTER     = "select * where (lat<-45 or lat>45)",
    GRID       = N80

mars - INFO   - 20260617.144408 - Requesting 12 fields
mars - INFO   - 20260617.144408 - FDB home /home/fdbprod
mars - INFO   - 20260617.144408 - Setting SO_SNDBUF to 33554432 (32.00 M)
mars - INFO   - 20260617.144408 - Current value is 8192 (8.00 K)
mars - WARN   - 20260617.144408 - SO_SNDBUF limited by kernel to 212992 (208.00 K)
mars - INFO   - 20260617.144408 - Setting SO_RCVBUF to 33554432 (32.00 M)
mars - INFO   - 20260617.144408 - Current value is 43690 (42.67 K)
mars - WARN   - 20260617.144408 - SO_RCVBUF limited by kernel to 212992 (208.00 K)
mars - INFO   - 20260617.144408 - Calling mars on 'marsod-core', local port is 34011
mars - INFO   - 20260617.144408 - Callback at address 10.100.25.118, port 34011
mars - INFO   - 20260617.144408 - Mars client is on ab3-4085.bullx (10.100.25.118) 34011
mars - INFO   - 20260617.144408 - Mars server is on 10.112.5.10 52975
mars - INFO   - 20260617.144408 - Server task is 7261 [marsod]
mars - INFO   - 20260617.144408 - Request cost: 0 field,  [marsod]
mars - INFO   - 20260617.144408 - The efficiency of your requests in the last 12 hours is 6% [marsod]
mars - WARN   - 20260617.144408 - Please see https://confluence.ecmwf.int/x/rxRtD in order to improve the efficiency of your requests [marsod]
mars - WARN   - 20260617.144408 - Data not found [marsod]
mars - INFO   - 20260617.144408 - Calling mars on 'marsode-core', local port is 41177
mars - INFO   - 20260617.144408 - Callback at address 10.100.25.118, port 41177
mars - INFO   - 20260617.144408 - Mars client is on ab3-4085.bullx (10.100.25.118) 41177
mars - INFO   - 20260617.144408 - Mars server is on 10.112.2.10 48654
mars - INFO   - 20260617.144408 - Server task is 913 [marsode]
mars - INFO   - 20260617.144408 - Request cost: 6 fields, 82.6084 Mbytes on 1 tape, nodes: hpss, libraries: ibmlib02 [marsode]
mars - INFO   - 20260617.144408 - The efficiency of your requests in the last 12 hours is 100% [marsode]
mars - INFO   - 20260617.144413 - Transfering 86621188 bytes
mars - WARN   - 20260617.144413 - Visiting database marsode : expected 12, got 6
mars - INFO   - 20260617.144413 - 6 fields have been interpolated on 'ab3-4085.bullx'
mars - ERROR  - 20260617.144413 - Last error is -43
mars - ERROR  - 20260617.144413 - Expected 12, got 6.
mars - ERROR  - 20260617.144413 - Request failed
mars - INFO   - 20260617.144413 - Request time:  wall: 5 sec 
mars - INFO   - 20260617.144413 -   Processing in marsode: wall: 5 sec 
mars - INFO   - 20260617.144413 -   Visiting marsode: wall: 5 sec 
mars - INFO   - 20260617.144413 -   Read from network: 384.00 Mbyte(s) in < 1 sec [2.06 Gbyte/sec] 
mars - INFO   - 20260617.144413 -   Writing to target file: 459.14 Kbyte(s) in < 1 sec [166.81 Mbyte/sec] 
mars - INFO   - 20260617.144413 - Memory used: 195.92 Mbyte(s)
mars - ERROR  - 20260617.144413 - Some errors reported (last error -1)
2024-04-03 | expID: 79
mars - WARN - 
mars - WARN - 
MIR environment variables:
MIR_CACHE_PATH={FILE?/ec/cache.1}/cache:{FILE?/ec/cache.2}/cache
MIR_LSM_NAMED=1km.climate.v013
Using MARS binary: /usr/local/apps/mars/versions/6.34.4.11/bin/mars.bin
mars - INFO   - 20260617.144414 - Welcome to MARS
mars - INFO   - 20260617.144414 - MARS_HOME=/usr/local/apps/mars/configs/prod
mars - INFO   - 20260617.144414 - MARS Client build stamp: 20260421054856
mars - INFO   - 20260617.144414 - MARS Client bundle version: 6.34.4.11
mars - INFO   - 20260617.144414 - package mars-client version: 6.34.4
mars - INFO   - 20260617.144414 - package mir version: 1.23.9
mars - INFO   - 20260617.144414 - package odc version: 1.6.3
mars - INFO   - 20260617.144414 - package fdb version: 5.21.1
mars - INFO   - 20260617.144414 - package metkit version: 1.18.0
mars - INFO   - 20260617.144414 - package eckit version: 2.0.7
mars - INFO   - 20260617.144414 - package eccodes version: 2.46.3
RETRIEVE,
    STREAM=oper,
    CLASS=od,
    EXPVER=79,
    GRID=N80,
    GAUSSIAN=reduced,
    TYPE=AN,
    DATE=20240403,
    TIME=00:00:00/06:00:00/12:00:00/18:00:00,
    LEVTYPE=SFC,
    PARAM=172.128/31.128/235.128,   #172.128: land sea mask, #31.128:sea ice area fraction, #235.128: Skin temperature
    FILTER="select * where (lat<-45 or lat>45)",
    TARGET=HRES_SIC_TSKIN_N80_20240403_NH_SH.grb


mars - INFO   - 20260617.144414 - Processing request 1

RETRIEVE,
    CLASS      = OD,
    TYPE       = AN,
    STREAM     = OPER,
    EXPVER     = 0079,
    REPRES     = GG,
    LEVTYPE    = SFC,
    PARAM      = 172.128/31.128/235.128,
    DATE       = 20240403,
    TIME       = 0000/0600/1200/1800,
    STEP       = 00,
    DOMAIN     = G,
    TARGET     = HRES_SIC_TSKIN_N80_20240403_NH_SH.grb,
    RESOL      = AUTO,
    FILTER     = "select * where (lat<-45 or lat>45)",
    GRID       = N80

mars - INFO   - 20260617.144414 - Requesting 12 fields
mars - INFO   - 20260617.144414 - FDB home /home/fdbprod
mars - INFO   - 20260617.144414 - Setting SO_SNDBUF to 33554432 (32.00 M)
mars - INFO   - 20260617.144414 - Current value is 8192 (8.00 K)
mars - WARN   - 20260617.144414 - SO_SNDBUF limited by kernel to 212992 (208.00 K)
mars - INFO   - 20260617.144414 - Setting SO_RCVBUF to 33554432 (32.00 M)
mars - INFO   - 20260617.144414 - Current value is 43690 (42.67 K)
mars - WARN   - 20260617.144414 - SO_RCVBUF limited by kernel to 212992 (208.00 K)
mars - INFO   - 20260617.144414 - Calling mars on 'marsod-core', local port is 60115
mars - INFO   - 20260617.144414 - Callback at address 10.100.25.118, port 60115
mars - INFO   - 20260617.144414 - Mars client is on ab3-4085.bullx (10.100.25.118) 60115
mars - INFO   - 20260617.144414 - Mars server is on 10.112.5.10 58642
mars - INFO   - 20260617.144414 - Server task is 389 [marsod]
mars - INFO   - 20260617.144414 - Request cost: 0 field,  [marsod]
mars - INFO   - 20260617.144414 - The efficiency of your requests in the last 12 hours is 6% [marsod]
mars - WARN   - 20260617.144414 - Please see https://confluence.ecmwf.int/x/rxRtD in order to improve the efficiency of your requests [marsod]
mars - WARN   - 20260617.144414 - Data not found [marsod]
mars - INFO   - 20260617.144414 - Calling mars on 'marsode-core', local port is 46843
mars - INFO   - 20260617.144414 - Callback at address 10.100.25.118, port 46843
mars - INFO   - 20260617.144414 - Mars client is on ab3-4085.bullx (10.100.25.118) 46843
mars - INFO   - 20260617.144414 - Mars server is on 10.112.2.10 45612
mars - INFO   - 20260617.144414 - Server task is 913 [marsode]
mars - INFO   - 20260617.144414 - Request cost: 6 fields, 82.6084 Mbytes on 1 tape, nodes: hpss, libraries: ibmlib02 [marsode]
mars - INFO   - 20260617.144414 - The efficiency of your requests in the last 12 hours is 100% [marsode]
mars - INFO   - 20260617.144418 - Transfering 86621188 bytes
mars - WARN   - 20260617.144419 - Visiting database marsode : expected 12, got 6
mars - INFO   - 20260617.144419 - 6 fields have been interpolated on 'ab3-4085.bullx'
mars - ERROR  - 20260617.144419 - Last error is -43
mars - ERROR  - 20260617.144419 - Expected 12, got 6.
mars - ERROR  - 20260617.144419 - Request failed
mars - INFO   - 20260617.144419 - Request time:  wall: 5 sec 
mars - INFO   - 20260617.144419 -   Processing in marsode: wall: 4 sec 
mars - INFO   - 20260617.144419 -   Visiting marsode: wall: 5 sec 
mars - INFO   - 20260617.144419 -   Read from network: 384.00 Mbyte(s) in < 1 sec [2.79 Gbyte/sec] 
mars - INFO   - 20260617.144419 -   Writing to target file: 459.14 Kbyte(s) in < 1 sec [151.38 Mbyte/sec] 
mars - INFO   - 20260617.144419 - Memory used: 195.71 Mbyte(s)
mars - ERROR  - 20260617.144419 - Some errors reported (last error -1)
2024-04-04 | expID: 79
mars - WARN - 
mars - WARN - 
MIR environment variables:
MIR_CACHE_PATH={FILE?/ec/cache.1}/cache:{FILE?/ec/cache.2}/cache
MIR_LSM_NAMED=1km.climate.v013
Using MARS binary: /usr/local/apps/mars/versions/6.34.4.11/bin/mars.bin
mars - INFO   - 20260617.144419 - Welcome to MARS
mars - INFO   - 20260617.144419 - MARS_HOME=/usr/local/apps/mars/configs/prod
mars - INFO   - 20260617.144419 - MARS Client build stamp: 20260421054856
mars - INFO   - 20260617.144419 - MARS Client bundle version: 6.34.4.11
mars - INFO   - 20260617.144419 - package mars-client version: 6.34.4
mars - INFO   - 20260617.144419 - package mir version: 1.23.9
mars - INFO   - 20260617.144419 - package odc version: 1.6.3
mars - INFO   - 20260617.144419 - package fdb version: 5.21.1
mars - INFO   - 20260617.144419 - package metkit version: 1.18.0
mars - INFO   - 20260617.144419 - package eckit version: 2.0.7
mars - INFO   - 20260617.144419 - package eccodes version: 2.46.3
RETRIEVE,
    STREAM=oper,
    CLASS=od,
    EXPVER=79,
    GRID=N80,
    GAUSSIAN=reduced,
    TYPE=AN,
    DATE=20240404,
    TIME=00:00:00/06:00:00/12:00:00/18:00:00,
    LEVTYPE=SFC,
    PARAM=172.128/31.128/235.128,   #172.128: land sea mask, #31.128:sea ice area fraction, #235.128: Skin temperature
    FILTER="select * where (lat<-45 or lat>45)",
    TARGET=HRES_SIC_TSKIN_N80_20240404_NH_SH.grb


mars - INFO   - 20260617.144419 - Processing request 1

RETRIEVE,
    CLASS      = OD,
    TYPE       = AN,
    STREAM     = OPER,
    EXPVER     = 0079,
    REPRES     = GG,
    LEVTYPE    = SFC,
    PARAM      = 172.128/31.128/235.128,
    DATE       = 20240404,
    TIME       = 0000/0600/1200/1800,
    STEP       = 00,
    DOMAIN     = G,
    TARGET     = HRES_SIC_TSKIN_N80_20240404_NH_SH.grb,
    RESOL      = AUTO,
    FILTER     = "select * where (lat<-45 or lat>45)",
    GRID       = N80

mars - INFO   - 20260617.144419 - Requesting 12 fields
mars - INFO   - 20260617.144419 - FDB home /home/fdbprod
mars - INFO   - 20260617.144419 - Setting SO_SNDBUF to 33554432 (32.00 M)
mars - INFO   - 20260617.144419 - Current value is 8192 (8.00 K)
mars - WARN   - 20260617.144419 - SO_SNDBUF limited by kernel to 212992 (208.00 K)
mars - INFO   - 20260617.144419 - Setting SO_RCVBUF to 33554432 (32.00 M)
mars - INFO   - 20260617.144419 - Current value is 43690 (42.67 K)
mars - WARN   - 20260617.144419 - SO_RCVBUF limited by kernel to 212992 (208.00 K)
mars - INFO   - 20260617.144419 - Calling mars on 'marsod-core', local port is 45961
mars - INFO   - 20260617.144419 - Callback at address 10.100.25.118, port 45961
mars - INFO   - 20260617.144419 - Mars client is on ab3-4085.bullx (10.100.25.118) 45961
mars - INFO   - 20260617.144419 - Mars server is on 10.112.5.10 42447
mars - INFO   - 20260617.144419 - Server task is 4177 [marsod]
mars - INFO   - 20260617.144419 - Request cost: 0 field,  [marsod]
mars - INFO   - 20260617.144419 - The efficiency of your requests in the last 12 hours is 6% [marsod]
mars - WARN   - 20260617.144419 - Please see https://confluence.ecmwf.int/x/rxRtD in order to improve the efficiency of your requests [marsod]
mars - WARN   - 20260617.144419 - Data not found [marsod]
mars - INFO   - 20260617.144419 - Calling mars on 'marsode-core', local port is 43083
mars - INFO   - 20260617.144419 - Callback at address 10.100.25.118, port 43083
mars - INFO   - 20260617.144419 - Mars client is on ab3-4085.bullx (10.100.25.118) 43083
mars - INFO   - 20260617.144419 - Mars server is on 10.112.2.10 51124
mars - INFO   - 20260617.144419 - Server task is 913 [marsode]
mars - INFO   - 20260617.144419 - Request cost: 6 fields, 82.6084 Mbytes on 1 tape, nodes: hpss, libraries: ibmlib02 [marsode]
mars - INFO   - 20260617.144419 - The efficiency of your requests in the last 12 hours is 100% [marsode]
mars - INFO   - 20260617.144425 - Transfering 86621188 bytes
mars - WARN   - 20260617.144426 - Visiting database marsode : expected 12, got 6
mars - INFO   - 20260617.144426 - 6 fields have been interpolated on 'ab3-4085.bullx'
mars - ERROR  - 20260617.144426 - Last error is -43
mars - ERROR  - 20260617.144426 - Expected 12, got 6.
mars - ERROR  - 20260617.144426 - Request failed
mars - INFO   - 20260617.144426 - Request time:  wall: 7 sec 
mars - INFO   - 20260617.144426 -   Processing in marsode: wall: 6 sec 
mars - INFO   - 20260617.144426 -   Visiting marsode: wall: 7 sec 
mars - INFO   - 20260617.144426 -   Read from network: 384.00 Mbyte(s) in < 1 sec [2.93 Gbyte/sec] 
mars - INFO   - 20260617.144426 -   Writing to target file: 459.14 Kbyte(s) in < 1 sec [161.00 Mbyte/sec] 
mars - INFO   - 20260617.144426 - Memory used: 196.02 Mbyte(s)
mars - ERROR  - 20260617.144426 - Some errors reported (last error -1)
2024-04-05 | expID: 79
mars - WARN - 
mars - WARN - 
MIR environment variables:
MIR_CACHE_PATH={FILE?/ec/cache.1}/cache:{FILE?/ec/cache.2}/cache
MIR_LSM_NAMED=1km.climate.v013
Using MARS binary: /usr/local/apps/mars/versions/6.34.4.11/bin/mars.bin
mars - INFO   - 20260617.144426 - Welcome to MARS
mars - INFO   - 20260617.144426 - MARS_HOME=/usr/local/apps/mars/configs/prod
mars - INFO   - 20260617.144426 - MARS Client build stamp: 20260421054856
mars - INFO   - 20260617.144426 - MARS Client bundle version: 6.34.4.11
mars - INFO   - 20260617.144426 - package mars-client version: 6.34.4
mars - INFO   - 20260617.144426 - package mir version: 1.23.9
mars - INFO   - 20260617.144426 - package odc version: 1.6.3
mars - INFO   - 20260617.144426 - package fdb version: 5.21.1
mars - INFO   - 20260617.144426 - package metkit version: 1.18.0
mars - INFO   - 20260617.144426 - package eckit version: 2.0.7
mars - INFO   - 20260617.144426 - package eccodes version: 2.46.3
RETRIEVE,
    STREAM=oper,
    CLASS=od,
    EXPVER=79,
    GRID=N80,
    GAUSSIAN=reduced,
    TYPE=AN,
    DATE=20240405,
    TIME=00:00:00/06:00:00/12:00:00/18:00:00,
    LEVTYPE=SFC,
    PARAM=172.128/31.128/235.128,   #172.128: land sea mask, #31.128:sea ice area fraction, #235.128: Skin temperature
    FILTER="select * where (lat<-45 or lat>45)",
    TARGET=HRES_SIC_TSKIN_N80_20240405_NH_SH.grb


mars - INFO   - 20260617.144426 - Processing request 1

RETRIEVE,
    CLASS      = OD,
    TYPE       = AN,
    STREAM     = OPER,
    EXPVER     = 0079,
    REPRES     = GG,
    LEVTYPE    = SFC,
    PARAM      = 172.128/31.128/235.128,
    DATE       = 20240405,
    TIME       = 0000/0600/1200/1800,
    STEP       = 00,
    DOMAIN     = G,
    TARGET     = HRES_SIC_TSKIN_N80_20240405_NH_SH.grb,
    RESOL      = AUTO,
    FILTER     = "select * where (lat<-45 or lat>45)",
    GRID       = N80

mars - INFO   - 20260617.144426 - Requesting 12 fields
mars - INFO   - 20260617.144426 - FDB home /home/fdbprod
mars - INFO   - 20260617.144426 - Setting SO_SNDBUF to 33554432 (32.00 M)
mars - INFO   - 20260617.144426 - Current value is 8192 (8.00 K)
mars - WARN   - 20260617.144426 - SO_SNDBUF limited by kernel to 212992 (208.00 K)
mars - INFO   - 20260617.144426 - Setting SO_RCVBUF to 33554432 (32.00 M)
mars - INFO   - 20260617.144426 - Current value is 43690 (42.67 K)
mars - WARN   - 20260617.144426 - SO_RCVBUF limited by kernel to 212992 (208.00 K)
mars - INFO   - 20260617.144426 - Calling mars on 'marsod-core', local port is 38973
mars - INFO   - 20260617.144426 - Callback at address 10.100.25.118, port 38973
mars - INFO   - 20260617.144426 - Mars client is on ab3-4085.bullx (10.100.25.118) 38973
mars - INFO   - 20260617.144426 - Mars server is on 10.112.5.10 55689
mars - INFO   - 20260617.144426 - Server task is 1478 [marsod]
mars - INFO   - 20260617.144426 - Request cost: 0 field,  [marsod]
mars - INFO   - 20260617.144426 - The efficiency of your requests in the last 12 hours is 6% [marsod]
mars - WARN   - 20260617.144426 - Please see https://confluence.ecmwf.int/x/rxRtD in order to improve the efficiency of your requests [marsod]
mars - WARN   - 20260617.144426 - Data not found [marsod]
mars - INFO   - 20260617.144427 - Calling mars on 'marsode-core', local port is 34989
mars - INFO   - 20260617.144427 - Callback at address 10.100.25.118, port 34989
mars - INFO   - 20260617.144427 - Mars client is on ab3-4085.bullx (10.100.25.118) 34989
mars - INFO   - 20260617.144427 - Mars server is on 10.112.2.10 35214
mars - INFO   - 20260617.144427 - Server task is 913 [marsode]
mars - INFO   - 20260617.144427 - Request cost: 6 fields, 82.6084 Mbytes on 1 tape, nodes: hpss, libraries: ibmlib02 [marsode]
mars - INFO   - 20260617.144427 - The efficiency of your requests in the last 12 hours is 100% [marsode]
mars - INFO   - 20260617.144432 - Transfering 86621188 bytes
mars - WARN   - 20260617.144432 - Visiting database marsode : expected 12, got 6
mars - INFO   - 20260617.144432 - 6 fields have been interpolated on 'ab3-4085.bullx'
mars - ERROR  - 20260617.144432 - Last error is -43
mars - ERROR  - 20260617.144432 - Expected 12, got 6.
mars - ERROR  - 20260617.144432 - Request failed
mars - INFO   - 20260617.144432 - Request time:  wall: 6 sec 
mars - INFO   - 20260617.144432 -   Processing in marsode: wall: 5 sec 
mars - INFO   - 20260617.144432 -   Visiting marsode: wall: 6 sec 
mars - INFO   - 20260617.144432 -   Read from network: 384.00 Mbyte(s) in < 1 sec [2.98 Gbyte/sec] 
mars - INFO   - 20260617.144432 -   Writing to target file: 459.14 Kbyte(s) in < 1 sec [160.54 Mbyte/sec] 
mars - INFO   - 20260617.144432 - Memory used: 196.16 Mbyte(s)
mars - ERROR  - 20260617.144432 - Some errors reported (last error -1)
2024-04-06 | expID: 79
mars - WARN - 
mars - WARN - 
MIR environment variables:
MIR_CACHE_PATH={FILE?/ec/cache.1}/cache:{FILE?/ec/cache.2}/cache
MIR_LSM_NAMED=1km.climate.v013
Using MARS binary: /usr/local/apps/mars/versions/6.34.4.11/bin/mars.bin
mars - INFO   - 20260617.144433 - Welcome to MARS
mars - INFO   - 20260617.144433 - MARS_HOME=/usr/local/apps/mars/configs/prod
mars - INFO   - 20260617.144433 - MARS Client build stamp: 20260421054856
mars - INFO   - 20260617.144433 - MARS Client bundle version: 6.34.4.11
mars - INFO   - 20260617.144433 - package mars-client version: 6.34.4
mars - INFO   - 20260617.144433 - package mir version: 1.23.9
mars - INFO   - 20260617.144433 - package odc version: 1.6.3
mars - INFO   - 20260617.144433 - package fdb version: 5.21.1
mars - INFO   - 20260617.144433 - package metkit version: 1.18.0
mars - INFO   - 20260617.144433 - package eckit version: 2.0.7
mars - INFO   - 20260617.144433 - package eccodes version: 2.46.3
RETRIEVE,
    STREAM=oper,
    CLASS=od,
    EXPVER=79,
    GRID=N80,
    GAUSSIAN=reduced,
    TYPE=AN,
    DATE=20240406,
    TIME=00:00:00/06:00:00/12:00:00/18:00:00,
    LEVTYPE=SFC,
    PARAM=172.128/31.128/235.128,   #172.128: land sea mask, #31.128:sea ice area fraction, #235.128: Skin temperature
    FILTER="select * where (lat<-45 or lat>45)",
    TARGET=HRES_SIC_TSKIN_N80_20240406_NH_SH.grb


mars - INFO   - 20260617.144433 - Processing request 1

RETRIEVE,
    CLASS      = OD,
    TYPE       = AN,
    STREAM     = OPER,
    EXPVER     = 0079,
    REPRES     = GG,
    LEVTYPE    = SFC,
    PARAM      = 172.128/31.128/235.128,
    DATE       = 20240406,
    TIME       = 0000/0600/1200/1800,
    STEP       = 00,
    DOMAIN     = G,
    TARGET     = HRES_SIC_TSKIN_N80_20240406_NH_SH.grb,
    RESOL      = AUTO,
    FILTER     = "select * where (lat<-45 or lat>45)",
    GRID       = N80

mars - INFO   - 20260617.144433 - Requesting 12 fields
mars - INFO   - 20260617.144433 - FDB home /home/fdbprod
mars - INFO   - 20260617.144433 - Setting SO_SNDBUF to 33554432 (32.00 M)
mars - INFO   - 20260617.144433 - Current value is 8192 (8.00 K)
mars - WARN   - 20260617.144433 - SO_SNDBUF limited by kernel to 212992 (208.00 K)
mars - INFO   - 20260617.144433 - Setting SO_RCVBUF to 33554432 (32.00 M)
mars - INFO   - 20260617.144433 - Current value is 43690 (42.67 K)
mars - WARN   - 20260617.144433 - SO_RCVBUF limited by kernel to 212992 (208.00 K)
mars - INFO   - 20260617.144433 - Calling mars on 'marsod-core', local port is 42719
mars - INFO   - 20260617.144433 - Callback at address 10.100.25.118, port 42719
mars - INFO   - 20260617.144433 - Mars client is on ab3-4085.bullx (10.100.25.118) 42719
mars - INFO   - 20260617.144433 - Mars server is on 10.112.5.10 49048
mars - INFO   - 20260617.144433 - Server task is 7261 [marsod]
mars - INFO   - 20260617.144433 - Request cost: 0 field,  [marsod]
mars - INFO   - 20260617.144433 - The efficiency of your requests in the last 12 hours is 6% [marsod]
mars - WARN   - 20260617.144433 - Please see https://confluence.ecmwf.int/x/rxRtD in order to improve the efficiency of your requests [marsod]
mars - WARN   - 20260617.144433 - Data not found [marsod]
mars - INFO   - 20260617.144433 - Calling mars on 'marsode-core', local port is 50347
mars - INFO   - 20260617.144433 - Callback at address 10.100.25.118, port 50347
mars - INFO   - 20260617.144433 - Mars client is on ab3-4085.bullx (10.100.25.118) 50347
mars - INFO   - 20260617.144433 - Mars server is on 10.112.2.10 45521
mars - INFO   - 20260617.144433 - Server task is 913 [marsode]
mars - INFO   - 20260617.144433 - Request cost: 6 fields, 82.6084 Mbytes on 1 tape, nodes: hpss, libraries: ibmlib02 [marsode]
mars - INFO   - 20260617.144433 - The efficiency of your requests in the last 12 hours is 100% [marsode]
mars - INFO   - 20260617.144439 - Transfering 86621188 bytes
mars - WARN   - 20260617.144439 - Visiting database marsode : expected 12, got 6
mars - INFO   - 20260617.144439 - 6 fields have been interpolated on 'ab3-4085.bullx'
mars - ERROR  - 20260617.144439 - Last error is -43
mars - ERROR  - 20260617.144439 - Expected 12, got 6.
mars - ERROR  - 20260617.144439 - Request failed
mars - INFO   - 20260617.144439 - Request time:  wall: 7 sec 
mars - INFO   - 20260617.144439 -   Processing in marsode: wall: 6 sec 
mars - INFO   - 20260617.144439 -   Visiting marsode: wall: 6 sec 
mars - INFO   - 20260617.144439 -   Read from network: 384.00 Mbyte(s) in < 1 sec [1.73 Gbyte/sec] 
mars - INFO   - 20260617.144439 -   Writing to target file: 459.14 Kbyte(s) in < 1 sec [161.58 Mbyte/sec] 
mars - INFO   - 20260617.144439 - Memory used: 195.88 Mbyte(s)
mars - ERROR  - 20260617.144439 - Some errors reported (last error -1)
2024-04-07 | expID: 79
mars - WARN - 
mars - WARN - 
MIR environment variables:
MIR_CACHE_PATH={FILE?/ec/cache.1}/cache:{FILE?/ec/cache.2}/cache
MIR_LSM_NAMED=1km.climate.v013
Using MARS binary: /usr/local/apps/mars/versions/6.34.4.11/bin/mars.bin
mars - INFO   - 20260617.144440 - Welcome to MARS
mars - INFO   - 20260617.144440 - MARS_HOME=/usr/local/apps/mars/configs/prod
mars - INFO   - 20260617.144440 - MARS Client build stamp: 20260421054856
mars - INFO   - 20260617.144440 - MARS Client bundle version: 6.34.4.11
mars - INFO   - 20260617.144440 - package mars-client version: 6.34.4
mars - INFO   - 20260617.144440 - package mir version: 1.23.9
mars - INFO   - 20260617.144440 - package odc version: 1.6.3
mars - INFO   - 20260617.144440 - package fdb version: 5.21.1
mars - INFO   - 20260617.144440 - package metkit version: 1.18.0
mars - INFO   - 20260617.144440 - package eckit version: 2.0.7
mars - INFO   - 20260617.144440 - package eccodes version: 2.46.3
RETRIEVE,
    STREAM=oper,
    CLASS=od,
    EXPVER=79,
    GRID=N80,
    GAUSSIAN=reduced,
    TYPE=AN,
    DATE=20240407,
    TIME=00:00:00/06:00:00/12:00:00/18:00:00,
    LEVTYPE=SFC,
    PARAM=172.128/31.128/235.128,   #172.128: land sea mask, #31.128:sea ice area fraction, #235.128: Skin temperature
    FILTER="select * where (lat<-45 or lat>45)",
    TARGET=HRES_SIC_TSKIN_N80_20240407_NH_SH.grb


mars - INFO   - 20260617.144440 - Processing request 1

RETRIEVE,
    CLASS      = OD,
    TYPE       = AN,
    STREAM     = OPER,
    EXPVER     = 0079,
    REPRES     = GG,
    LEVTYPE    = SFC,
    PARAM      = 172.128/31.128/235.128,
    DATE       = 20240407,
    TIME       = 0000/0600/1200/1800,
    STEP       = 00,
    DOMAIN     = G,
    TARGET     = HRES_SIC_TSKIN_N80_20240407_NH_SH.grb,
    RESOL      = AUTO,
    FILTER     = "select * where (lat<-45 or lat>45)",
    GRID       = N80

mars - INFO   - 20260617.144440 - Requesting 12 fields
mars - INFO   - 20260617.144440 - FDB home /home/fdbprod
mars - INFO   - 20260617.144440 - Setting SO_SNDBUF to 33554432 (32.00 M)
mars - INFO   - 20260617.144440 - Current value is 8192 (8.00 K)
mars - WARN   - 20260617.144440 - SO_SNDBUF limited by kernel to 212992 (208.00 K)
mars - INFO   - 20260617.144440 - Setting SO_RCVBUF to 33554432 (32.00 M)
mars - INFO   - 20260617.144440 - Current value is 43690 (42.67 K)
mars - WARN   - 20260617.144440 - SO_RCVBUF limited by kernel to 212992 (208.00 K)
mars - INFO   - 20260617.144440 - Calling mars on 'marsod-core', local port is 39257
mars - INFO   - 20260617.144440 - Callback at address 10.100.25.118, port 39257
mars - INFO   - 20260617.144440 - Mars client is on ab3-4085.bullx (10.100.25.118) 39257
mars - INFO   - 20260617.144440 - Mars server is on 10.112.5.10 57186
mars - INFO   - 20260617.144440 - Server task is 5626 [marsod]
mars - INFO   - 20260617.144440 - Request cost: 0 field,  [marsod]
mars - INFO   - 20260617.144440 - The efficiency of your requests in the last 12 hours is 6% [marsod]
mars - WARN   - 20260617.144440 - Please see https://confluence.ecmwf.int/x/rxRtD in order to improve the efficiency of your requests [marsod]
mars - WARN   - 20260617.144440 - Data not found [marsod]
mars - INFO   - 20260617.144440 - Calling mars on 'marsode-core', local port is 46429
mars - INFO   - 20260617.144440 - Callback at address 10.100.25.118, port 46429
mars - INFO   - 20260617.144440 - Mars client is on ab3-4085.bullx (10.100.25.118) 46429
mars - INFO   - 20260617.144440 - Mars server is on 10.112.2.10 40640
mars - INFO   - 20260617.144440 - Server task is 913 [marsode]
mars - INFO   - 20260617.144440 - Request cost: 6 fields, 82.6084 Mbytes on 1 tape, nodes: hpss, libraries: ibmlib02 [marsode]
mars - INFO   - 20260617.144440 - The efficiency of your requests in the last 12 hours is 100% [marsode]
mars - INFO   - 20260617.144445 - Transfering 86621188 bytes
mars - WARN   - 20260617.144446 - Visiting database marsode : expected 12, got 6
mars - INFO   - 20260617.144446 - 6 fields have been interpolated on 'ab3-4085.bullx'
mars - ERROR  - 20260617.144446 - Last error is -43
mars - ERROR  - 20260617.144446 - Expected 12, got 6.
mars - ERROR  - 20260617.144446 - Request failed
mars - INFO   - 20260617.144446 - Request time:  wall: 6 sec 
mars - INFO   - 20260617.144446 -   Processing in marsode: wall: 5 sec 
mars - INFO   - 20260617.144446 -   Visiting marsode: wall: 6 sec 
mars - INFO   - 20260617.144446 -   Read from network: 384.00 Mbyte(s) in < 1 sec [2.93 Gbyte/sec] 
mars - INFO   - 20260617.144446 -   Writing to target file: 459.14 Kbyte(s) in < 1 sec [158.89 Mbyte/sec] 
mars - INFO   - 20260617.144446 - Memory used: 196.01 Mbyte(s)
mars - ERROR  - 20260617.144446 - Some errors reported (last error -1)
2024-04-08 | expID: 79
mars - WARN - 
mars - WARN - 
MIR environment variables:
MIR_CACHE_PATH={FILE?/ec/cache.1}/cache:{FILE?/ec/cache.2}/cache
MIR_LSM_NAMED=1km.climate.v013
Using MARS binary: /usr/local/apps/mars/versions/6.34.4.11/bin/mars.bin
mars - INFO   - 20260617.144446 - Welcome to MARS
mars - INFO   - 20260617.144446 - MARS_HOME=/usr/local/apps/mars/configs/prod
mars - INFO   - 20260617.144446 - MARS Client build stamp: 20260421054856
mars - INFO   - 20260617.144446 - MARS Client bundle version: 6.34.4.11
mars - INFO   - 20260617.144446 - package mars-client version: 6.34.4
mars - INFO   - 20260617.144446 - package mir version: 1.23.9
mars - INFO   - 20260617.144446 - package odc version: 1.6.3
mars - INFO   - 20260617.144446 - package fdb version: 5.21.1
mars - INFO   - 20260617.144446 - package metkit version: 1.18.0
mars - INFO   - 20260617.144446 - package eckit version: 2.0.7
mars - INFO   - 20260617.144446 - package eccodes version: 2.46.3
RETRIEVE,
    STREAM=oper,
    CLASS=od,
    EXPVER=79,
    GRID=N80,
    GAUSSIAN=reduced,
    TYPE=AN,
    DATE=20240408,
    TIME=00:00:00/06:00:00/12:00:00/18:00:00,
    LEVTYPE=SFC,
    PARAM=172.128/31.128/235.128,   #172.128: land sea mask, #31.128:sea ice area fraction, #235.128: Skin temperature
    FILTER="select * where (lat<-45 or lat>45)",
    TARGET=HRES_SIC_TSKIN_N80_20240408_NH_SH.grb


mars - INFO   - 20260617.144446 - Processing request 1

RETRIEVE,
    CLASS      = OD,
    TYPE       = AN,
    STREAM     = OPER,
    EXPVER     = 0079,
    REPRES     = GG,
    LEVTYPE    = SFC,
    PARAM      = 172.128/31.128/235.128,
    DATE       = 20240408,
    TIME       = 0000/0600/1200/1800,
    STEP       = 00,
    DOMAIN     = G,
    TARGET     = HRES_SIC_TSKIN_N80_20240408_NH_SH.grb,
    RESOL      = AUTO,
    FILTER     = "select * where (lat<-45 or lat>45)",
    GRID       = N80

mars - INFO   - 20260617.144446 - Requesting 12 fields
mars - INFO   - 20260617.144446 - FDB home /home/fdbprod
mars - INFO   - 20260617.144446 - Setting SO_SNDBUF to 33554432 (32.00 M)
mars - INFO   - 20260617.144446 - Current value is 8192 (8.00 K)
mars - WARN   - 20260617.144446 - SO_SNDBUF limited by kernel to 212992 (208.00 K)
mars - INFO   - 20260617.144446 - Setting SO_RCVBUF to 33554432 (32.00 M)
mars - INFO   - 20260617.144446 - Current value is 43690 (42.67 K)
mars - WARN   - 20260617.144446 - SO_RCVBUF limited by kernel to 212992 (208.00 K)
mars - INFO   - 20260617.144446 - Calling mars on 'marsod-core', local port is 54011
mars - INFO   - 20260617.144446 - Callback at address 10.100.25.118, port 54011
mars - INFO   - 20260617.144446 - Mars client is on ab3-4085.bullx (10.100.25.118) 54011
mars - INFO   - 20260617.144446 - Mars server is on 10.112.5.10 52913
mars - INFO   - 20260617.144446 - Server task is 7261 [marsod]
mars - INFO   - 20260617.144446 - Request cost: 0 field,  [marsod]
mars - INFO   - 20260617.144446 - The efficiency of your requests in the last 12 hours is 6% [marsod]
mars - WARN   - 20260617.144446 - Please see https://confluence.ecmwf.int/x/rxRtD in order to improve the efficiency of your requests [marsod]
mars - WARN   - 20260617.144446 - Data not found [marsod]
mars - INFO   - 20260617.144446 - Calling mars on 'marsode-core', local port is 53867
mars - INFO   - 20260617.144446 - Callback at address 10.100.25.118, port 53867
mars - INFO   - 20260617.144446 - Mars client is on ab3-4085.bullx (10.100.25.118) 53867
mars - INFO   - 20260617.144446 - Mars server is on 10.112.2.10 45941
mars - INFO   - 20260617.144446 - Server task is 913 [marsode]
mars - INFO   - 20260617.144446 - Request cost: 6 fields, 82.6084 Mbytes on 1 tape, nodes: hpss, libraries: ibmlib02 [marsode]
mars - INFO   - 20260617.144446 - The efficiency of your requests in the last 12 hours is 100% [marsode]
mars - INFO   - 20260617.144452 - Transfering 86621188 bytes
mars - WARN   - 20260617.144453 - Visiting database marsode : expected 12, got 6
mars - INFO   - 20260617.144453 - 6 fields have been interpolated on 'ab3-4085.bullx'
mars - ERROR  - 20260617.144453 - Last error is -43
mars - ERROR  - 20260617.144453 - Expected 12, got 6.
mars - ERROR  - 20260617.144453 - Request failed
mars - INFO   - 20260617.144453 - Request time:  wall: 7 sec 
mars - INFO   - 20260617.144453 -   Processing in marsode: wall: 6 sec 
mars - INFO   - 20260617.144453 -   Visiting marsode: wall: 7 sec 
mars - INFO   - 20260617.144453 -   Read from network: 384.00 Mbyte(s) in < 1 sec [1.83 Gbyte/sec] 
mars - INFO   - 20260617.144453 -   Writing to target file: 459.14 Kbyte(s) in < 1 sec [161.87 Mbyte/sec] 
mars - INFO   - 20260617.144453 - Memory used: 195.73 Mbyte(s)
mars - ERROR  - 20260617.144453 - Some errors reported (last error -1)
2024-04-09 | expID: 79
mars - WARN - 
mars - WARN - 
MIR environment variables:
MIR_CACHE_PATH={FILE?/ec/cache.1}/cache:{FILE?/ec/cache.2}/cache
MIR_LSM_NAMED=1km.climate.v013
Using MARS binary: /usr/local/apps/mars/versions/6.34.4.11/bin/mars.bin
mars - INFO   - 20260617.144453 - Welcome to MARS
mars - INFO   - 20260617.144453 - MARS_HOME=/usr/local/apps/mars/configs/prod
mars - INFO   - 20260617.144453 - MARS Client build stamp: 20260421054856
mars - INFO   - 20260617.144453 - MARS Client bundle version: 6.34.4.11
mars - INFO   - 20260617.144453 - package mars-client version: 6.34.4
mars - INFO   - 20260617.144453 - package mir version: 1.23.9
mars - INFO   - 20260617.144453 - package odc version: 1.6.3
mars - INFO   - 20260617.144453 - package fdb version: 5.21.1
mars - INFO   - 20260617.144453 - package metkit version: 1.18.0
mars - INFO   - 20260617.144453 - package eckit version: 2.0.7
mars - INFO   - 20260617.144453 - package eccodes version: 2.46.3
RETRIEVE,
    STREAM=oper,
    CLASS=od,
    EXPVER=79,
    GRID=N80,
    GAUSSIAN=reduced,
    TYPE=AN,
    DATE=20240409,
    TIME=00:00:00/06:00:00/12:00:00/18:00:00,
    LEVTYPE=SFC,
    PARAM=172.128/31.128/235.128,   #172.128: land sea mask, #31.128:sea ice area fraction, #235.128: Skin temperature
    FILTER="select * where (lat<-45 or lat>45)",
    TARGET=HRES_SIC_TSKIN_N80_20240409_NH_SH.grb


mars - INFO   - 20260617.144453 - Processing request 1

RETRIEVE,
    CLASS      = OD,
    TYPE       = AN,
    STREAM     = OPER,
    EXPVER     = 0079,
    REPRES     = GG,
    LEVTYPE    = SFC,
    PARAM      = 172.128/31.128/235.128,
    DATE       = 20240409,
    TIME       = 0000/0600/1200/1800,
    STEP       = 00,
    DOMAIN     = G,
    TARGET     = HRES_SIC_TSKIN_N80_20240409_NH_SH.grb,
    RESOL      = AUTO,
    FILTER     = "select * where (lat<-45 or lat>45)",
    GRID       = N80

mars - INFO   - 20260617.144454 - Requesting 12 fields
mars - INFO   - 20260617.144454 - FDB home /home/fdbprod
mars - INFO   - 20260617.144454 - Setting SO_SNDBUF to 33554432 (32.00 M)
mars - INFO   - 20260617.144454 - Current value is 8192 (8.00 K)
mars - WARN   - 20260617.144454 - SO_SNDBUF limited by kernel to 212992 (208.00 K)
mars - INFO   - 20260617.144454 - Setting SO_RCVBUF to 33554432 (32.00 M)
mars - INFO   - 20260617.144454 - Current value is 43690 (42.67 K)
mars - WARN   - 20260617.144454 - SO_RCVBUF limited by kernel to 212992 (208.00 K)
mars - INFO   - 20260617.144454 - Calling mars on 'marsod-core', local port is 53749
mars - INFO   - 20260617.144454 - Callback at address 10.100.25.118, port 53749
mars - INFO   - 20260617.144454 - Mars client is on ab3-4085.bullx (10.100.25.118) 53749
mars - INFO   - 20260617.144454 - Mars server is on 10.112.5.10 59571
mars - INFO   - 20260617.144454 - Server task is 7923 [marsod]
mars - INFO   - 20260617.144454 - Request cost: 0 field,  [marsod]
mars - INFO   - 20260617.144454 - The efficiency of your requests in the last 12 hours is 6% [marsod]
mars - WARN   - 20260617.144454 - Please see https://confluence.ecmwf.int/x/rxRtD in order to improve the efficiency of your requests [marsod]
mars - WARN   - 20260617.144454 - Data not found [marsod]
mars - INFO   - 20260617.144454 - Calling mars on 'marsode-core', local port is 60045
mars - INFO   - 20260617.144454 - Callback at address 10.100.25.118, port 60045
mars - INFO   - 20260617.144454 - Mars client is on ab3-4085.bullx (10.100.25.118) 60045
mars - INFO   - 20260617.144454 - Mars server is on 10.112.2.10 42129
mars - INFO   - 20260617.144454 - Server task is 233 [marsode]
mars - INFO   - 20260617.144454 - Request cost: 6 fields, 82.6084 Mbytes on 1 tape, nodes: hpss, libraries: ibmlib02 [marsode]
mars - INFO   - 20260617.144454 - The efficiency of your requests in the last 12 hours is 100% [marsode]
mars - INFO   - 20260617.144459 - Transfering 86621188 bytes
mars - WARN   - 20260617.144459 - Visiting database marsode : expected 12, got 6
mars - INFO   - 20260617.144459 - 6 fields have been interpolated on 'ab3-4085.bullx'
mars - ERROR  - 20260617.144459 - Last error is -43
mars - ERROR  - 20260617.144459 - Expected 12, got 6.
mars - ERROR  - 20260617.144459 - Request failed
mars - INFO   - 20260617.144459 - Request time:  wall: 6 sec 
mars - INFO   - 20260617.144459 -   Processing in marsode: wall: 5 sec 
mars - INFO   - 20260617.144459 -   Visiting marsode: wall: 6 sec 
mars - INFO   - 20260617.144459 -   Read from network: 384.00 Mbyte(s) in < 1 sec [2.80 Gbyte/sec] 
mars - INFO   - 20260617.144459 -   Writing to target file: 459.14 Kbyte(s) in < 1 sec [157.82 Mbyte/sec] 
mars - INFO   - 20260617.144459 - Memory used: 195.93 Mbyte(s)
mars - ERROR  - 20260617.144459 - Some errors reported (last error -1)
2024-04-10 | expID: 79
mars - WARN - 
mars - WARN - 
MIR environment variables:
MIR_CACHE_PATH={FILE?/ec/cache.1}/cache:{FILE?/ec/cache.2}/cache
MIR_LSM_NAMED=1km.climate.v013
Using MARS binary: /usr/local/apps/mars/versions/6.34.4.11/bin/mars.bin
mars - INFO   - 20260617.144500 - Welcome to MARS
mars - INFO   - 20260617.144500 - MARS_HOME=/usr/local/apps/mars/configs/prod
mars - INFO   - 20260617.144500 - MARS Client build stamp: 20260421054856
mars - INFO   - 20260617.144500 - MARS Client bundle version: 6.34.4.11
mars - INFO   - 20260617.144500 - package mars-client version: 6.34.4
mars - INFO   - 20260617.144500 - package mir version: 1.23.9
mars - INFO   - 20260617.144500 - package odc version: 1.6.3
mars - INFO   - 20260617.144500 - package fdb version: 5.21.1
mars - INFO   - 20260617.144500 - package metkit version: 1.18.0
mars - INFO   - 20260617.144500 - package eckit version: 2.0.7
mars - INFO   - 20260617.144500 - package eccodes version: 2.46.3
RETRIEVE,
    STREAM=oper,
    CLASS=od,
    EXPVER=79,
    GRID=N80,
    GAUSSIAN=reduced,
    TYPE=AN,
    DATE=20240410,
    TIME=00:00:00/06:00:00/12:00:00/18:00:00,
    LEVTYPE=SFC,
    PARAM=172.128/31.128/235.128,   #172.128: land sea mask, #31.128:sea ice area fraction, #235.128: Skin temperature
    FILTER="select * where (lat<-45 or lat>45)",
    TARGET=HRES_SIC_TSKIN_N80_20240410_NH_SH.grb


mars - INFO   - 20260617.144500 - Processing request 1

RETRIEVE,
    CLASS      = OD,
    TYPE       = AN,
    STREAM     = OPER,
    EXPVER     = 0079,
    REPRES     = GG,
    LEVTYPE    = SFC,
    PARAM      = 172.128/31.128/235.128,
    DATE       = 20240410,
    TIME       = 0000/0600/1200/1800,
    STEP       = 00,
    DOMAIN     = G,
    TARGET     = HRES_SIC_TSKIN_N80_20240410_NH_SH.grb,
    RESOL      = AUTO,
    FILTER     = "select * where (lat<-45 or lat>45)",
    GRID       = N80

mars - INFO   - 20260617.144500 - Requesting 12 fields
mars - INFO   - 20260617.144500 - FDB home /home/fdbprod
mars - INFO   - 20260617.144500 - Setting SO_SNDBUF to 33554432 (32.00 M)
mars - INFO   - 20260617.144500 - Current value is 8192 (8.00 K)
mars - WARN   - 20260617.144500 - SO_SNDBUF limited by kernel to 212992 (208.00 K)
mars - INFO   - 20260617.144500 - Setting SO_RCVBUF to 33554432 (32.00 M)
mars - INFO   - 20260617.144500 - Current value is 43690 (42.67 K)
mars - WARN   - 20260617.144500 - SO_RCVBUF limited by kernel to 212992 (208.00 K)
mars - INFO   - 20260617.144500 - Calling mars on 'marsod-core', local port is 34615
mars - INFO   - 20260617.144500 - Callback at address 10.100.25.118, port 34615
mars - INFO   - 20260617.144500 - Mars client is on ab3-4085.bullx (10.100.25.118) 34615
mars - INFO   - 20260617.144500 - Mars server is on 10.112.5.10 38717
mars - INFO   - 20260617.144500 - Server task is 2036 [marsod]
mars - INFO   - 20260617.144500 - Request cost: 0 field,  [marsod]
mars - INFO   - 20260617.144500 - The efficiency of your requests in the last 12 hours is 6% [marsod]
mars - WARN   - 20260617.144500 - Please see https://confluence.ecmwf.int/x/rxRtD in order to improve the efficiency of your requests [marsod]
mars - WARN   - 20260617.144500 - Data not found [marsod]
mars - INFO   - 20260617.144500 - Calling mars on 'marsode-core', local port is 54881
mars - INFO   - 20260617.144500 - Callback at address 10.100.25.118, port 54881
mars - INFO   - 20260617.144500 - Mars client is on ab3-4085.bullx (10.100.25.118) 54881
mars - INFO   - 20260617.144500 - Mars server is on 10.112.2.10 56019
mars - INFO   - 20260617.144500 - Server task is 233 [marsode]
mars - INFO   - 20260617.144500 - Request cost: 6 fields, 82.6084 Mbytes on 1 tape, nodes: hpss, libraries: ibmlib02 [marsode]
mars - INFO   - 20260617.144500 - The efficiency of your requests in the last 12 hours is 100% [marsode]
mars - INFO   - 20260617.144507 - Transfering 86621188 bytes
mars - WARN   - 20260617.144507 - Visiting database marsode : expected 12, got 6
mars - INFO   - 20260617.144507 - 6 fields have been interpolated on 'ab3-4085.bullx'
mars - ERROR  - 20260617.144507 - Last error is -43
mars - ERROR  - 20260617.144507 - Expected 12, got 6.
mars - ERROR  - 20260617.144507 - Request failed
mars - INFO   - 20260617.144507 - Request time:  wall: 7 sec 
mars - INFO   - 20260617.144507 -   Processing in marsode: wall: 7 sec 
mars - INFO   - 20260617.144507 -   Visiting marsode: wall: 7 sec 
mars - INFO   - 20260617.144507 -   Read from network: 384.00 Mbyte(s) in < 1 sec [1.95 Gbyte/sec] 
mars - INFO   - 20260617.144507 -   Writing to target file: 459.14 Kbyte(s) in < 1 sec [169.26 Mbyte/sec] 
mars - INFO   - 20260617.144507 - Memory used: 195.77 Mbyte(s)
mars - ERROR  - 20260617.144507 - Some errors reported (last error -1)
2024-04-11 | expID: 79
mars - WARN - 
mars - WARN - 
MIR environment variables:
MIR_CACHE_PATH={FILE?/ec/cache.1}/cache:{FILE?/ec/cache.2}/cache
MIR_LSM_NAMED=1km.climate.v013
Using MARS binary: /usr/local/apps/mars/versions/6.34.4.11/bin/mars.bin
mars - INFO   - 20260617.144508 - Welcome to MARS
mars - INFO   - 20260617.144508 - MARS_HOME=/usr/local/apps/mars/configs/prod
mars - INFO   - 20260617.144508 - MARS Client build stamp: 20260421054856
mars - INFO   - 20260617.144508 - MARS Client bundle version: 6.34.4.11
mars - INFO   - 20260617.144508 - package mars-client version: 6.34.4
mars - INFO   - 20260617.144508 - package mir version: 1.23.9
mars - INFO   - 20260617.144508 - package odc version: 1.6.3
mars - INFO   - 20260617.144508 - package fdb version: 5.21.1
mars - INFO   - 20260617.144508 - package metkit version: 1.18.0
mars - INFO   - 20260617.144508 - package eckit version: 2.0.7
mars - INFO   - 20260617.144508 - package eccodes version: 2.46.3
RETRIEVE,
    STREAM=oper,
    CLASS=od,
    EXPVER=79,
    GRID=N80,
    GAUSSIAN=reduced,
    TYPE=AN,
    DATE=20240411,
    TIME=00:00:00/06:00:00/12:00:00/18:00:00,
    LEVTYPE=SFC,
    PARAM=172.128/31.128/235.128,   #172.128: land sea mask, #31.128:sea ice area fraction, #235.128: Skin temperature
    FILTER="select * where (lat<-45 or lat>45)",
    TARGET=HRES_SIC_TSKIN_N80_20240411_NH_SH.grb


mars - INFO   - 20260617.144508 - Processing request 1

RETRIEVE,
    CLASS      = OD,
    TYPE       = AN,
    STREAM     = OPER,
    EXPVER     = 0079,
    REPRES     = GG,
    LEVTYPE    = SFC,
    PARAM      = 172.128/31.128/235.128,
    DATE       = 20240411,
    TIME       = 0000/0600/1200/1800,
    STEP       = 00,
    DOMAIN     = G,
    TARGET     = HRES_SIC_TSKIN_N80_20240411_NH_SH.grb,
    RESOL      = AUTO,
    FILTER     = "select * where (lat<-45 or lat>45)",
    GRID       = N80

mars - INFO   - 20260617.144508 - Requesting 12 fields
mars - INFO   - 20260617.144508 - FDB home /home/fdbprod
mars - INFO   - 20260617.144508 - Setting SO_SNDBUF to 33554432 (32.00 M)
mars - INFO   - 20260617.144508 - Current value is 8192 (8.00 K)
mars - WARN   - 20260617.144508 - SO_SNDBUF limited by kernel to 212992 (208.00 K)
mars - INFO   - 20260617.144508 - Setting SO_RCVBUF to 33554432 (32.00 M)
mars - INFO   - 20260617.144508 - Current value is 43690 (42.67 K)
mars - WARN   - 20260617.144508 - SO_RCVBUF limited by kernel to 212992 (208.00 K)
mars - INFO   - 20260617.144508 - Calling mars on 'marsod-core', local port is 36789
mars - INFO   - 20260617.144508 - Callback at address 10.100.25.118, port 36789
mars - INFO   - 20260617.144508 - Mars client is on ab3-4085.bullx (10.100.25.118) 36789
mars - INFO   - 20260617.144508 - Mars server is on 10.112.5.10 45781
mars - INFO   - 20260617.144508 - Server task is 5050 [marsod]
mars - INFO   - 20260617.144508 - Request cost: 0 field,  [marsod]
mars - INFO   - 20260617.144508 - The efficiency of your requests in the last 12 hours is 6% [marsod]
mars - WARN   - 20260617.144508 - Please see https://confluence.ecmwf.int/x/rxRtD in order to improve the efficiency of your requests [marsod]
mars - WARN   - 20260617.144508 - Data not found [marsod]
mars - INFO   - 20260617.144508 - Calling mars on 'marsode-core', local port is 47877
mars - INFO   - 20260617.144508 - Callback at address 10.100.25.118, port 47877
mars - INFO   - 20260617.144508 - Mars client is on ab3-4085.bullx (10.100.25.118) 47877
mars - INFO   - 20260617.144508 - Mars server is on 10.112.2.10 49676
mars - INFO   - 20260617.144508 - Server task is 233 [marsode]
mars - INFO   - 20260617.144508 - Request cost: 6 fields, 82.6084 Mbytes on 1 tape, nodes: hpss, libraries: ibmlib02 [marsode]
mars - INFO   - 20260617.144508 - The efficiency of your requests in the last 12 hours is 100% [marsode]
mars - INFO   - 20260617.144513 - Transfering 86621188 bytes
mars - WARN   - 20260617.144514 - Visiting database marsode : expected 12, got 6
mars - INFO   - 20260617.144514 - 6 fields have been interpolated on 'ab3-4085.bullx'
mars - ERROR  - 20260617.144514 - Last error is -43
mars - ERROR  - 20260617.144514 - Expected 12, got 6.
mars - ERROR  - 20260617.144514 - Request failed
mars - INFO   - 20260617.144514 - Request time:  wall: 6 sec 
mars - INFO   - 20260617.144514 -   Processing in marsode: wall: 5 sec 
mars - INFO   - 20260617.144514 -   Visiting marsode: wall: 6 sec 
mars - INFO   - 20260617.144514 -   Read from network: 384.00 Mbyte(s) in < 1 sec [1.78 Gbyte/sec] 
mars - INFO   - 20260617.144514 -   Writing to target file: 459.14 Kbyte(s) in < 1 sec [158.05 Mbyte/sec] 
mars - INFO   - 20260617.144514 - Memory used: 196.04 Mbyte(s)
mars - ERROR  - 20260617.144514 - Some errors reported (last error -1)
2024-04-12 | expID: 79
mars - WARN - 
mars - WARN - 
MIR environment variables:
MIR_CACHE_PATH={FILE?/ec/cache.1}/cache:{FILE?/ec/cache.2}/cache
MIR_LSM_NAMED=1km.climate.v013
Using MARS binary: /usr/local/apps/mars/versions/6.34.4.11/bin/mars.bin
mars - INFO   - 20260617.144514 - Welcome to MARS
mars - INFO   - 20260617.144514 - MARS_HOME=/usr/local/apps/mars/configs/prod
mars - INFO   - 20260617.144514 - MARS Client build stamp: 20260421054856
mars - INFO   - 20260617.144514 - MARS Client bundle version: 6.34.4.11
mars - INFO   - 20260617.144514 - package mars-client version: 6.34.4
mars - INFO   - 20260617.144514 - package mir version: 1.23.9
mars - INFO   - 20260617.144514 - package odc version: 1.6.3
mars - INFO   - 20260617.144514 - package fdb version: 5.21.1
mars - INFO   - 20260617.144514 - package metkit version: 1.18.0
mars - INFO   - 20260617.144514 - package eckit version: 2.0.7
mars - INFO   - 20260617.144514 - package eccodes version: 2.46.3
RETRIEVE,
    STREAM=oper,
    CLASS=od,
    EXPVER=79,
    GRID=N80,
    GAUSSIAN=reduced,
    TYPE=AN,
    DATE=20240412,
    TIME=00:00:00/06:00:00/12:00:00/18:00:00,
    LEVTYPE=SFC,
    PARAM=172.128/31.128/235.128,   #172.128: land sea mask, #31.128:sea ice area fraction, #235.128: Skin temperature
    FILTER="select * where (lat<-45 or lat>45)",
    TARGET=HRES_SIC_TSKIN_N80_20240412_NH_SH.grb


mars - INFO   - 20260617.144514 - Processing request 1

RETRIEVE,
    CLASS      = OD,
    TYPE       = AN,
    STREAM     = OPER,
    EXPVER     = 0079,
    REPRES     = GG,
    LEVTYPE    = SFC,
    PARAM      = 172.128/31.128/235.128,
    DATE       = 20240412,
    TIME       = 0000/0600/1200/1800,
    STEP       = 00,
    DOMAIN     = G,
    TARGET     = HRES_SIC_TSKIN_N80_20240412_NH_SH.grb,
    RESOL      = AUTO,
    FILTER     = "select * where (lat<-45 or lat>45)",
    GRID       = N80

mars - INFO   - 20260617.144514 - Requesting 12 fields
mars - INFO   - 20260617.144514 - FDB home /home/fdbprod
mars - INFO   - 20260617.144514 - Setting SO_SNDBUF to 33554432 (32.00 M)
mars - INFO   - 20260617.144514 - Current value is 8192 (8.00 K)
mars - WARN   - 20260617.144514 - SO_SNDBUF limited by kernel to 212992 (208.00 K)
mars - INFO   - 20260617.144514 - Setting SO_RCVBUF to 33554432 (32.00 M)
mars - INFO   - 20260617.144514 - Current value is 43690 (42.67 K)
mars - WARN   - 20260617.144514 - SO_RCVBUF limited by kernel to 212992 (208.00 K)
mars - INFO   - 20260617.144514 - Calling mars on 'marsod-core', local port is 53365
mars - INFO   - 20260617.144514 - Callback at address 10.100.25.118, port 53365
mars - INFO   - 20260617.144514 - Mars client is on ab3-4085.bullx (10.100.25.118) 53365
mars - INFO   - 20260617.144514 - Mars server is on 10.112.5.10 56168
mars - INFO   - 20260617.144514 - Server task is 7235 [marsod]
mars - INFO   - 20260617.144514 - Request cost: 0 field,  [marsod]
mars - INFO   - 20260617.144514 - The efficiency of your requests in the last 12 hours is 6% [marsod]
mars - WARN   - 20260617.144514 - Please see https://confluence.ecmwf.int/x/rxRtD in order to improve the efficiency of your requests [marsod]
mars - WARN   - 20260617.144514 - Data not found [marsod]
mars - INFO   - 20260617.144514 - Calling mars on 'marsode-core', local port is 42157
mars - INFO   - 20260617.144514 - Callback at address 10.100.25.118, port 42157
mars - INFO   - 20260617.144514 - Mars client is on ab3-4085.bullx (10.100.25.118) 42157
mars - INFO   - 20260617.144514 - Mars server is on 10.112.2.10 42745
mars - INFO   - 20260617.144514 - Server task is 233 [marsode]
mars - INFO   - 20260617.144514 - Request cost: 6 fields, 82.6084 Mbytes on 1 tape, nodes: hpss, libraries: ibmlib02 [marsode]
mars - INFO   - 20260617.144514 - The efficiency of your requests in the last 12 hours is 100% [marsode]
mars - INFO   - 20260617.144519 - Transfering 86621188 bytes
mars - WARN   - 20260617.144520 - Visiting database marsode : expected 12, got 6
mars - INFO   - 20260617.144520 - 6 fields have been interpolated on 'ab3-4085.bullx'
mars - ERROR  - 20260617.144520 - Last error is -43
mars - ERROR  - 20260617.144520 - Expected 12, got 6.
mars - ERROR  - 20260617.144520 - Request failed
mars - INFO   - 20260617.144520 - Request time:  wall: 5 sec 
mars - INFO   - 20260617.144520 -   Processing in marsode: wall: 5 sec 
mars - INFO   - 20260617.144520 -   Visiting marsode: wall: 5 sec 
mars - INFO   - 20260617.144520 -   Read from network: 384.00 Mbyte(s) in < 1 sec [2.95 Gbyte/sec] 
mars - INFO   - 20260617.144520 -   Writing to target file: 459.14 Kbyte(s) in < 1 sec [168.82 Mbyte/sec] 
mars - INFO   - 20260617.144520 - Memory used: 196.21 Mbyte(s)
mars - ERROR  - 20260617.144520 - Some errors reported (last error -1)
2024-04-13 | expID: 79
mars - WARN - 
mars - WARN - 
MIR environment variables:
MIR_CACHE_PATH={FILE?/ec/cache.1}/cache:{FILE?/ec/cache.2}/cache
MIR_LSM_NAMED=1km.climate.v013
Using MARS binary: /usr/local/apps/mars/versions/6.34.4.11/bin/mars.bin
mars - INFO   - 20260617.144520 - Welcome to MARS
mars - INFO   - 20260617.144520 - MARS_HOME=/usr/local/apps/mars/configs/prod
mars - INFO   - 20260617.144520 - MARS Client build stamp: 20260421054856
mars - INFO   - 20260617.144520 - MARS Client bundle version: 6.34.4.11
mars - INFO   - 20260617.144520 - package mars-client version: 6.34.4
mars - INFO   - 20260617.144520 - package mir version: 1.23.9
mars - INFO   - 20260617.144520 - package odc version: 1.6.3
mars - INFO   - 20260617.144520 - package fdb version: 5.21.1
mars - INFO   - 20260617.144520 - package metkit version: 1.18.0
mars - INFO   - 20260617.144520 - package eckit version: 2.0.7
mars - INFO   - 20260617.144520 - package eccodes version: 2.46.3
RETRIEVE,
    STREAM=oper,
    CLASS=od,
    EXPVER=79,
    GRID=N80,
    GAUSSIAN=reduced,
    TYPE=AN,
    DATE=20240413,
    TIME=00:00:00/06:00:00/12:00:00/18:00:00,
    LEVTYPE=SFC,
    PARAM=172.128/31.128/235.128,   #172.128: land sea mask, #31.128:sea ice area fraction, #235.128: Skin temperature
    FILTER="select * where (lat<-45 or lat>45)",
    TARGET=HRES_SIC_TSKIN_N80_20240413_NH_SH.grb


mars - INFO   - 20260617.144520 - Processing request 1

RETRIEVE,
    CLASS      = OD,
    TYPE       = AN,
    STREAM     = OPER,
    EXPVER     = 0079,
    REPRES     = GG,
    LEVTYPE    = SFC,
    PARAM      = 172.128/31.128/235.128,
    DATE       = 20240413,
    TIME       = 0000/0600/1200/1800,
    STEP       = 00,
    DOMAIN     = G,
    TARGET     = HRES_SIC_TSKIN_N80_20240413_NH_SH.grb,
    RESOL      = AUTO,
    FILTER     = "select * where (lat<-45 or lat>45)",
    GRID       = N80

mars - INFO   - 20260617.144520 - Requesting 12 fields
mars - INFO   - 20260617.144520 - FDB home /home/fdbprod
mars - INFO   - 20260617.144520 - Setting SO_SNDBUF to 33554432 (32.00 M)
mars - INFO   - 20260617.144520 - Current value is 8192 (8.00 K)
mars - WARN   - 20260617.144520 - SO_SNDBUF limited by kernel to 212992 (208.00 K)
mars - INFO   - 20260617.144520 - Setting SO_RCVBUF to 33554432 (32.00 M)
mars - INFO   - 20260617.144520 - Current value is 43690 (42.67 K)
mars - WARN   - 20260617.144520 - SO_RCVBUF limited by kernel to 212992 (208.00 K)
mars - INFO   - 20260617.144520 - Calling mars on 'marsod-core', local port is 46719
mars - INFO   - 20260617.144520 - Callback at address 10.100.25.118, port 46719
mars - INFO   - 20260617.144520 - Mars client is on ab3-4085.bullx (10.100.25.118) 46719
mars - INFO   - 20260617.144520 - Mars server is on 10.112.5.10 60325
mars - INFO   - 20260617.144520 - Server task is 7563 [marsod]
mars - INFO   - 20260617.144520 - Request cost: 0 field,  [marsod]
mars - INFO   - 20260617.144520 - The efficiency of your requests in the last 12 hours is 6% [marsod]
mars - WARN   - 20260617.144520 - Please see https://confluence.ecmwf.int/x/rxRtD in order to improve the efficiency of your requests [marsod]
mars - WARN   - 20260617.144520 - Data not found [marsod]
mars - INFO   - 20260617.144520 - Calling mars on 'marsode-core', local port is 53909
mars - INFO   - 20260617.144520 - Callback at address 10.100.25.118, port 53909
mars - INFO   - 20260617.144520 - Mars client is on ab3-4085.bullx (10.100.25.118) 53909
mars - INFO   - 20260617.144520 - Mars server is on 10.112.2.10 46765
mars - INFO   - 20260617.144520 - Server task is 233 [marsode]
mars - INFO   - 20260617.144520 - Request cost: 6 fields, 82.6084 Mbytes on 1 tape, nodes: hpss, libraries: ibmlib02 [marsode]
mars - INFO   - 20260617.144520 - The efficiency of your requests in the last 12 hours is 100% [marsode]
mars - INFO   - 20260617.144526 - Transfering 86621188 bytes
mars - WARN   - 20260617.144526 - Visiting database marsode : expected 12, got 6
mars - INFO   - 20260617.144526 - 6 fields have been interpolated on 'ab3-4085.bullx'
mars - ERROR  - 20260617.144526 - Last error is -43
mars - ERROR  - 20260617.144526 - Expected 12, got 6.
mars - ERROR  - 20260617.144526 - Request failed
mars - INFO   - 20260617.144526 - Request time:  wall: 6 sec 
mars - INFO   - 20260617.144526 -   Processing in marsode: wall: 5 sec 
mars - INFO   - 20260617.144526 -   Visiting marsode: wall: 6 sec 
mars - INFO   - 20260617.144526 -   Read from network: 384.00 Mbyte(s) in < 1 sec [3.03 Gbyte/sec] 
mars - INFO   - 20260617.144526 -   Writing to target file: 459.14 Kbyte(s) in < 1 sec [148.86 Mbyte/sec] 
mars - INFO   - 20260617.144526 - Memory used: 196.15 Mbyte(s)
mars - ERROR  - 20260617.144526 - Some errors reported (last error -1)
2024-04-14 | expID: 79
mars - WARN - 
mars - WARN - 
MIR environment variables:
MIR_CACHE_PATH={FILE?/ec/cache.1}/cache:{FILE?/ec/cache.2}/cache
MIR_LSM_NAMED=1km.climate.v013
Using MARS binary: /usr/local/apps/mars/versions/6.34.4.11/bin/mars.bin
mars - INFO   - 20260617.144527 - Welcome to MARS
mars - INFO   - 20260617.144527 - MARS_HOME=/usr/local/apps/mars/configs/prod
mars - INFO   - 20260617.144527 - MARS Client build stamp: 20260421054856
mars - INFO   - 20260617.144527 - MARS Client bundle version: 6.34.4.11
mars - INFO   - 20260617.144527 - package mars-client version: 6.34.4
mars - INFO   - 20260617.144527 - package mir version: 1.23.9
mars - INFO   - 20260617.144527 - package odc version: 1.6.3
mars - INFO   - 20260617.144527 - package fdb version: 5.21.1
mars - INFO   - 20260617.144527 - package metkit version: 1.18.0
mars - INFO   - 20260617.144527 - package eckit version: 2.0.7
mars - INFO   - 20260617.144527 - package eccodes version: 2.46.3
RETRIEVE,
    STREAM=oper,
    CLASS=od,
    EXPVER=79,
    GRID=N80,
    GAUSSIAN=reduced,
    TYPE=AN,
    DATE=20240414,
    TIME=00:00:00/06:00:00/12:00:00/18:00:00,
    LEVTYPE=SFC,
    PARAM=172.128/31.128/235.128,   #172.128: land sea mask, #31.128:sea ice area fraction, #235.128: Skin temperature
    FILTER="select * where (lat<-45 or lat>45)",
    TARGET=HRES_SIC_TSKIN_N80_20240414_NH_SH.grb


mars - INFO   - 20260617.144527 - Processing request 1

RETRIEVE,
    CLASS      = OD,
    TYPE       = AN,
    STREAM     = OPER,
    EXPVER     = 0079,
    REPRES     = GG,
    LEVTYPE    = SFC,
    PARAM      = 172.128/31.128/235.128,
    DATE       = 20240414,
    TIME       = 0000/0600/1200/1800,
    STEP       = 00,
    DOMAIN     = G,
    TARGET     = HRES_SIC_TSKIN_N80_20240414_NH_SH.grb,
    RESOL      = AUTO,
    FILTER     = "select * where (lat<-45 or lat>45)",
    GRID       = N80

mars - INFO   - 20260617.144527 - Requesting 12 fields
mars - INFO   - 20260617.144527 - FDB home /home/fdbprod
mars - INFO   - 20260617.144527 - Setting SO_SNDBUF to 33554432 (32.00 M)
mars - INFO   - 20260617.144527 - Current value is 8192 (8.00 K)
mars - WARN   - 20260617.144527 - SO_SNDBUF limited by kernel to 212992 (208.00 K)
mars - INFO   - 20260617.144527 - Setting SO_RCVBUF to 33554432 (32.00 M)
mars - INFO   - 20260617.144527 - Current value is 43690 (42.67 K)
mars - WARN   - 20260617.144527 - SO_RCVBUF limited by kernel to 212992 (208.00 K)
mars - INFO   - 20260617.144527 - Calling mars on 'marsod-core', local port is 52983
mars - INFO   - 20260617.144527 - Callback at address 10.100.25.118, port 52983
mars - INFO   - 20260617.144527 - Mars client is on ab3-4085.bullx (10.100.25.118) 52983
mars - INFO   - 20260617.144527 - Mars server is on 10.112.5.10 34619
mars - INFO   - 20260617.144527 - Server task is 5690 [marsod]
mars - INFO   - 20260617.144527 - Request cost: 0 field,  [marsod]
mars - INFO   - 20260617.144527 - The efficiency of your requests in the last 12 hours is 6% [marsod]
mars - WARN   - 20260617.144527 - Please see https://confluence.ecmwf.int/x/rxRtD in order to improve the efficiency of your requests [marsod]
mars - WARN   - 20260617.144527 - Data not found [marsod]
mars - INFO   - 20260617.144527 - Calling mars on 'marsode-core', local port is 34833
mars - INFO   - 20260617.144527 - Callback at address 10.100.25.118, port 34833
mars - INFO   - 20260617.144527 - Mars client is on ab3-4085.bullx (10.100.25.118) 34833
mars - INFO   - 20260617.144527 - Mars server is on 10.112.2.10 59883
mars - INFO   - 20260617.144527 - Server task is 233 [marsode]
mars - INFO   - 20260617.144527 - Request cost: 6 fields, 82.6084 Mbytes on 1 tape, nodes: hpss, libraries: ibmlib02 [marsode]
mars - INFO   - 20260617.144527 - The efficiency of your requests in the last 12 hours is 100% [marsode]
mars - INFO   - 20260617.144532 - Transfering 86621188 bytes
mars - WARN   - 20260617.144532 - Visiting database marsode : expected 12, got 6
mars - INFO   - 20260617.144532 - 6 fields have been interpolated on 'ab3-4085.bullx'
mars - ERROR  - 20260617.144532 - Last error is -43
mars - ERROR  - 20260617.144532 - Expected 12, got 6.
mars - ERROR  - 20260617.144532 - Request failed
mars - INFO   - 20260617.144532 - Request time:  wall: 6 sec 
mars - INFO   - 20260617.144532 -   Processing in marsode: wall: 5 sec 
mars - INFO   - 20260617.144532 -   Visiting marsode: wall: 6 sec 
mars - INFO   - 20260617.144532 -   Read from network: 384.00 Mbyte(s) in < 1 sec [2.00 Gbyte/sec] 
mars - INFO   - 20260617.144532 -   Writing to target file: 459.14 Kbyte(s) in < 1 sec [166.19 Mbyte/sec] 
mars - INFO   - 20260617.144532 - Memory used: 195.80 Mbyte(s)
mars - ERROR  - 20260617.144532 - Some errors reported (last error -1)
2024-04-15 | expID: 79
mars - WARN - 
mars - WARN - 
MIR environment variables:
MIR_CACHE_PATH={FILE?/ec/cache.1}/cache:{FILE?/ec/cache.2}/cache
MIR_LSM_NAMED=1km.climate.v013
Using MARS binary: /usr/local/apps/mars/versions/6.34.4.11/bin/mars.bin
mars - INFO   - 20260617.144533 - Welcome to MARS
mars - INFO   - 20260617.144533 - MARS_HOME=/usr/local/apps/mars/configs/prod
mars - INFO   - 20260617.144533 - MARS Client build stamp: 20260421054856
mars - INFO   - 20260617.144533 - MARS Client bundle version: 6.34.4.11
mars - INFO   - 20260617.144533 - package mars-client version: 6.34.4
mars - INFO   - 20260617.144533 - package mir version: 1.23.9
mars - INFO   - 20260617.144533 - package odc version: 1.6.3
mars - INFO   - 20260617.144533 - package fdb version: 5.21.1
mars - INFO   - 20260617.144533 - package metkit version: 1.18.0
mars - INFO   - 20260617.144533 - package eckit version: 2.0.7
mars - INFO   - 20260617.144533 - package eccodes version: 2.46.3
RETRIEVE,
    STREAM=oper,
    CLASS=od,
    EXPVER=79,
    GRID=N80,
    GAUSSIAN=reduced,
    TYPE=AN,
    DATE=20240415,
    TIME=00:00:00/06:00:00/12:00:00/18:00:00,
    LEVTYPE=SFC,
    PARAM=172.128/31.128/235.128,   #172.128: land sea mask, #31.128:sea ice area fraction, #235.128: Skin temperature
    FILTER="select * where (lat<-45 or lat>45)",
    TARGET=HRES_SIC_TSKIN_N80_20240415_NH_SH.grb


mars - INFO   - 20260617.144533 - Processing request 1

RETRIEVE,
    CLASS      = OD,
    TYPE       = AN,
    STREAM     = OPER,
    EXPVER     = 0079,
    REPRES     = GG,
    LEVTYPE    = SFC,
    PARAM      = 172.128/31.128/235.128,
    DATE       = 20240415,
    TIME       = 0000/0600/1200/1800,
    STEP       = 00,
    DOMAIN     = G,
    TARGET     = HRES_SIC_TSKIN_N80_20240415_NH_SH.grb,
    RESOL      = AUTO,
    FILTER     = "select * where (lat<-45 or lat>45)",
    GRID       = N80

mars - INFO   - 20260617.144533 - Requesting 12 fields
mars - INFO   - 20260617.144533 - FDB home /home/fdbprod
mars - INFO   - 20260617.144533 - Setting SO_SNDBUF to 33554432 (32.00 M)
mars - INFO   - 20260617.144533 - Current value is 8192 (8.00 K)
mars - WARN   - 20260617.144533 - SO_SNDBUF limited by kernel to 212992 (208.00 K)
mars - INFO   - 20260617.144533 - Setting SO_RCVBUF to 33554432 (32.00 M)
mars - INFO   - 20260617.144533 - Current value is 43690 (42.67 K)
mars - WARN   - 20260617.144533 - SO_RCVBUF limited by kernel to 212992 (208.00 K)
mars - INFO   - 20260617.144533 - Calling mars on 'marsod-core', local port is 39583
mars - INFO   - 20260617.144533 - Callback at address 10.100.25.118, port 39583
mars - INFO   - 20260617.144533 - Mars client is on ab3-4085.bullx (10.100.25.118) 39583
mars - INFO   - 20260617.144533 - Mars server is on 10.112.5.10 50577
mars - INFO   - 20260617.144533 - Server task is 7237 [marsod]
mars - INFO   - 20260617.144533 - Request cost: 0 field,  [marsod]
mars - INFO   - 20260617.144533 - The efficiency of your requests in the last 12 hours is 6% [marsod]
mars - WARN   - 20260617.144533 - Please see https://confluence.ecmwf.int/x/rxRtD in order to improve the efficiency of your requests [marsod]
mars - WARN   - 20260617.144533 - Data not found [marsod]
mars - INFO   - 20260617.144533 - Calling mars on 'marsode-core', local port is 41417
mars - INFO   - 20260617.144533 - Callback at address 10.100.25.118, port 41417
mars - INFO   - 20260617.144533 - Mars client is on ab3-4085.bullx (10.100.25.118) 41417
mars - INFO   - 20260617.144533 - Mars server is on 10.112.2.10 47891
mars - INFO   - 20260617.144533 - Server task is 233 [marsode]
mars - INFO   - 20260617.144533 - Request cost: 6 fields, 82.6084 Mbytes on 1 tape, nodes: hpss, libraries: ibmlib02 [marsode]
mars - INFO   - 20260617.144533 - The efficiency of your requests in the last 12 hours is 100% [marsode]
mars - INFO   - 20260617.144538 - Transfering 86621188 bytes
mars - WARN   - 20260617.144539 - Visiting database marsode : expected 12, got 6
mars - INFO   - 20260617.144539 - 6 fields have been interpolated on 'ab3-4085.bullx'
mars - ERROR  - 20260617.144539 - Last error is -43
mars - ERROR  - 20260617.144539 - Expected 12, got 6.
mars - ERROR  - 20260617.144539 - Request failed
mars - INFO   - 20260617.144539 - Request time:  wall: 6 sec 
mars - INFO   - 20260617.144539 -   Processing in marsode: wall: 5 sec 
mars - INFO   - 20260617.144539 -   Visiting marsode: wall: 6 sec 
mars - INFO   - 20260617.144539 -   Read from network: 384.00 Mbyte(s) in < 1 sec [2.73 Gbyte/sec] 
mars - INFO   - 20260617.144539 -   Writing to target file: 459.14 Kbyte(s) in < 1 sec [159.85 Mbyte/sec] 
mars - INFO   - 20260617.144539 - Memory used: 196.02 Mbyte(s)
mars - ERROR  - 20260617.144539 - Some errors reported (last error -1)
2024-04-16 | expID: 79
mars - WARN - 
mars - WARN - 
MIR environment variables:
MIR_CACHE_PATH={FILE?/ec/cache.1}/cache:{FILE?/ec/cache.2}/cache
MIR_LSM_NAMED=1km.climate.v013
Using MARS binary: /usr/local/apps/mars/versions/6.34.4.11/bin/mars.bin
mars - INFO   - 20260617.144539 - Welcome to MARS
mars - INFO   - 20260617.144539 - MARS_HOME=/usr/local/apps/mars/configs/prod
mars - INFO   - 20260617.144539 - MARS Client build stamp: 20260421054856
mars - INFO   - 20260617.144539 - MARS Client bundle version: 6.34.4.11
mars - INFO   - 20260617.144539 - package mars-client version: 6.34.4
mars - INFO   - 20260617.144539 - package mir version: 1.23.9
mars - INFO   - 20260617.144539 - package odc version: 1.6.3
mars - INFO   - 20260617.144539 - package fdb version: 5.21.1
mars - INFO   - 20260617.144539 - package metkit version: 1.18.0
mars - INFO   - 20260617.144539 - package eckit version: 2.0.7
mars - INFO   - 20260617.144539 - package eccodes version: 2.46.3
RETRIEVE,
    STREAM=oper,
    CLASS=od,
    EXPVER=79,
    GRID=N80,
    GAUSSIAN=reduced,
    TYPE=AN,
    DATE=20240416,
    TIME=00:00:00/06:00:00/12:00:00/18:00:00,
    LEVTYPE=SFC,
    PARAM=172.128/31.128/235.128,   #172.128: land sea mask, #31.128:sea ice area fraction, #235.128: Skin temperature
    FILTER="select * where (lat<-45 or lat>45)",
    TARGET=HRES_SIC_TSKIN_N80_20240416_NH_SH.grb


mars - INFO   - 20260617.144539 - Processing request 1

RETRIEVE,
    CLASS      = OD,
    TYPE       = AN,
    STREAM     = OPER,
    EXPVER     = 0079,
    REPRES     = GG,
    LEVTYPE    = SFC,
    PARAM      = 172.128/31.128/235.128,
    DATE       = 20240416,
    TIME       = 0000/0600/1200/1800,
    STEP       = 00,
    DOMAIN     = G,
    TARGET     = HRES_SIC_TSKIN_N80_20240416_NH_SH.grb,
    RESOL      = AUTO,
    FILTER     = "select * where (lat<-45 or lat>45)",
    GRID       = N80

mars - INFO   - 20260617.144539 - Requesting 12 fields
mars - INFO   - 20260617.144539 - FDB home /home/fdbprod
mars - INFO   - 20260617.144539 - Setting SO_SNDBUF to 33554432 (32.00 M)
mars - INFO   - 20260617.144539 - Current value is 8192 (8.00 K)
mars - WARN   - 20260617.144539 - SO_SNDBUF limited by kernel to 212992 (208.00 K)
mars - INFO   - 20260617.144539 - Setting SO_RCVBUF to 33554432 (32.00 M)
mars - INFO   - 20260617.144539 - Current value is 43690 (42.67 K)
mars - WARN   - 20260617.144539 - SO_RCVBUF limited by kernel to 212992 (208.00 K)
mars - INFO   - 20260617.144539 - Calling mars on 'marsod-core', local port is 59079
mars - INFO   - 20260617.144539 - Callback at address 10.100.25.118, port 59079
mars - INFO   - 20260617.144539 - Mars client is on ab3-4085.bullx (10.100.25.118) 59079
mars - INFO   - 20260617.144539 - Mars server is on 10.112.5.10 36255
mars - INFO   - 20260617.144539 - Server task is 7237 [marsod]
mars - INFO   - 20260617.144539 - Request cost: 0 field,  [marsod]
mars - INFO   - 20260617.144539 - The efficiency of your requests in the last 12 hours is 6% [marsod]
mars - WARN   - 20260617.144539 - Please see https://confluence.ecmwf.int/x/rxRtD in order to improve the efficiency of your requests [marsod]
mars - WARN   - 20260617.144539 - Data not found [marsod]
mars - INFO   - 20260617.144539 - Calling mars on 'marsode-core', local port is 52645
mars - INFO   - 20260617.144539 - Callback at address 10.100.25.118, port 52645
mars - INFO   - 20260617.144539 - Mars client is on ab3-4085.bullx (10.100.25.118) 52645
mars - INFO   - 20260617.144539 - Mars server is on 10.112.2.10 45150
mars - INFO   - 20260617.144539 - Server task is 233 [marsode]
mars - INFO   - 20260617.144539 - Request cost: 6 fields, 82.6084 Mbytes on 1 tape, nodes: hpss, libraries: ibmlib02 [marsode]
mars - INFO   - 20260617.144539 - The efficiency of your requests in the last 12 hours is 100% [marsode]
mars - INFO   - 20260617.144545 - Transfering 86621188 bytes
mars - WARN   - 20260617.144546 - Visiting database marsode : expected 12, got 6
mars - INFO   - 20260617.144546 - 6 fields have been interpolated on 'ab3-4085.bullx'
mars - ERROR  - 20260617.144546 - Last error is -43
mars - ERROR  - 20260617.144546 - Expected 12, got 6.
mars - ERROR  - 20260617.144546 - Request failed
mars - INFO   - 20260617.144546 - Request time:  wall: 7 sec 
mars - INFO   - 20260617.144546 -   Processing in marsode: wall: 6 sec 
mars - INFO   - 20260617.144546 -   Visiting marsode: wall: 7 sec 
mars - INFO   - 20260617.144546 -   Read from network: 384.00 Mbyte(s) in < 1 sec [2.85 Gbyte/sec] 
mars - INFO   - 20260617.144546 -   Writing to target file: 459.14 Kbyte(s) in < 1 sec [137.71 Mbyte/sec] 
mars - INFO   - 20260617.144546 - Memory used: 195.90 Mbyte(s)
mars - ERROR  - 20260617.144546 - Some errors reported (last error -1)
2024-04-17 | expID: 79
mars - WARN - 
mars - WARN - 
MIR environment variables:
MIR_CACHE_PATH={FILE?/ec/cache.1}/cache:{FILE?/ec/cache.2}/cache
MIR_LSM_NAMED=1km.climate.v013
Using MARS binary: /usr/local/apps/mars/versions/6.34.4.11/bin/mars.bin
mars - INFO   - 20260617.144546 - Welcome to MARS
mars - INFO   - 20260617.144546 - MARS_HOME=/usr/local/apps/mars/configs/prod
mars - INFO   - 20260617.144546 - MARS Client build stamp: 20260421054856
mars - INFO   - 20260617.144546 - MARS Client bundle version: 6.34.4.11
mars - INFO   - 20260617.144546 - package mars-client version: 6.34.4
mars - INFO   - 20260617.144546 - package mir version: 1.23.9
mars - INFO   - 20260617.144546 - package odc version: 1.6.3
mars - INFO   - 20260617.144546 - package fdb version: 5.21.1
mars - INFO   - 20260617.144546 - package metkit version: 1.18.0
mars - INFO   - 20260617.144546 - package eckit version: 2.0.7
mars - INFO   - 20260617.144546 - package eccodes version: 2.46.3
RETRIEVE,
    STREAM=oper,
    CLASS=od,
    EXPVER=79,
    GRID=N80,
    GAUSSIAN=reduced,
    TYPE=AN,
    DATE=20240417,
    TIME=00:00:00/06:00:00/12:00:00/18:00:00,
    LEVTYPE=SFC,
    PARAM=172.128/31.128/235.128,   #172.128: land sea mask, #31.128:sea ice area fraction, #235.128: Skin temperature
    FILTER="select * where (lat<-45 or lat>45)",
    TARGET=HRES_SIC_TSKIN_N80_20240417_NH_SH.grb


mars - INFO   - 20260617.144546 - Processing request 1

RETRIEVE,
    CLASS      = OD,
    TYPE       = AN,
    STREAM     = OPER,
    EXPVER     = 0079,
    REPRES     = GG,
    LEVTYPE    = SFC,
    PARAM      = 172.128/31.128/235.128,
    DATE       = 20240417,
    TIME       = 0000/0600/1200/1800,
    STEP       = 00,
    DOMAIN     = G,
    TARGET     = HRES_SIC_TSKIN_N80_20240417_NH_SH.grb,
    RESOL      = AUTO,
    FILTER     = "select * where (lat<-45 or lat>45)",
    GRID       = N80

mars - INFO   - 20260617.144546 - Requesting 12 fields
mars - INFO   - 20260617.144546 - FDB home /home/fdbprod
mars - INFO   - 20260617.144546 - Setting SO_SNDBUF to 33554432 (32.00 M)
mars - INFO   - 20260617.144546 - Current value is 8192 (8.00 K)
mars - WARN   - 20260617.144546 - SO_SNDBUF limited by kernel to 212992 (208.00 K)
mars - INFO   - 20260617.144546 - Setting SO_RCVBUF to 33554432 (32.00 M)
mars - INFO   - 20260617.144546 - Current value is 43690 (42.67 K)
mars - WARN   - 20260617.144546 - SO_RCVBUF limited by kernel to 212992 (208.00 K)
mars - INFO   - 20260617.144546 - Calling mars on 'marsod-core', local port is 44489
mars - INFO   - 20260617.144546 - Callback at address 10.100.25.118, port 44489
mars - INFO   - 20260617.144546 - Mars client is on ab3-4085.bullx (10.100.25.118) 44489
mars - INFO   - 20260617.144546 - Mars server is on 10.112.5.10 42303
mars - INFO   - 20260617.144546 - Server task is 8472 [marsod]
mars - INFO   - 20260617.144546 - Request cost: 0 field,  [marsod]
mars - INFO   - 20260617.144546 - The efficiency of your requests in the last 12 hours is 6% [marsod]
mars - WARN   - 20260617.144546 - Please see https://confluence.ecmwf.int/x/rxRtD in order to improve the efficiency of your requests [marsod]
mars - WARN   - 20260617.144546 - Data not found [marsod]
mars - INFO   - 20260617.144546 - Calling mars on 'marsode-core', local port is 41081
mars - INFO   - 20260617.144547 - Callback at address 10.100.25.118, port 41081
mars - INFO   - 20260617.144547 - Mars client is on ab3-4085.bullx (10.100.25.118) 41081
mars - INFO   - 20260617.144547 - Mars server is on 10.112.2.10 33102
mars - INFO   - 20260617.144547 - Server task is 233 [marsode]
mars - INFO   - 20260617.144547 - Request cost: 6 fields, 82.6084 Mbytes on 1 tape, nodes: hpss, libraries: ibmlib02 [marsode]
mars - INFO   - 20260617.144547 - The efficiency of your requests in the last 12 hours is 100% [marsode]
mars - INFO   - 20260617.144551 - Transfering 86621188 bytes
mars - WARN   - 20260617.144552 - Visiting database marsode : expected 12, got 6
mars - INFO   - 20260617.144552 - 6 fields have been interpolated on 'ab3-4085.bullx'
mars - ERROR  - 20260617.144552 - Last error is -43
mars - ERROR  - 20260617.144552 - Expected 12, got 6.
mars - ERROR  - 20260617.144552 - Request failed
mars - INFO   - 20260617.144552 - Request time:  wall: 5 sec 
mars - INFO   - 20260617.144552 -   Processing in marsode: wall: 5 sec 
mars - INFO   - 20260617.144552 -   Visiting marsode: wall: 5 sec 
mars - INFO   - 20260617.144552 -   Read from network: 384.00 Mbyte(s) in < 1 sec [3.01 Gbyte/sec] 
mars - INFO   - 20260617.144552 -   Writing to target file: 459.14 Kbyte(s) in < 1 sec [134.21 Mbyte/sec] 
mars - INFO   - 20260617.144552 - Memory used: 195.95 Mbyte(s)
mars - ERROR  - 20260617.144552 - Some errors reported (last error -1)
2024-04-18 | expID: 79
mars - WARN - 
mars - WARN - 
MIR environment variables:
MIR_CACHE_PATH={FILE?/ec/cache.1}/cache:{FILE?/ec/cache.2}/cache
MIR_LSM_NAMED=1km.climate.v013
Using MARS binary: /usr/local/apps/mars/versions/6.34.4.11/bin/mars.bin
mars - INFO   - 20260617.144552 - Welcome to MARS
mars - INFO   - 20260617.144552 - MARS_HOME=/usr/local/apps/mars/configs/prod
mars - INFO   - 20260617.144552 - MARS Client build stamp: 20260421054856
mars - INFO   - 20260617.144552 - MARS Client bundle version: 6.34.4.11
mars - INFO   - 20260617.144552 - package mars-client version: 6.34.4
mars - INFO   - 20260617.144552 - package mir version: 1.23.9
mars - INFO   - 20260617.144552 - package odc version: 1.6.3
mars - INFO   - 20260617.144552 - package fdb version: 5.21.1
mars - INFO   - 20260617.144552 - package metkit version: 1.18.0
mars - INFO   - 20260617.144552 - package eckit version: 2.0.7
mars - INFO   - 20260617.144552 - package eccodes version: 2.46.3
RETRIEVE,
    STREAM=oper,
    CLASS=od,
    EXPVER=79,
    GRID=N80,
    GAUSSIAN=reduced,
    TYPE=AN,
    DATE=20240418,
    TIME=00:00:00/06:00:00/12:00:00/18:00:00,
    LEVTYPE=SFC,
    PARAM=172.128/31.128/235.128,   #172.128: land sea mask, #31.128:sea ice area fraction, #235.128: Skin temperature
    FILTER="select * where (lat<-45 or lat>45)",
    TARGET=HRES_SIC_TSKIN_N80_20240418_NH_SH.grb


mars - INFO   - 20260617.144552 - Processing request 1

RETRIEVE,
    CLASS      = OD,
    TYPE       = AN,
    STREAM     = OPER,
    EXPVER     = 0079,
    REPRES     = GG,
    LEVTYPE    = SFC,
    PARAM      = 172.128/31.128/235.128,
    DATE       = 20240418,
    TIME       = 0000/0600/1200/1800,
    STEP       = 00,
    DOMAIN     = G,
    TARGET     = HRES_SIC_TSKIN_N80_20240418_NH_SH.grb,
    RESOL      = AUTO,
    FILTER     = "select * where (lat<-45 or lat>45)",
    GRID       = N80

mars - INFO   - 20260617.144552 - Requesting 12 fields
mars - INFO   - 20260617.144552 - FDB home /home/fdbprod
mars - INFO   - 20260617.144552 - Setting SO_SNDBUF to 33554432 (32.00 M)
mars - INFO   - 20260617.144552 - Current value is 8192 (8.00 K)
mars - WARN   - 20260617.144552 - SO_SNDBUF limited by kernel to 212992 (208.00 K)
mars - INFO   - 20260617.144552 - Setting SO_RCVBUF to 33554432 (32.00 M)
mars - INFO   - 20260617.144552 - Current value is 43690 (42.67 K)
mars - WARN   - 20260617.144552 - SO_RCVBUF limited by kernel to 212992 (208.00 K)
mars - INFO   - 20260617.144552 - Calling mars on 'marsod-core', local port is 52281
mars - INFO   - 20260617.144552 - Callback at address 10.100.25.118, port 52281
mars - INFO   - 20260617.144552 - Mars client is on ab3-4085.bullx (10.100.25.118) 52281
mars - INFO   - 20260617.144552 - Mars server is on 10.112.5.10 54811
mars - INFO   - 20260617.144552 - Server task is 6946 [marsod]
mars - INFO   - 20260617.144552 - Request cost: 0 field,  [marsod]
mars - INFO   - 20260617.144552 - The efficiency of your requests in the last 12 hours is 6% [marsod]
mars - WARN   - 20260617.144552 - Please see https://confluence.ecmwf.int/x/rxRtD in order to improve the efficiency of your requests [marsod]
mars - WARN   - 20260617.144552 - Data not found [marsod]
mars - INFO   - 20260617.144552 - Calling mars on 'marsode-core', local port is 43455
mars - INFO   - 20260617.144552 - Callback at address 10.100.25.118, port 43455
mars - INFO   - 20260617.144552 - Mars client is on ab3-4085.bullx (10.100.25.118) 43455
mars - INFO   - 20260617.144552 - Mars server is on 10.112.2.10 55966
mars - INFO   - 20260617.144552 - Server task is 453 [marsode]
mars - INFO   - 20260617.144552 - Request cost: 6 fields, 82.6084 Mbytes on 1 tape, nodes: hpss, libraries: ibmlib02 [marsode]
mars - INFO   - 20260617.144552 - The efficiency of your requests in the last 12 hours is 100% [marsode]
mars - INFO   - 20260617.144558 - Transfering 86621188 bytes
mars - WARN   - 20260617.144559 - Visiting database marsode : expected 12, got 6
mars - INFO   - 20260617.144559 - 6 fields have been interpolated on 'ab3-4085.bullx'
mars - ERROR  - 20260617.144559 - Last error is -43
mars - ERROR  - 20260617.144559 - Expected 12, got 6.
mars - ERROR  - 20260617.144559 - Request failed
mars - INFO   - 20260617.144559 - Request time:  wall: 6 sec 
mars - INFO   - 20260617.144559 -   Processing in marsode: wall: 6 sec 
mars - INFO   - 20260617.144559 -   Visiting marsode: wall: 6 sec 
mars - INFO   - 20260617.144559 -   Read from network: 384.00 Mbyte(s) in < 1 sec [1.86 Gbyte/sec] 
mars - INFO   - 20260617.144559 -   Writing to target file: 459.14 Kbyte(s) in < 1 sec [140.87 Mbyte/sec] 
mars - INFO   - 20260617.144559 - Memory used: 195.91 Mbyte(s)
mars - ERROR  - 20260617.144559 - Some errors reported (last error -1)
2024-04-19 | expID: 79
mars - WARN - 
mars - WARN - 
MIR environment variables:
MIR_CACHE_PATH={FILE?/ec/cache.1}/cache:{FILE?/ec/cache.2}/cache
MIR_LSM_NAMED=1km.climate.v013
Using MARS binary: /usr/local/apps/mars/versions/6.34.4.11/bin/mars.bin
mars - INFO   - 20260617.144559 - Welcome to MARS
mars - INFO   - 20260617.144559 - MARS_HOME=/usr/local/apps/mars/configs/prod
mars - INFO   - 20260617.144559 - MARS Client build stamp: 20260421054856
mars - INFO   - 20260617.144559 - MARS Client bundle version: 6.34.4.11
mars - INFO   - 20260617.144559 - package mars-client version: 6.34.4
mars - INFO   - 20260617.144559 - package mir version: 1.23.9
mars - INFO   - 20260617.144559 - package odc version: 1.6.3
mars - INFO   - 20260617.144559 - package fdb version: 5.21.1
mars - INFO   - 20260617.144559 - package metkit version: 1.18.0
mars - INFO   - 20260617.144559 - package eckit version: 2.0.7
mars - INFO   - 20260617.144559 - package eccodes version: 2.46.3
RETRIEVE,
    STREAM=oper,
    CLASS=od,
    EXPVER=79,
    GRID=N80,
    GAUSSIAN=reduced,
    TYPE=AN,
    DATE=20240419,
    TIME=00:00:00/06:00:00/12:00:00/18:00:00,
    LEVTYPE=SFC,
    PARAM=172.128/31.128/235.128,   #172.128: land sea mask, #31.128:sea ice area fraction, #235.128: Skin temperature
    FILTER="select * where (lat<-45 or lat>45)",
    TARGET=HRES_SIC_TSKIN_N80_20240419_NH_SH.grb


mars - INFO   - 20260617.144559 - Processing request 1

RETRIEVE,
    CLASS      = OD,
    TYPE       = AN,
    STREAM     = OPER,
    EXPVER     = 0079,
    REPRES     = GG,
    LEVTYPE    = SFC,
    PARAM      = 172.128/31.128/235.128,
    DATE       = 20240419,
    TIME       = 0000/0600/1200/1800,
    STEP       = 00,
    DOMAIN     = G,
    TARGET     = HRES_SIC_TSKIN_N80_20240419_NH_SH.grb,
    RESOL      = AUTO,
    FILTER     = "select * where (lat<-45 or lat>45)",
    GRID       = N80

mars - INFO   - 20260617.144559 - Requesting 12 fields
mars - INFO   - 20260617.144559 - FDB home /home/fdbprod
mars - INFO   - 20260617.144559 - Setting SO_SNDBUF to 33554432 (32.00 M)
mars - INFO   - 20260617.144559 - Current value is 8192 (8.00 K)
mars - WARN   - 20260617.144559 - SO_SNDBUF limited by kernel to 212992 (208.00 K)
mars - INFO   - 20260617.144559 - Setting SO_RCVBUF to 33554432 (32.00 M)
mars - INFO   - 20260617.144559 - Current value is 43690 (42.67 K)
mars - WARN   - 20260617.144559 - SO_RCVBUF limited by kernel to 212992 (208.00 K)
mars - INFO   - 20260617.144559 - Calling mars on 'marsod-core', local port is 47695
mars - INFO   - 20260617.144559 - Callback at address 10.100.25.118, port 47695
mars - INFO   - 20260617.144559 - Mars client is on ab3-4085.bullx (10.100.25.118) 47695
mars - INFO   - 20260617.144559 - Mars server is on 10.112.5.10 40981
mars - INFO   - 20260617.144559 - Server task is 1572 [marsod]
mars - INFO   - 20260617.144559 - Request cost: 0 field,  [marsod]
mars - INFO   - 20260617.144559 - The efficiency of your requests in the last 12 hours is 6% [marsod]
mars - WARN   - 20260617.144559 - Please see https://confluence.ecmwf.int/x/rxRtD in order to improve the efficiency of your requests [marsod]
mars - WARN   - 20260617.144559 - Data not found [marsod]
mars - INFO   - 20260617.144559 - Calling mars on 'marsode-core', local port is 42839
mars - INFO   - 20260617.144559 - Callback at address 10.100.25.118, port 42839
mars - INFO   - 20260617.144559 - Mars client is on ab3-4085.bullx (10.100.25.118) 42839
mars - INFO   - 20260617.144559 - Mars server is on 10.112.2.10 46172
mars - INFO   - 20260617.144559 - Server task is 453 [marsode]
mars - INFO   - 20260617.144559 - Request cost: 6 fields, 82.6084 Mbytes on 1 tape, nodes: hpss, libraries: ibmlib02 [marsode]
mars - INFO   - 20260617.144559 - The efficiency of your requests in the last 12 hours is 100% [marsode]
mars - INFO   - 20260617.144604 - Transfering 86621188 bytes
mars - WARN   - 20260617.144605 - Visiting database marsode : expected 12, got 6
mars - INFO   - 20260617.144605 - 6 fields have been interpolated on 'ab3-4085.bullx'
mars - ERROR  - 20260617.144605 - Last error is -43
mars - ERROR  - 20260617.144605 - Expected 12, got 6.
mars - ERROR  - 20260617.144605 - Request failed
mars - INFO   - 20260617.144605 - Request time:  wall: 5 sec 
mars - INFO   - 20260617.144605 -   Processing in marsode: wall: 5 sec 
mars - INFO   - 20260617.144605 -   Visiting marsode: wall: 5 sec 
mars - INFO   - 20260617.144605 -   Read from network: 384.00 Mbyte(s) in < 1 sec [2.47 Gbyte/sec] 
mars - INFO   - 20260617.144605 -   Writing to target file: 459.14 Kbyte(s) in < 1 sec [171.40 Mbyte/sec] 
mars - INFO   - 20260617.144605 - Memory used: 196.01 Mbyte(s)
mars - ERROR  - 20260617.144605 - Some errors reported (last error -1)
2024-04-20 | expID: 79
mars - WARN - 
mars - WARN - 
MIR environment variables:
MIR_CACHE_PATH={FILE?/ec/cache.1}/cache:{FILE?/ec/cache.2}/cache
MIR_LSM_NAMED=1km.climate.v013
Using MARS binary: /usr/local/apps/mars/versions/6.34.4.11/bin/mars.bin
mars - INFO   - 20260617.144605 - Welcome to MARS
mars - INFO   - 20260617.144605 - MARS_HOME=/usr/local/apps/mars/configs/prod
mars - INFO   - 20260617.144605 - MARS Client build stamp: 20260421054856
mars - INFO   - 20260617.144605 - MARS Client bundle version: 6.34.4.11
mars - INFO   - 20260617.144605 - package mars-client version: 6.34.4
mars - INFO   - 20260617.144605 - package mir version: 1.23.9
mars - INFO   - 20260617.144605 - package odc version: 1.6.3
mars - INFO   - 20260617.144605 - package fdb version: 5.21.1
mars - INFO   - 20260617.144605 - package metkit version: 1.18.0
mars - INFO   - 20260617.144605 - package eckit version: 2.0.7
mars - INFO   - 20260617.144605 - package eccodes version: 2.46.3
RETRIEVE,
    STREAM=oper,
    CLASS=od,
    EXPVER=79,
    GRID=N80,
    GAUSSIAN=reduced,
    TYPE=AN,
    DATE=20240420,
    TIME=00:00:00/06:00:00/12:00:00/18:00:00,
    LEVTYPE=SFC,
    PARAM=172.128/31.128/235.128,   #172.128: land sea mask, #31.128:sea ice area fraction, #235.128: Skin temperature
    FILTER="select * where (lat<-45 or lat>45)",
    TARGET=HRES_SIC_TSKIN_N80_20240420_NH_SH.grb


mars - INFO   - 20260617.144605 - Processing request 1

RETRIEVE,
    CLASS      = OD,
    TYPE       = AN,
    STREAM     = OPER,
    EXPVER     = 0079,
    REPRES     = GG,
    LEVTYPE    = SFC,
    PARAM      = 172.128/31.128/235.128,
    DATE       = 20240420,
    TIME       = 0000/0600/1200/1800,
    STEP       = 00,
    DOMAIN     = G,
    TARGET     = HRES_SIC_TSKIN_N80_20240420_NH_SH.grb,
    RESOL      = AUTO,
    FILTER     = "select * where (lat<-45 or lat>45)",
    GRID       = N80

mars - INFO   - 20260617.144605 - Requesting 12 fields
mars - INFO   - 20260617.144605 - FDB home /home/fdbprod
mars - INFO   - 20260617.144605 - Setting SO_SNDBUF to 33554432 (32.00 M)
mars - INFO   - 20260617.144605 - Current value is 8192 (8.00 K)
mars - WARN   - 20260617.144605 - SO_SNDBUF limited by kernel to 212992 (208.00 K)
mars - INFO   - 20260617.144605 - Setting SO_RCVBUF to 33554432 (32.00 M)
mars - INFO   - 20260617.144605 - Current value is 43690 (42.67 K)
mars - WARN   - 20260617.144605 - SO_RCVBUF limited by kernel to 212992 (208.00 K)
mars - INFO   - 20260617.144605 - Calling mars on 'marsod-core', local port is 42609
mars - INFO   - 20260617.144605 - Callback at address 10.100.25.118, port 42609
mars - INFO   - 20260617.144605 - Mars client is on ab3-4085.bullx (10.100.25.118) 42609
mars - INFO   - 20260617.144605 - Mars server is on 10.112.5.10 58171
mars - INFO   - 20260617.144605 - Server task is 6946 [marsod]
mars - INFO   - 20260617.144605 - Request cost: 0 field,  [marsod]
mars - INFO   - 20260617.144605 - The efficiency of your requests in the last 12 hours is 6% [marsod]
mars - WARN   - 20260617.144605 - Please see https://confluence.ecmwf.int/x/rxRtD in order to improve the efficiency of your requests [marsod]
mars - WARN   - 20260617.144605 - Data not found [marsod]
mars - INFO   - 20260617.144605 - Calling mars on 'marsode-core', local port is 59461
mars - INFO   - 20260617.144605 - Callback at address 10.100.25.118, port 59461
mars - INFO   - 20260617.144605 - Mars client is on ab3-4085.bullx (10.100.25.118) 59461
mars - INFO   - 20260617.144605 - Mars server is on 10.112.2.10 37922
mars - INFO   - 20260617.144605 - Server task is 453 [marsode]
mars - INFO   - 20260617.144605 - Request cost: 6 fields, 82.6084 Mbytes on 1 tape, nodes: hpss, libraries: ibmlib02 [marsode]
mars - INFO   - 20260617.144605 - The efficiency of your requests in the last 12 hours is 100% [marsode]
mars - INFO   - 20260617.144610 - Transfering 86621188 bytes
mars - WARN   - 20260617.144610 - Visiting database marsode : expected 12, got 6
mars - INFO   - 20260617.144610 - 6 fields have been interpolated on 'ab3-4085.bullx'
mars - ERROR  - 20260617.144610 - Last error is -43
mars - ERROR  - 20260617.144610 - Expected 12, got 6.
mars - ERROR  - 20260617.144610 - Request failed
mars - INFO   - 20260617.144610 - Request time:  wall: 5 sec 
mars - INFO   - 20260617.144610 -   Processing in marsode: wall: 4 sec 
mars - INFO   - 20260617.144610 -   Visiting marsode: wall: 5 sec 
mars - INFO   - 20260617.144610 -   Read from network: 384.00 Mbyte(s) in < 1 sec [2.69 Gbyte/sec] 
mars - INFO   - 20260617.144610 -   Writing to target file: 459.14 Kbyte(s) in < 1 sec [147.44 Mbyte/sec] 
mars - INFO   - 20260617.144610 - Memory used: 196.00 Mbyte(s)
mars - ERROR  - 20260617.144610 - Some errors reported (last error -1)
2024-04-21 | expID: 79
mars - WARN - 
mars - WARN - 
MIR environment variables:
MIR_CACHE_PATH={FILE?/ec/cache.1}/cache:{FILE?/ec/cache.2}/cache
MIR_LSM_NAMED=1km.climate.v013
Using MARS binary: /usr/local/apps/mars/versions/6.34.4.11/bin/mars.bin
mars - INFO   - 20260617.144611 - Welcome to MARS
mars - INFO   - 20260617.144611 - MARS_HOME=/usr/local/apps/mars/configs/prod
mars - INFO   - 20260617.144611 - MARS Client build stamp: 20260421054856
mars - INFO   - 20260617.144611 - MARS Client bundle version: 6.34.4.11
mars - INFO   - 20260617.144611 - package mars-client version: 6.34.4
mars - INFO   - 20260617.144611 - package mir version: 1.23.9
mars - INFO   - 20260617.144611 - package odc version: 1.6.3
mars - INFO   - 20260617.144611 - package fdb version: 5.21.1
mars - INFO   - 20260617.144611 - package metkit version: 1.18.0
mars - INFO   - 20260617.144611 - package eckit version: 2.0.7
mars - INFO   - 20260617.144611 - package eccodes version: 2.46.3
RETRIEVE,
    STREAM=oper,
    CLASS=od,
    EXPVER=79,
    GRID=N80,
    GAUSSIAN=reduced,
    TYPE=AN,
    DATE=20240421,
    TIME=00:00:00/06:00:00/12:00:00/18:00:00,
    LEVTYPE=SFC,
    PARAM=172.128/31.128/235.128,   #172.128: land sea mask, #31.128:sea ice area fraction, #235.128: Skin temperature
    FILTER="select * where (lat<-45 or lat>45)",
    TARGET=HRES_SIC_TSKIN_N80_20240421_NH_SH.grb


mars - INFO   - 20260617.144611 - Processing request 1

RETRIEVE,
    CLASS      = OD,
    TYPE       = AN,
    STREAM     = OPER,
    EXPVER     = 0079,
    REPRES     = GG,
    LEVTYPE    = SFC,
    PARAM      = 172.128/31.128/235.128,
    DATE       = 20240421,
    TIME       = 0000/0600/1200/1800,
    STEP       = 00,
    DOMAIN     = G,
    TARGET     = HRES_SIC_TSKIN_N80_20240421_NH_SH.grb,
    RESOL      = AUTO,
    FILTER     = "select * where (lat<-45 or lat>45)",
    GRID       = N80

mars - INFO   - 20260617.144611 - Requesting 12 fields
mars - INFO   - 20260617.144611 - FDB home /home/fdbprod
mars - INFO   - 20260617.144611 - Setting SO_SNDBUF to 33554432 (32.00 M)
mars - INFO   - 20260617.144611 - Current value is 8192 (8.00 K)
mars - WARN   - 20260617.144611 - SO_SNDBUF limited by kernel to 212992 (208.00 K)
mars - INFO   - 20260617.144611 - Setting SO_RCVBUF to 33554432 (32.00 M)
mars - INFO   - 20260617.144611 - Current value is 43690 (42.67 K)
mars - WARN   - 20260617.144611 - SO_RCVBUF limited by kernel to 212992 (208.00 K)
mars - INFO   - 20260617.144611 - Calling mars on 'marsod-core', local port is 53967
mars - INFO   - 20260617.144611 - Callback at address 10.100.25.118, port 53967
mars - INFO   - 20260617.144611 - Mars client is on ab3-4085.bullx (10.100.25.118) 53967
mars - INFO   - 20260617.144611 - Mars server is on 10.112.5.10 50785
mars - INFO   - 20260617.144611 - Server task is 9638 [marsod]
mars - INFO   - 20260617.144611 - Request cost: 0 field,  [marsod]
mars - INFO   - 20260617.144611 - The efficiency of your requests in the last 12 hours is 6% [marsod]
mars - WARN   - 20260617.144611 - Please see https://confluence.ecmwf.int/x/rxRtD in order to improve the efficiency of your requests [marsod]
mars - WARN   - 20260617.144611 - Data not found [marsod]
mars - INFO   - 20260617.144611 - Calling mars on 'marsode-core', local port is 33433
mars - INFO   - 20260617.144611 - Callback at address 10.100.25.118, port 33433
mars - INFO   - 20260617.144611 - Mars client is on ab3-4085.bullx (10.100.25.118) 33433
mars - INFO   - 20260617.144611 - Mars server is on 10.112.2.10 32914
mars - INFO   - 20260617.144611 - Server task is 453 [marsode]
mars - INFO   - 20260617.144611 - Request cost: 6 fields, 82.6084 Mbytes on 1 tape, nodes: hpss, libraries: ibmlib02 [marsode]
mars - INFO   - 20260617.144611 - The efficiency of your requests in the last 12 hours is 100% [marsode]
mars - INFO   - 20260617.144617 - Transfering 86621188 bytes
mars - WARN   - 20260617.144617 - Visiting database marsode : expected 12, got 6
mars - INFO   - 20260617.144617 - 6 fields have been interpolated on 'ab3-4085.bullx'
mars - ERROR  - 20260617.144617 - Last error is -43
mars - ERROR  - 20260617.144617 - Expected 12, got 6.
mars - ERROR  - 20260617.144617 - Request failed
mars - INFO   - 20260617.144617 - Request time:  wall: 7 sec 
mars - INFO   - 20260617.144617 -   Processing in marsode: wall: 6 sec 
mars - INFO   - 20260617.144617 -   Visiting marsode: wall: 7 sec 
mars - INFO   - 20260617.144617 -   Read from network: 384.00 Mbyte(s) in < 1 sec [2.75 Gbyte/sec] 
mars - INFO   - 20260617.144617 -   Writing to target file: 459.14 Kbyte(s) in < 1 sec [154.99 Mbyte/sec] 
mars - INFO   - 20260617.144617 - Memory used: 196.18 Mbyte(s)
mars - ERROR  - 20260617.144617 - Some errors reported (last error -1)
2024-04-22 | expID: 79
mars - WARN - 
mars - WARN - 
MIR environment variables:
MIR_CACHE_PATH={FILE?/ec/cache.1}/cache:{FILE?/ec/cache.2}/cache
MIR_LSM_NAMED=1km.climate.v013
Using MARS binary: /usr/local/apps/mars/versions/6.34.4.11/bin/mars.bin
mars - INFO   - 20260617.144618 - Welcome to MARS
mars - INFO   - 20260617.144618 - MARS_HOME=/usr/local/apps/mars/configs/prod
mars - INFO   - 20260617.144618 - MARS Client build stamp: 20260421054856
mars - INFO   - 20260617.144618 - MARS Client bundle version: 6.34.4.11
mars - INFO   - 20260617.144618 - package mars-client version: 6.34.4
mars - INFO   - 20260617.144618 - package mir version: 1.23.9
mars - INFO   - 20260617.144618 - package odc version: 1.6.3
mars - INFO   - 20260617.144618 - package fdb version: 5.21.1
mars - INFO   - 20260617.144618 - package metkit version: 1.18.0
mars - INFO   - 20260617.144618 - package eckit version: 2.0.7
mars - INFO   - 20260617.144618 - package eccodes version: 2.46.3
RETRIEVE,
    STREAM=oper,
    CLASS=od,
    EXPVER=79,
    GRID=N80,
    GAUSSIAN=reduced,
    TYPE=AN,
    DATE=20240422,
    TIME=00:00:00/06:00:00/12:00:00/18:00:00,
    LEVTYPE=SFC,
    PARAM=172.128/31.128/235.128,   #172.128: land sea mask, #31.128:sea ice area fraction, #235.128: Skin temperature
    FILTER="select * where (lat<-45 or lat>45)",
    TARGET=HRES_SIC_TSKIN_N80_20240422_NH_SH.grb


mars - INFO   - 20260617.144618 - Processing request 1

RETRIEVE,
    CLASS      = OD,
    TYPE       = AN,
    STREAM     = OPER,
    EXPVER     = 0079,
    REPRES     = GG,
    LEVTYPE    = SFC,
    PARAM      = 172.128/31.128/235.128,
    DATE       = 20240422,
    TIME       = 0000/0600/1200/1800,
    STEP       = 00,
    DOMAIN     = G,
    TARGET     = HRES_SIC_TSKIN_N80_20240422_NH_SH.grb,
    RESOL      = AUTO,
    FILTER     = "select * where (lat<-45 or lat>45)",
    GRID       = N80

mars - INFO   - 20260617.144618 - Requesting 12 fields
mars - INFO   - 20260617.144618 - FDB home /home/fdbprod
mars - INFO   - 20260617.144618 - Setting SO_SNDBUF to 33554432 (32.00 M)
mars - INFO   - 20260617.144618 - Current value is 8192 (8.00 K)
mars - WARN   - 20260617.144618 - SO_SNDBUF limited by kernel to 212992 (208.00 K)
mars - INFO   - 20260617.144618 - Setting SO_RCVBUF to 33554432 (32.00 M)
mars - INFO   - 20260617.144618 - Current value is 43690 (42.67 K)
mars - WARN   - 20260617.144618 - SO_RCVBUF limited by kernel to 212992 (208.00 K)
mars - INFO   - 20260617.144618 - Calling mars on 'marsod-core', local port is 40275
mars - INFO   - 20260617.144618 - Callback at address 10.100.25.118, port 40275
mars - INFO   - 20260617.144618 - Mars client is on ab3-4085.bullx (10.100.25.118) 40275
mars - INFO   - 20260617.144618 - Mars server is on 10.112.5.10 57033
mars - INFO   - 20260617.144618 - Server task is 1572 [marsod]
mars - INFO   - 20260617.144618 - Request cost: 0 field,  [marsod]
mars - INFO   - 20260617.144618 - The efficiency of your requests in the last 12 hours is 6% [marsod]
mars - WARN   - 20260617.144618 - Please see https://confluence.ecmwf.int/x/rxRtD in order to improve the efficiency of your requests [marsod]
mars - WARN   - 20260617.144618 - Data not found [marsod]
mars - INFO   - 20260617.144618 - Calling mars on 'marsode-core', local port is 37271
mars - INFO   - 20260617.144618 - Callback at address 10.100.25.118, port 37271
mars - INFO   - 20260617.144618 - Mars client is on ab3-4085.bullx (10.100.25.118) 37271
mars - INFO   - 20260617.144618 - Mars server is on 10.112.2.10 54464
mars - INFO   - 20260617.144618 - Server task is 453 [marsode]
mars - INFO   - 20260617.144618 - Request cost: 6 fields, 82.6084 Mbytes on 1 tape, nodes: hpss, libraries: ibmlib02 [marsode]
mars - INFO   - 20260617.144618 - The efficiency of your requests in the last 12 hours is 100% [marsode]
mars - INFO   - 20260617.144623 - Transfering 86621188 bytes
mars - WARN   - 20260617.144624 - Visiting database marsode : expected 12, got 6
mars - INFO   - 20260617.144624 - 6 fields have been interpolated on 'ab3-4085.bullx'
mars - ERROR  - 20260617.144624 - Last error is -43
mars - ERROR  - 20260617.144624 - Expected 12, got 6.
mars - ERROR  - 20260617.144624 - Request failed
mars - INFO   - 20260617.144624 - Request time:  wall: 6 sec 
mars - INFO   - 20260617.144624 -   Processing in marsode: wall: 5 sec 
mars - INFO   - 20260617.144624 -   Visiting marsode: wall: 5 sec 
mars - INFO   - 20260617.144624 -   Read from network: 384.00 Mbyte(s) in < 1 sec [2.78 Gbyte/sec] 
mars - INFO   - 20260617.144624 -   Writing to target file: 459.14 Kbyte(s) in < 1 sec [178.78 Mbyte/sec] 
mars - INFO   - 20260617.144624 - Memory used: 195.75 Mbyte(s)
mars - ERROR  - 20260617.144624 - Some errors reported (last error -1)
2024-04-23 | expID: 79
mars - WARN - 
mars - WARN - 
MIR environment variables:
MIR_CACHE_PATH={FILE?/ec/cache.1}/cache:{FILE?/ec/cache.2}/cache
MIR_LSM_NAMED=1km.climate.v013
Using MARS binary: /usr/local/apps/mars/versions/6.34.4.11/bin/mars.bin
mars - INFO   - 20260617.144624 - Welcome to MARS
mars - INFO   - 20260617.144624 - MARS_HOME=/usr/local/apps/mars/configs/prod
mars - INFO   - 20260617.144624 - MARS Client build stamp: 20260421054856
mars - INFO   - 20260617.144624 - MARS Client bundle version: 6.34.4.11
mars - INFO   - 20260617.144624 - package mars-client version: 6.34.4
mars - INFO   - 20260617.144624 - package mir version: 1.23.9
mars - INFO   - 20260617.144624 - package odc version: 1.6.3
mars - INFO   - 20260617.144624 - package fdb version: 5.21.1
mars - INFO   - 20260617.144624 - package metkit version: 1.18.0
mars - INFO   - 20260617.144624 - package eckit version: 2.0.7
mars - INFO   - 20260617.144624 - package eccodes version: 2.46.3
RETRIEVE,
    STREAM=oper,
    CLASS=od,
    EXPVER=79,
    GRID=N80,
    GAUSSIAN=reduced,
    TYPE=AN,
    DATE=20240423,
    TIME=00:00:00/06:00:00/12:00:00/18:00:00,
    LEVTYPE=SFC,
    PARAM=172.128/31.128/235.128,   #172.128: land sea mask, #31.128:sea ice area fraction, #235.128: Skin temperature
    FILTER="select * where (lat<-45 or lat>45)",
    TARGET=HRES_SIC_TSKIN_N80_20240423_NH_SH.grb


mars - INFO   - 20260617.144624 - Processing request 1

RETRIEVE,
    CLASS      = OD,
    TYPE       = AN,
    STREAM     = OPER,
    EXPVER     = 0079,
    REPRES     = GG,
    LEVTYPE    = SFC,
    PARAM      = 172.128/31.128/235.128,
    DATE       = 20240423,
    TIME       = 0000/0600/1200/1800,
    STEP       = 00,
    DOMAIN     = G,
    TARGET     = HRES_SIC_TSKIN_N80_20240423_NH_SH.grb,
    RESOL      = AUTO,
    FILTER     = "select * where (lat<-45 or lat>45)",
    GRID       = N80

mars - INFO   - 20260617.144624 - Requesting 12 fields
mars - INFO   - 20260617.144624 - FDB home /home/fdbprod
mars - INFO   - 20260617.144624 - Setting SO_SNDBUF to 33554432 (32.00 M)
mars - INFO   - 20260617.144624 - Current value is 8192 (8.00 K)
mars - WARN   - 20260617.144624 - SO_SNDBUF limited by kernel to 212992 (208.00 K)
mars - INFO   - 20260617.144624 - Setting SO_RCVBUF to 33554432 (32.00 M)
mars - INFO   - 20260617.144624 - Current value is 43690 (42.67 K)
mars - WARN   - 20260617.144624 - SO_RCVBUF limited by kernel to 212992 (208.00 K)
mars - INFO   - 20260617.144624 - Calling mars on 'marsod-core', local port is 54535
mars - INFO   - 20260617.144624 - Callback at address 10.100.25.118, port 54535
mars - INFO   - 20260617.144624 - Mars client is on ab3-4085.bullx (10.100.25.118) 54535
mars - INFO   - 20260617.144624 - Mars server is on 10.112.5.10 35679
mars - INFO   - 20260617.144624 - Server task is 6699 [marsod]
mars - INFO   - 20260617.144624 - Request cost: 0 field,  [marsod]
mars - INFO   - 20260617.144624 - The efficiency of your requests in the last 12 hours is 6% [marsod]
mars - WARN   - 20260617.144624 - Please see https://confluence.ecmwf.int/x/rxRtD in order to improve the efficiency of your requests [marsod]
mars - WARN   - 20260617.144624 - Data not found [marsod]
mars - INFO   - 20260617.144624 - Calling mars on 'marsode-core', local port is 59635
mars - INFO   - 20260617.144624 - Callback at address 10.100.25.118, port 59635
mars - INFO   - 20260617.144624 - Mars client is on ab3-4085.bullx (10.100.25.118) 59635
mars - INFO   - 20260617.144624 - Mars server is on 10.112.2.10 34409
mars - INFO   - 20260617.144624 - Server task is 453 [marsode]
mars - INFO   - 20260617.144624 - Request cost: 6 fields, 82.6084 Mbytes on 1 tape, nodes: hpss, libraries: ibmlib02 [marsode]
mars - INFO   - 20260617.144624 - The efficiency of your requests in the last 12 hours is 100% [marsode]
mars - INFO   - 20260617.144628 - Transfering 86621188 bytes
mars - WARN   - 20260617.144629 - Visiting database marsode : expected 12, got 6
mars - INFO   - 20260617.144629 - 6 fields have been interpolated on 'ab3-4085.bullx'
mars - ERROR  - 20260617.144629 - Last error is -43
mars - ERROR  - 20260617.144629 - Expected 12, got 6.
mars - ERROR  - 20260617.144629 - Request failed
mars - INFO   - 20260617.144629 - Request time:  wall: 5 sec 
mars - INFO   - 20260617.144629 -   Processing in marsode: wall: 4 sec 
mars - INFO   - 20260617.144629 -   Visiting marsode: wall: 5 sec 
mars - INFO   - 20260617.144629 -   Read from network: 384.00 Mbyte(s) in < 1 sec [2.77 Gbyte/sec] 
mars - INFO   - 20260617.144629 -   Writing to target file: 459.14 Kbyte(s) in < 1 sec [163.05 Mbyte/sec] 
mars - INFO   - 20260617.144629 - Memory used: 195.88 Mbyte(s)
mars - ERROR  - 20260617.144629 - Some errors reported (last error -1)
2024-04-24 | expID: 79
mars - WARN - 
mars - WARN - 
MIR environment variables:
MIR_CACHE_PATH={FILE?/ec/cache.1}/cache:{FILE?/ec/cache.2}/cache
MIR_LSM_NAMED=1km.climate.v013
Using MARS binary: /usr/local/apps/mars/versions/6.34.4.11/bin/mars.bin
mars - INFO   - 20260617.144630 - Welcome to MARS
mars - INFO   - 20260617.144630 - MARS_HOME=/usr/local/apps/mars/configs/prod
mars - INFO   - 20260617.144630 - MARS Client build stamp: 20260421054856
mars - INFO   - 20260617.144630 - MARS Client bundle version: 6.34.4.11
mars - INFO   - 20260617.144630 - package mars-client version: 6.34.4
mars - INFO   - 20260617.144630 - package mir version: 1.23.9
mars - INFO   - 20260617.144630 - package odc version: 1.6.3
mars - INFO   - 20260617.144630 - package fdb version: 5.21.1
mars - INFO   - 20260617.144630 - package metkit version: 1.18.0
mars - INFO   - 20260617.144630 - package eckit version: 2.0.7
mars - INFO   - 20260617.144630 - package eccodes version: 2.46.3
RETRIEVE,
    STREAM=oper,
    CLASS=od,
    EXPVER=79,
    GRID=N80,
    GAUSSIAN=reduced,
    TYPE=AN,
    DATE=20240424,
    TIME=00:00:00/06:00:00/12:00:00/18:00:00,
    LEVTYPE=SFC,
    PARAM=172.128/31.128/235.128,   #172.128: land sea mask, #31.128:sea ice area fraction, #235.128: Skin temperature
    FILTER="select * where (lat<-45 or lat>45)",
    TARGET=HRES_SIC_TSKIN_N80_20240424_NH_SH.grb


mars - INFO   - 20260617.144630 - Processing request 1

RETRIEVE,
    CLASS      = OD,
    TYPE       = AN,
    STREAM     = OPER,
    EXPVER     = 0079,
    REPRES     = GG,
    LEVTYPE    = SFC,
    PARAM      = 172.128/31.128/235.128,
    DATE       = 20240424,
    TIME       = 0000/0600/1200/1800,
    STEP       = 00,
    DOMAIN     = G,
    TARGET     = HRES_SIC_TSKIN_N80_20240424_NH_SH.grb,
    RESOL      = AUTO,
    FILTER     = "select * where (lat<-45 or lat>45)",
    GRID       = N80

mars - INFO   - 20260617.144630 - Requesting 12 fields
mars - INFO   - 20260617.144630 - FDB home /home/fdbprod
mars - INFO   - 20260617.144630 - Setting SO_SNDBUF to 33554432 (32.00 M)
mars - INFO   - 20260617.144630 - Current value is 8192 (8.00 K)
mars - WARN   - 20260617.144630 - SO_SNDBUF limited by kernel to 212992 (208.00 K)
mars - INFO   - 20260617.144630 - Setting SO_RCVBUF to 33554432 (32.00 M)
mars - INFO   - 20260617.144630 - Current value is 43690 (42.67 K)
mars - WARN   - 20260617.144630 - SO_RCVBUF limited by kernel to 212992 (208.00 K)
mars - INFO   - 20260617.144630 - Calling mars on 'marsod-core', local port is 33799
mars - INFO   - 20260617.144630 - Callback at address 10.100.25.118, port 33799
mars - INFO   - 20260617.144630 - Mars client is on ab3-4085.bullx (10.100.25.118) 33799
mars - INFO   - 20260617.144630 - Mars server is on 10.112.5.10 43943
mars - INFO   - 20260617.144630 - Server task is 7268 [marsod]
mars - INFO   - 20260617.144630 - Request cost: 0 field,  [marsod]
mars - INFO   - 20260617.144630 - The efficiency of your requests in the last 12 hours is 6% [marsod]
mars - WARN   - 20260617.144630 - Please see https://confluence.ecmwf.int/x/rxRtD in order to improve the efficiency of your requests [marsod]
mars - WARN   - 20260617.144630 - Data not found [marsod]
mars - INFO   - 20260617.144630 - Calling mars on 'marsode-core', local port is 57635
mars - INFO   - 20260617.144630 - Callback at address 10.100.25.118, port 57635
mars - INFO   - 20260617.144630 - Mars client is on ab3-4085.bullx (10.100.25.118) 57635
mars - INFO   - 20260617.144630 - Mars server is on 10.112.2.10 35994
mars - INFO   - 20260617.144630 - Server task is 233 [marsode]
mars - INFO   - 20260617.144630 - Request cost: 6 fields, 82.6084 Mbytes on 1 tape, nodes: hpss, libraries: ibmlib02 [marsode]
mars - INFO   - 20260617.144630 - The efficiency of your requests in the last 12 hours is 100% [marsode]
mars - INFO   - 20260617.144636 - Transfering 86621188 bytes
mars - WARN   - 20260617.144637 - Visiting database marsode : expected 12, got 6
mars - INFO   - 20260617.144637 - 6 fields have been interpolated on 'ab3-4085.bullx'
mars - ERROR  - 20260617.144637 - Last error is -43
mars - ERROR  - 20260617.144637 - Expected 12, got 6.
mars - ERROR  - 20260617.144637 - Request failed
mars - INFO   - 20260617.144637 - Request time:  wall: 7 sec 
mars - INFO   - 20260617.144637 -   Processing in marsode: wall: 6 sec 
mars - INFO   - 20260617.144637 -   Visiting marsode: wall: 7 sec 
mars - INFO   - 20260617.144637 -   Read from network: 384.00 Mbyte(s) in < 1 sec [1.79 Gbyte/sec] 
mars - INFO   - 20260617.144637 -   Writing to target file: 459.14 Kbyte(s) in < 1 sec [150.31 Mbyte/sec] 
mars - INFO   - 20260617.144637 - Memory used: 195.80 Mbyte(s)
mars - ERROR  - 20260617.144637 - Some errors reported (last error -1)
2024-04-25 | expID: 79
mars - WARN - 
mars - WARN - 
MIR environment variables:
MIR_CACHE_PATH={FILE?/ec/cache.1}/cache:{FILE?/ec/cache.2}/cache
MIR_LSM_NAMED=1km.climate.v013
Using MARS binary: /usr/local/apps/mars/versions/6.34.4.11/bin/mars.bin
mars - INFO   - 20260617.144637 - Welcome to MARS
mars - INFO   - 20260617.144637 - MARS_HOME=/usr/local/apps/mars/configs/prod
mars - INFO   - 20260617.144637 - MARS Client build stamp: 20260421054856
mars - INFO   - 20260617.144637 - MARS Client bundle version: 6.34.4.11
mars - INFO   - 20260617.144637 - package mars-client version: 6.34.4
mars - INFO   - 20260617.144637 - package mir version: 1.23.9
mars - INFO   - 20260617.144637 - package odc version: 1.6.3
mars - INFO   - 20260617.144637 - package fdb version: 5.21.1
mars - INFO   - 20260617.144637 - package metkit version: 1.18.0
mars - INFO   - 20260617.144637 - package eckit version: 2.0.7
mars - INFO   - 20260617.144637 - package eccodes version: 2.46.3
RETRIEVE,
    STREAM=oper,
    CLASS=od,
    EXPVER=79,
    GRID=N80,
    GAUSSIAN=reduced,
    TYPE=AN,
    DATE=20240425,
    TIME=00:00:00/06:00:00/12:00:00/18:00:00,
    LEVTYPE=SFC,
    PARAM=172.128/31.128/235.128,   #172.128: land sea mask, #31.128:sea ice area fraction, #235.128: Skin temperature
    FILTER="select * where (lat<-45 or lat>45)",
    TARGET=HRES_SIC_TSKIN_N80_20240425_NH_SH.grb


mars - INFO   - 20260617.144637 - Processing request 1

RETRIEVE,
    CLASS      = OD,
    TYPE       = AN,
    STREAM     = OPER,
    EXPVER     = 0079,
    REPRES     = GG,
    LEVTYPE    = SFC,
    PARAM      = 172.128/31.128/235.128,
    DATE       = 20240425,
    TIME       = 0000/0600/1200/1800,
    STEP       = 00,
    DOMAIN     = G,
    TARGET     = HRES_SIC_TSKIN_N80_20240425_NH_SH.grb,
    RESOL      = AUTO,
    FILTER     = "select * where (lat<-45 or lat>45)",
    GRID       = N80

mars - INFO   - 20260617.144637 - Requesting 12 fields
mars - INFO   - 20260617.144637 - FDB home /home/fdbprod
mars - INFO   - 20260617.144637 - Setting SO_SNDBUF to 33554432 (32.00 M)
mars - INFO   - 20260617.144637 - Current value is 8192 (8.00 K)
mars - WARN   - 20260617.144637 - SO_SNDBUF limited by kernel to 212992 (208.00 K)
mars - INFO   - 20260617.144637 - Setting SO_RCVBUF to 33554432 (32.00 M)
mars - INFO   - 20260617.144637 - Current value is 43690 (42.67 K)
mars - WARN   - 20260617.144637 - SO_RCVBUF limited by kernel to 212992 (208.00 K)
mars - INFO   - 20260617.144637 - Calling mars on 'marsod-core', local port is 50429
mars - INFO   - 20260617.144637 - Callback at address 10.100.25.118, port 50429
mars - INFO   - 20260617.144637 - Mars client is on ab3-4085.bullx (10.100.25.118) 50429
mars - INFO   - 20260617.144637 - Mars server is on 10.112.5.10 51000
mars - INFO   - 20260617.144637 - Server task is 7268 [marsod]
mars - INFO   - 20260617.144637 - Request cost: 0 field,  [marsod]
mars - INFO   - 20260617.144637 - The efficiency of your requests in the last 12 hours is 6% [marsod]
mars - WARN   - 20260617.144637 - Please see https://confluence.ecmwf.int/x/rxRtD in order to improve the efficiency of your requests [marsod]
mars - WARN   - 20260617.144637 - Data not found [marsod]
mars - INFO   - 20260617.144637 - Calling mars on 'marsode-core', local port is 34877
mars - INFO   - 20260617.144637 - Callback at address 10.100.25.118, port 34877
mars - INFO   - 20260617.144637 - Mars client is on ab3-4085.bullx (10.100.25.118) 34877
mars - INFO   - 20260617.144637 - Mars server is on 10.112.2.10 59075
mars - INFO   - 20260617.144637 - Server task is 233 [marsode]
mars - INFO   - 20260617.144637 - Request cost: 6 fields, 82.6084 Mbytes on 1 tape, nodes: hpss, libraries: ibmlib02 [marsode]
mars - INFO   - 20260617.144637 - The efficiency of your requests in the last 12 hours is 100% [marsode]
mars - INFO   - 20260617.144642 - Transfering 86621188 bytes
mars - WARN   - 20260617.144643 - Visiting database marsode : expected 12, got 6
mars - INFO   - 20260617.144643 - 6 fields have been interpolated on 'ab3-4085.bullx'
mars - ERROR  - 20260617.144643 - Last error is -43
mars - ERROR  - 20260617.144643 - Expected 12, got 6.
mars - ERROR  - 20260617.144643 - Request failed
mars - INFO   - 20260617.144643 - Request time:  wall: 6 sec 
mars - INFO   - 20260617.144643 -   Processing in marsode: wall: 5 sec 
mars - INFO   - 20260617.144643 -   Visiting marsode: wall: 5 sec 
mars - INFO   - 20260617.144643 -   Read from network: 384.00 Mbyte(s) in < 1 sec [1.91 Gbyte/sec] 
mars - INFO   - 20260617.144643 -   Writing to target file: 459.14 Kbyte(s) in < 1 sec [162.93 Mbyte/sec] 
mars - INFO   - 20260617.144643 - Memory used: 195.89 Mbyte(s)
mars - ERROR  - 20260617.144643 - Some errors reported (last error -1)
2024-04-26 | expID: 79
mars - WARN - 
mars - WARN - 
MIR environment variables:
MIR_CACHE_PATH={FILE?/ec/cache.1}/cache:{FILE?/ec/cache.2}/cache
MIR_LSM_NAMED=1km.climate.v013
Using MARS binary: /usr/local/apps/mars/versions/6.34.4.11/bin/mars.bin
mars - INFO   - 20260617.144643 - Welcome to MARS
mars - INFO   - 20260617.144643 - MARS_HOME=/usr/local/apps/mars/configs/prod
mars - INFO   - 20260617.144643 - MARS Client build stamp: 20260421054856
mars - INFO   - 20260617.144643 - MARS Client bundle version: 6.34.4.11
mars - INFO   - 20260617.144643 - package mars-client version: 6.34.4
mars - INFO   - 20260617.144643 - package mir version: 1.23.9
mars - INFO   - 20260617.144643 - package odc version: 1.6.3
mars - INFO   - 20260617.144643 - package fdb version: 5.21.1
mars - INFO   - 20260617.144643 - package metkit version: 1.18.0
mars - INFO   - 20260617.144643 - package eckit version: 2.0.7
mars - INFO   - 20260617.144643 - package eccodes version: 2.46.3
RETRIEVE,
    STREAM=oper,
    CLASS=od,
    EXPVER=79,
    GRID=N80,
    GAUSSIAN=reduced,
    TYPE=AN,
    DATE=20240426,
    TIME=00:00:00/06:00:00/12:00:00/18:00:00,
    LEVTYPE=SFC,
    PARAM=172.128/31.128/235.128,   #172.128: land sea mask, #31.128:sea ice area fraction, #235.128: Skin temperature
    FILTER="select * where (lat<-45 or lat>45)",
    TARGET=HRES_SIC_TSKIN_N80_20240426_NH_SH.grb


mars - INFO   - 20260617.144643 - Processing request 1

RETRIEVE,
    CLASS      = OD,
    TYPE       = AN,
    STREAM     = OPER,
    EXPVER     = 0079,
    REPRES     = GG,
    LEVTYPE    = SFC,
    PARAM      = 172.128/31.128/235.128,
    DATE       = 20240426,
    TIME       = 0000/0600/1200/1800,
    STEP       = 00,
    DOMAIN     = G,
    TARGET     = HRES_SIC_TSKIN_N80_20240426_NH_SH.grb,
    RESOL      = AUTO,
    FILTER     = "select * where (lat<-45 or lat>45)",
    GRID       = N80

mars - INFO   - 20260617.144643 - Requesting 12 fields
mars - INFO   - 20260617.144643 - FDB home /home/fdbprod
mars - INFO   - 20260617.144643 - Setting SO_SNDBUF to 33554432 (32.00 M)
mars - INFO   - 20260617.144643 - Current value is 8192 (8.00 K)
mars - WARN   - 20260617.144643 - SO_SNDBUF limited by kernel to 212992 (208.00 K)
mars - INFO   - 20260617.144643 - Setting SO_RCVBUF to 33554432 (32.00 M)
mars - INFO   - 20260617.144643 - Current value is 43690 (42.67 K)
mars - WARN   - 20260617.144643 - SO_RCVBUF limited by kernel to 212992 (208.00 K)
mars - INFO   - 20260617.144643 - Calling mars on 'marsod-core', local port is 39643
mars - INFO   - 20260617.144643 - Callback at address 10.100.25.118, port 39643
mars - INFO   - 20260617.144643 - Mars client is on ab3-4085.bullx (10.100.25.118) 39643
mars - INFO   - 20260617.144643 - Mars server is on 10.112.5.10 55507
mars - INFO   - 20260617.144643 - Server task is 8472 [marsod]
mars - INFO   - 20260617.144643 - Request cost: 0 field,  [marsod]
mars - INFO   - 20260617.144643 - The efficiency of your requests in the last 12 hours is 6% [marsod]
mars - WARN   - 20260617.144643 - Please see https://confluence.ecmwf.int/x/rxRtD in order to improve the efficiency of your requests [marsod]
mars - WARN   - 20260617.144643 - Data not found [marsod]
mars - INFO   - 20260617.144643 - Calling mars on 'marsode-core', local port is 34607
mars - INFO   - 20260617.144643 - Callback at address 10.100.25.118, port 34607
mars - INFO   - 20260617.144643 - Mars client is on ab3-4085.bullx (10.100.25.118) 34607
mars - INFO   - 20260617.144643 - Mars server is on 10.112.2.10 53813
mars - INFO   - 20260617.144643 - Server task is 233 [marsode]
mars - INFO   - 20260617.144643 - Request cost: 6 fields, 82.6084 Mbytes on 1 tape, nodes: hpss, libraries: ibmlib02 [marsode]
mars - INFO   - 20260617.144643 - The efficiency of your requests in the last 12 hours is 100% [marsode]
mars - INFO   - 20260617.144649 - Transfering 86621188 bytes
mars - WARN   - 20260617.144650 - Visiting database marsode : expected 12, got 6
mars - INFO   - 20260617.144650 - 6 fields have been interpolated on 'ab3-4085.bullx'
mars - ERROR  - 20260617.144650 - Last error is -43
mars - ERROR  - 20260617.144650 - Expected 12, got 6.
mars - ERROR  - 20260617.144650 - Request failed
mars - INFO   - 20260617.144650 - Request time:  wall: 7 sec 
mars - INFO   - 20260617.144650 -   Processing in marsode: wall: 6 sec 
mars - INFO   - 20260617.144650 -   Visiting marsode: wall: 7 sec 
mars - INFO   - 20260617.144650 -   Read from network: 384.00 Mbyte(s) in < 1 sec [2.05 Gbyte/sec] 
mars - INFO   - 20260617.144650 -   Writing to target file: 459.14 Kbyte(s) in < 1 sec [174.40 Mbyte/sec] 
mars - INFO   - 20260617.144650 - Memory used: 195.81 Mbyte(s)
mars - ERROR  - 20260617.144650 - Some errors reported (last error -1)
2024-04-27 | expID: 79
mars - WARN - 
mars - WARN - 
MIR environment variables:
MIR_CACHE_PATH={FILE?/ec/cache.1}/cache:{FILE?/ec/cache.2}/cache
MIR_LSM_NAMED=1km.climate.v013
Using MARS binary: /usr/local/apps/mars/versions/6.34.4.11/bin/mars.bin
mars - INFO   - 20260617.144650 - Welcome to MARS
mars - INFO   - 20260617.144650 - MARS_HOME=/usr/local/apps/mars/configs/prod
mars - INFO   - 20260617.144650 - MARS Client build stamp: 20260421054856
mars - INFO   - 20260617.144650 - MARS Client bundle version: 6.34.4.11
mars - INFO   - 20260617.144650 - package mars-client version: 6.34.4
mars - INFO   - 20260617.144650 - package mir version: 1.23.9
mars - INFO   - 20260617.144650 - package odc version: 1.6.3
mars - INFO   - 20260617.144650 - package fdb version: 5.21.1
mars - INFO   - 20260617.144650 - package metkit version: 1.18.0
mars - INFO   - 20260617.144650 - package eckit version: 2.0.7
mars - INFO   - 20260617.144650 - package eccodes version: 2.46.3
RETRIEVE,
    STREAM=oper,
    CLASS=od,
    EXPVER=79,
    GRID=N80,
    GAUSSIAN=reduced,
    TYPE=AN,
    DATE=20240427,
    TIME=00:00:00/06:00:00/12:00:00/18:00:00,
    LEVTYPE=SFC,
    PARAM=172.128/31.128/235.128,   #172.128: land sea mask, #31.128:sea ice area fraction, #235.128: Skin temperature
    FILTER="select * where (lat<-45 or lat>45)",
    TARGET=HRES_SIC_TSKIN_N80_20240427_NH_SH.grb


mars - INFO   - 20260617.144650 - Processing request 1

RETRIEVE,
    CLASS      = OD,
    TYPE       = AN,
    STREAM     = OPER,
    EXPVER     = 0079,
    REPRES     = GG,
    LEVTYPE    = SFC,
    PARAM      = 172.128/31.128/235.128,
    DATE       = 20240427,
    TIME       = 0000/0600/1200/1800,
    STEP       = 00,
    DOMAIN     = G,
    TARGET     = HRES_SIC_TSKIN_N80_20240427_NH_SH.grb,
    RESOL      = AUTO,
    FILTER     = "select * where (lat<-45 or lat>45)",
    GRID       = N80

mars - INFO   - 20260617.144650 - Requesting 12 fields
mars - INFO   - 20260617.144650 - FDB home /home/fdbprod
mars - INFO   - 20260617.144650 - Setting SO_SNDBUF to 33554432 (32.00 M)
mars - INFO   - 20260617.144650 - Current value is 8192 (8.00 K)
mars - WARN   - 20260617.144650 - SO_SNDBUF limited by kernel to 212992 (208.00 K)
mars - INFO   - 20260617.144650 - Setting SO_RCVBUF to 33554432 (32.00 M)
mars - INFO   - 20260617.144650 - Current value is 43690 (42.67 K)
mars - WARN   - 20260617.144650 - SO_RCVBUF limited by kernel to 212992 (208.00 K)
mars - INFO   - 20260617.144650 - Calling mars on 'marsod-core', local port is 33631
mars - INFO   - 20260617.144650 - Callback at address 10.100.25.118, port 33631
mars - INFO   - 20260617.144650 - Mars client is on ab3-4085.bullx (10.100.25.118) 33631
mars - INFO   - 20260617.144650 - Mars server is on 10.112.5.10 46988
mars - INFO   - 20260617.144650 - Server task is 8472 [marsod]
mars - INFO   - 20260617.144650 - Request cost: 0 field,  [marsod]
mars - INFO   - 20260617.144650 - The efficiency of your requests in the last 12 hours is 6% [marsod]
mars - WARN   - 20260617.144650 - Please see https://confluence.ecmwf.int/x/rxRtD in order to improve the efficiency of your requests [marsod]
mars - WARN   - 20260617.144650 - Data not found [marsod]
mars - INFO   - 20260617.144650 - Calling mars on 'marsode-core', local port is 60061
mars - INFO   - 20260617.144650 - Callback at address 10.100.25.118, port 60061
mars - INFO   - 20260617.144651 - Mars client is on ab3-4085.bullx (10.100.25.118) 60061
mars - INFO   - 20260617.144651 - Mars server is on 10.112.2.10 46275
mars - INFO   - 20260617.144651 - Server task is 233 [marsode]
mars - INFO   - 20260617.144651 - Request cost: 6 fields, 82.6084 Mbytes on 1 tape, nodes: hpss, libraries: ibmlib02 [marsode]
mars - INFO   - 20260617.144651 - The efficiency of your requests in the last 12 hours is 100% [marsode]
mars - INFO   - 20260617.144656 - Transfering 86621188 bytes
mars - WARN   - 20260617.144656 - Visiting database marsode : expected 12, got 6
mars - INFO   - 20260617.144656 - 6 fields have been interpolated on 'ab3-4085.bullx'
mars - ERROR  - 20260617.144656 - Last error is -43
mars - ERROR  - 20260617.144656 - Expected 12, got 6.
mars - ERROR  - 20260617.144656 - Request failed
mars - INFO   - 20260617.144656 - Request time:  wall: 6 sec 
mars - INFO   - 20260617.144656 -   Processing in marsode: wall: 5 sec 
mars - INFO   - 20260617.144656 -   Visiting marsode: wall: 6 sec 
mars - INFO   - 20260617.144656 -   Read from network: 384.00 Mbyte(s) in < 1 sec [1.88 Gbyte/sec] 
mars - INFO   - 20260617.144656 -   Writing to target file: 459.14 Kbyte(s) in < 1 sec [156.94 Mbyte/sec] 
mars - INFO   - 20260617.144656 - Memory used: 195.79 Mbyte(s)
mars - ERROR  - 20260617.144656 - Some errors reported (last error -1)
2024-04-28 | expID: 79
mars - WARN - 
mars - WARN - 
MIR environment variables:
MIR_CACHE_PATH={FILE?/ec/cache.1}/cache:{FILE?/ec/cache.2}/cache
MIR_LSM_NAMED=1km.climate.v013
Using MARS binary: /usr/local/apps/mars/versions/6.34.4.11/bin/mars.bin
mars - INFO   - 20260617.144657 - Welcome to MARS
mars - INFO   - 20260617.144657 - MARS_HOME=/usr/local/apps/mars/configs/prod
mars - INFO   - 20260617.144657 - MARS Client build stamp: 20260421054856
mars - INFO   - 20260617.144657 - MARS Client bundle version: 6.34.4.11
mars - INFO   - 20260617.144657 - package mars-client version: 6.34.4
mars - INFO   - 20260617.144657 - package mir version: 1.23.9
mars - INFO   - 20260617.144657 - package odc version: 1.6.3
mars - INFO   - 20260617.144657 - package fdb version: 5.21.1
mars - INFO   - 20260617.144657 - package metkit version: 1.18.0
mars - INFO   - 20260617.144657 - package eckit version: 2.0.7
mars - INFO   - 20260617.144657 - package eccodes version: 2.46.3
RETRIEVE,
    STREAM=oper,
    CLASS=od,
    EXPVER=79,
    GRID=N80,
    GAUSSIAN=reduced,
    TYPE=AN,
    DATE=20240428,
    TIME=00:00:00/06:00:00/12:00:00/18:00:00,
    LEVTYPE=SFC,
    PARAM=172.128/31.128/235.128,   #172.128: land sea mask, #31.128:sea ice area fraction, #235.128: Skin temperature
    FILTER="select * where (lat<-45 or lat>45)",
    TARGET=HRES_SIC_TSKIN_N80_20240428_NH_SH.grb


mars - INFO   - 20260617.144657 - Processing request 1

RETRIEVE,
    CLASS      = OD,
    TYPE       = AN,
    STREAM     = OPER,
    EXPVER     = 0079,
    REPRES     = GG,
    LEVTYPE    = SFC,
    PARAM      = 172.128/31.128/235.128,
    DATE       = 20240428,
    TIME       = 0000/0600/1200/1800,
    STEP       = 00,
    DOMAIN     = G,
    TARGET     = HRES_SIC_TSKIN_N80_20240428_NH_SH.grb,
    RESOL      = AUTO,
    FILTER     = "select * where (lat<-45 or lat>45)",
    GRID       = N80

mars - INFO   - 20260617.144657 - Requesting 12 fields
mars - INFO   - 20260617.144657 - FDB home /home/fdbprod
mars - INFO   - 20260617.144657 - Setting SO_SNDBUF to 33554432 (32.00 M)
mars - INFO   - 20260617.144657 - Current value is 8192 (8.00 K)
mars - WARN   - 20260617.144657 - SO_SNDBUF limited by kernel to 212992 (208.00 K)
mars - INFO   - 20260617.144657 - Setting SO_RCVBUF to 33554432 (32.00 M)
mars - INFO   - 20260617.144657 - Current value is 43690 (42.67 K)
mars - WARN   - 20260617.144657 - SO_RCVBUF limited by kernel to 212992 (208.00 K)
mars - INFO   - 20260617.144657 - Calling mars on 'marsod-core', local port is 42503
mars - INFO   - 20260617.144657 - Callback at address 10.100.25.118, port 42503
mars - INFO   - 20260617.144657 - Mars client is on ab3-4085.bullx (10.100.25.118) 42503
mars - INFO   - 20260617.144657 - Mars server is on 10.112.5.10 34428
mars - INFO   - 20260617.144657 - Server task is 8330 [marsod]
mars - INFO   - 20260617.144657 - Request cost: 0 field,  [marsod]
mars - INFO   - 20260617.144657 - The efficiency of your requests in the last 12 hours is 6% [marsod]
mars - WARN   - 20260617.144657 - Please see https://confluence.ecmwf.int/x/rxRtD in order to improve the efficiency of your requests [marsod]
mars - WARN   - 20260617.144657 - Data not found [marsod]
mars - INFO   - 20260617.144657 - Calling mars on 'marsode-core', local port is 45971
mars - INFO   - 20260617.144657 - Callback at address 10.100.25.118, port 45971
mars - INFO   - 20260617.144657 - Mars client is on ab3-4085.bullx (10.100.25.118) 45971
mars - INFO   - 20260617.144657 - Mars server is on 10.112.2.10 55074
mars - INFO   - 20260617.144657 - Server task is 233 [marsode]
mars - INFO   - 20260617.144657 - Request cost: 6 fields, 82.6084 Mbytes on 1 tape, nodes: hpss, libraries: ibmlib02 [marsode]
mars - INFO   - 20260617.144657 - The efficiency of your requests in the last 12 hours is 100% [marsode]
mars - INFO   - 20260617.144701 - Transfering 86621188 bytes
mars - WARN   - 20260617.144701 - Visiting database marsode : expected 12, got 6
mars - INFO   - 20260617.144701 - 6 fields have been interpolated on 'ab3-4085.bullx'
mars - ERROR  - 20260617.144701 - Last error is -43
mars - ERROR  - 20260617.144701 - Expected 12, got 6.
mars - ERROR  - 20260617.144701 - Request failed
mars - INFO   - 20260617.144701 - Request time:  wall: 5 sec 
mars - INFO   - 20260617.144701 -   Processing in marsode: wall: 4 sec 
mars - INFO   - 20260617.144701 -   Visiting marsode: wall: 5 sec 
mars - INFO   - 20260617.144701 -   Read from network: 384.00 Mbyte(s) in < 1 sec [3.05 Gbyte/sec] 
mars - INFO   - 20260617.144701 -   Writing to target file: 459.14 Kbyte(s) in < 1 sec [348.12 Mbyte/sec] 
mars - INFO   - 20260617.144701 - Memory used: 195.77 Mbyte(s)
mars - ERROR  - 20260617.144701 - Some errors reported (last error -1)
2024-04-29 | expID: 79
mars - WARN - 
mars - WARN - 
MIR environment variables:
MIR_CACHE_PATH={FILE?/ec/cache.1}/cache:{FILE?/ec/cache.2}/cache
MIR_LSM_NAMED=1km.climate.v013
Using MARS binary: /usr/local/apps/mars/versions/6.34.4.11/bin/mars.bin
mars - INFO   - 20260617.144702 - Welcome to MARS
mars - INFO   - 20260617.144702 - MARS_HOME=/usr/local/apps/mars/configs/prod
mars - INFO   - 20260617.144702 - MARS Client build stamp: 20260421054856
mars - INFO   - 20260617.144702 - MARS Client bundle version: 6.34.4.11
mars - INFO   - 20260617.144702 - package mars-client version: 6.34.4
mars - INFO   - 20260617.144702 - package mir version: 1.23.9
mars - INFO   - 20260617.144702 - package odc version: 1.6.3
mars - INFO   - 20260617.144702 - package fdb version: 5.21.1
mars - INFO   - 20260617.144702 - package metkit version: 1.18.0
mars - INFO   - 20260617.144702 - package eckit version: 2.0.7
mars - INFO   - 20260617.144702 - package eccodes version: 2.46.3
RETRIEVE,
    STREAM=oper,
    CLASS=od,
    EXPVER=79,
    GRID=N80,
    GAUSSIAN=reduced,
    TYPE=AN,
    DATE=20240429,
    TIME=00:00:00/06:00:00/12:00:00/18:00:00,
    LEVTYPE=SFC,
    PARAM=172.128/31.128/235.128,   #172.128: land sea mask, #31.128:sea ice area fraction, #235.128: Skin temperature
    FILTER="select * where (lat<-45 or lat>45)",
    TARGET=HRES_SIC_TSKIN_N80_20240429_NH_SH.grb


mars - INFO   - 20260617.144702 - Processing request 1

RETRIEVE,
    CLASS      = OD,
    TYPE       = AN,
    STREAM     = OPER,
    EXPVER     = 0079,
    REPRES     = GG,
    LEVTYPE    = SFC,
    PARAM      = 172.128/31.128/235.128,
    DATE       = 20240429,
    TIME       = 0000/0600/1200/1800,
    STEP       = 00,
    DOMAIN     = G,
    TARGET     = HRES_SIC_TSKIN_N80_20240429_NH_SH.grb,
    RESOL      = AUTO,
    FILTER     = "select * where (lat<-45 or lat>45)",
    GRID       = N80

mars - INFO   - 20260617.144702 - Requesting 12 fields
mars - INFO   - 20260617.144702 - FDB home /home/fdbprod
mars - INFO   - 20260617.144702 - Setting SO_SNDBUF to 33554432 (32.00 M)
mars - INFO   - 20260617.144702 - Current value is 8192 (8.00 K)
mars - WARN   - 20260617.144702 - SO_SNDBUF limited by kernel to 212992 (208.00 K)
mars - INFO   - 20260617.144702 - Setting SO_RCVBUF to 33554432 (32.00 M)
mars - INFO   - 20260617.144702 - Current value is 43690 (42.67 K)
mars - WARN   - 20260617.144702 - SO_RCVBUF limited by kernel to 212992 (208.00 K)
mars - INFO   - 20260617.144702 - Calling mars on 'marsod-core', local port is 56351
mars - INFO   - 20260617.144702 - Callback at address 10.100.25.118, port 56351
mars - INFO   - 20260617.144702 - Mars client is on ab3-4085.bullx (10.100.25.118) 56351
mars - INFO   - 20260617.144702 - Mars server is on 10.112.5.10 39260
mars - INFO   - 20260617.144702 - Server task is 7268 [marsod]
mars - INFO   - 20260617.144702 - Request cost: 0 field,  [marsod]
mars - INFO   - 20260617.144702 - The efficiency of your requests in the last 12 hours is 6% [marsod]
mars - WARN   - 20260617.144702 - Please see https://confluence.ecmwf.int/x/rxRtD in order to improve the efficiency of your requests [marsod]
mars - WARN   - 20260617.144702 - Data not found [marsod]
mars - INFO   - 20260617.144702 - Calling mars on 'marsode-core', local port is 40963
mars - INFO   - 20260617.144702 - Callback at address 10.100.25.118, port 40963
mars - INFO   - 20260617.144702 - Mars client is on ab3-4085.bullx (10.100.25.118) 40963
mars - INFO   - 20260617.144702 - Mars server is on 10.112.2.10 34659
mars - INFO   - 20260617.144702 - Server task is 233 [marsode]
mars - INFO   - 20260617.144702 - Request cost: 6 fields, 82.6084 Mbytes on 1 tape, nodes: hpss, libraries: ibmlib02 [marsode]
mars - INFO   - 20260617.144702 - The efficiency of your requests in the last 12 hours is 100% [marsode]
mars - INFO   - 20260617.144706 - Transfering 86621188 bytes
mars - WARN   - 20260617.144707 - Visiting database marsode : expected 12, got 6
mars - INFO   - 20260617.144707 - 6 fields have been interpolated on 'ab3-4085.bullx'
mars - ERROR  - 20260617.144707 - Last error is -43
mars - ERROR  - 20260617.144707 - Expected 12, got 6.
mars - ERROR  - 20260617.144707 - Request failed
mars - INFO   - 20260617.144707 - Request time:  wall: 5 sec 
mars - INFO   - 20260617.144707 -   Processing in marsode: wall: 4 sec 
mars - INFO   - 20260617.144707 -   Visiting marsode: wall: 5 sec 
mars - INFO   - 20260617.144707 -   Read from network: 384.00 Mbyte(s) in < 1 sec [2.83 Gbyte/sec] 
mars - INFO   - 20260617.144707 -   Writing to target file: 459.14 Kbyte(s) in < 1 sec [154.99 Mbyte/sec] 
mars - INFO   - 20260617.144707 - Memory used: 195.85 Mbyte(s)
mars - ERROR  - 20260617.144707 - Some errors reported (last error -1)
2024-04-30 | expID: 79
mars - WARN - 
mars - WARN - 
MIR environment variables:
MIR_CACHE_PATH={FILE?/ec/cache.1}/cache:{FILE?/ec/cache.2}/cache
MIR_LSM_NAMED=1km.climate.v013
Using MARS binary: /usr/local/apps/mars/versions/6.34.4.11/bin/mars.bin
mars - INFO   - 20260617.144707 - Welcome to MARS
mars - INFO   - 20260617.144707 - MARS_HOME=/usr/local/apps/mars/configs/prod
mars - INFO   - 20260617.144707 - MARS Client build stamp: 20260421054856
mars - INFO   - 20260617.144707 - MARS Client bundle version: 6.34.4.11
mars - INFO   - 20260617.144707 - package mars-client version: 6.34.4
mars - INFO   - 20260617.144707 - package mir version: 1.23.9
mars - INFO   - 20260617.144707 - package odc version: 1.6.3
mars - INFO   - 20260617.144707 - package fdb version: 5.21.1
mars - INFO   - 20260617.144707 - package metkit version: 1.18.0
mars - INFO   - 20260617.144707 - package eckit version: 2.0.7
mars - INFO   - 20260617.144707 - package eccodes version: 2.46.3
RETRIEVE,
    STREAM=oper,
    CLASS=od,
    EXPVER=79,
    GRID=N80,
    GAUSSIAN=reduced,
    TYPE=AN,
    DATE=20240430,
    TIME=00:00:00/06:00:00/12:00:00/18:00:00,
    LEVTYPE=SFC,
    PARAM=172.128/31.128/235.128,   #172.128: land sea mask, #31.128:sea ice area fraction, #235.128: Skin temperature
    FILTER="select * where (lat<-45 or lat>45)",
    TARGET=HRES_SIC_TSKIN_N80_20240430_NH_SH.grb


mars - INFO   - 20260617.144708 - Processing request 1

RETRIEVE,
    CLASS      = OD,
    TYPE       = AN,
    STREAM     = OPER,
    EXPVER     = 0079,
    REPRES     = GG,
    LEVTYPE    = SFC,
    PARAM      = 172.128/31.128/235.128,
    DATE       = 20240430,
    TIME       = 0000/0600/1200/1800,
    STEP       = 00,
    DOMAIN     = G,
    TARGET     = HRES_SIC_TSKIN_N80_20240430_NH_SH.grb,
    RESOL      = AUTO,
    FILTER     = "select * where (lat<-45 or lat>45)",
    GRID       = N80

mars - INFO   - 20260617.144708 - Requesting 12 fields
mars - INFO   - 20260617.144708 - FDB home /home/fdbprod
mars - INFO   - 20260617.144708 - Setting SO_SNDBUF to 33554432 (32.00 M)
mars - INFO   - 20260617.144708 - Current value is 8192 (8.00 K)
mars - WARN   - 20260617.144708 - SO_SNDBUF limited by kernel to 212992 (208.00 K)
mars - INFO   - 20260617.144708 - Setting SO_RCVBUF to 33554432 (32.00 M)
mars - INFO   - 20260617.144708 - Current value is 43690 (42.67 K)
mars - WARN   - 20260617.144708 - SO_RCVBUF limited by kernel to 212992 (208.00 K)
mars - INFO   - 20260617.144708 - Calling mars on 'marsod-core', local port is 58209
mars - INFO   - 20260617.144708 - Callback at address 10.100.25.118, port 58209
mars - INFO   - 20260617.144708 - Mars client is on ab3-4085.bullx (10.100.25.118) 58209
mars - INFO   - 20260617.144708 - Mars server is on 10.112.5.10 44967
mars - INFO   - 20260617.144708 - Server task is 6699 [marsod]
mars - INFO   - 20260617.144708 - Request cost: 0 field,  [marsod]
mars - INFO   - 20260617.144708 - The efficiency of your requests in the last 12 hours is 6% [marsod]
mars - WARN   - 20260617.144708 - Please see https://confluence.ecmwf.int/x/rxRtD in order to improve the efficiency of your requests [marsod]
mars - WARN   - 20260617.144708 - Data not found [marsod]
mars - INFO   - 20260617.144708 - Calling mars on 'marsode-core', local port is 49003
mars - INFO   - 20260617.144708 - Callback at address 10.100.25.118, port 49003
mars - INFO   - 20260617.144708 - Mars client is on ab3-4085.bullx (10.100.25.118) 49003
mars - INFO   - 20260617.144708 - Mars server is on 10.112.2.10 45955
mars - INFO   - 20260617.144708 - Server task is 233 [marsode]
mars - INFO   - 20260617.144708 - Request cost: 6 fields, 82.6084 Mbytes on 1 tape, nodes: hpss, libraries: ibmlib02 [marsode]
mars - INFO   - 20260617.144708 - The efficiency of your requests in the last 12 hours is 100% [marsode]
mars - INFO   - 20260617.144714 - Transfering 86621188 bytes
mars - WARN   - 20260617.144714 - Visiting database marsode : expected 12, got 6
mars - INFO   - 20260617.144714 - 6 fields have been interpolated on 'ab3-4085.bullx'
mars - ERROR  - 20260617.144714 - Last error is -43
mars - ERROR  - 20260617.144714 - Expected 12, got 6.
mars - ERROR  - 20260617.144714 - Request failed
mars - INFO   - 20260617.144714 - Request time:  wall: 7 sec 
mars - INFO   - 20260617.144714 -   Processing in marsode: wall: 6 sec 
mars - INFO   - 20260617.144714 -   Visiting marsode: wall: 7 sec 
mars - INFO   - 20260617.144714 -   Read from network: 384.00 Mbyte(s) in < 1 sec [2.92 Gbyte/sec] 
mars - INFO   - 20260617.144714 -   Writing to target file: 459.14 Kbyte(s) in < 1 sec [181.46 Mbyte/sec] 
mars - INFO   - 20260617.144714 - Memory used: 195.80 Mbyte(s)
mars - ERROR  - 20260617.144714 - Some errors reported (last error -1)
2024-05-01 | expID: 79
mars - WARN - 
mars - WARN - 
MIR environment variables:
MIR_CACHE_PATH={FILE?/ec/cache.1}/cache:{FILE?/ec/cache.2}/cache
MIR_LSM_NAMED=1km.climate.v013
Using MARS binary: /usr/local/apps/mars/versions/6.34.4.11/bin/mars.bin
mars - INFO   - 20260617.144715 - Welcome to MARS
mars - INFO   - 20260617.144715 - MARS_HOME=/usr/local/apps/mars/configs/prod
mars - INFO   - 20260617.144715 - MARS Client build stamp: 20260421054856
mars - INFO   - 20260617.144715 - MARS Client bundle version: 6.34.4.11
mars - INFO   - 20260617.144715 - package mars-client version: 6.34.4
mars - INFO   - 20260617.144715 - package mir version: 1.23.9
mars - INFO   - 20260617.144715 - package odc version: 1.6.3
mars - INFO   - 20260617.144715 - package fdb version: 5.21.1
mars - INFO   - 20260617.144715 - package metkit version: 1.18.0
mars - INFO   - 20260617.144715 - package eckit version: 2.0.7
mars - INFO   - 20260617.144715 - package eccodes version: 2.46.3
RETRIEVE,
    STREAM=oper,
    CLASS=od,
    EXPVER=79,
    GRID=N80,
    GAUSSIAN=reduced,
    TYPE=AN,
    DATE=20240501,
    TIME=00:00:00/06:00:00/12:00:00/18:00:00,
    LEVTYPE=SFC,
    PARAM=172.128/31.128/235.128,   #172.128: land sea mask, #31.128:sea ice area fraction, #235.128: Skin temperature
    FILTER="select * where (lat<-45 or lat>45)",
    TARGET=HRES_SIC_TSKIN_N80_20240501_NH_SH.grb


mars - INFO   - 20260617.144715 - Processing request 1

RETRIEVE,
    CLASS      = OD,
    TYPE       = AN,
    STREAM     = OPER,
    EXPVER     = 0079,
    REPRES     = GG,
    LEVTYPE    = SFC,
    PARAM      = 172.128/31.128/235.128,
    DATE       = 20240501,
    TIME       = 0000/0600/1200/1800,
    STEP       = 00,
    DOMAIN     = G,
    TARGET     = HRES_SIC_TSKIN_N80_20240501_NH_SH.grb,
    RESOL      = AUTO,
    FILTER     = "select * where (lat<-45 or lat>45)",
    GRID       = N80

mars - INFO   - 20260617.144715 - Requesting 12 fields
mars - INFO   - 20260617.144715 - FDB home /home/fdbprod
mars - INFO   - 20260617.144715 - Setting SO_SNDBUF to 33554432 (32.00 M)
mars - INFO   - 20260617.144715 - Current value is 8192 (8.00 K)
mars - WARN   - 20260617.144715 - SO_SNDBUF limited by kernel to 212992 (208.00 K)
mars - INFO   - 20260617.144715 - Setting SO_RCVBUF to 33554432 (32.00 M)
mars - INFO   - 20260617.144715 - Current value is 43690 (42.67 K)
mars - WARN   - 20260617.144715 - SO_RCVBUF limited by kernel to 212992 (208.00 K)
mars - INFO   - 20260617.144715 - Calling mars on 'marsod-core', local port is 57983
mars - INFO   - 20260617.144715 - Callback at address 10.100.25.118, port 57983
mars - INFO   - 20260617.144715 - Mars client is on ab3-4085.bullx (10.100.25.118) 57983
mars - INFO   - 20260617.144715 - Mars server is on 10.112.5.10 53190
mars - INFO   - 20260617.144715 - Server task is 6699 [marsod]
mars - INFO   - 20260617.144715 - Request cost: 0 field,  [marsod]
mars - INFO   - 20260617.144715 - The efficiency of your requests in the last 12 hours is 6% [marsod]
mars - WARN   - 20260617.144715 - Please see https://confluence.ecmwf.int/x/rxRtD in order to improve the efficiency of your requests [marsod]
mars - WARN   - 20260617.144715 - Data not found [marsod]
mars - INFO   - 20260617.144715 - Calling mars on 'marsode-core', local port is 33741
mars - INFO   - 20260617.144715 - Callback at address 10.100.25.118, port 33741
mars - INFO   - 20260617.144715 - Mars client is on ab3-4085.bullx (10.100.25.118) 33741
mars - INFO   - 20260617.144715 - Mars server is on 10.112.2.10 55788
mars - INFO   - 20260617.144715 - Server task is 233 [marsode]
mars - INFO   - 20260617.144715 - Request cost: 6 fields, 82.6084 Mbytes on 1 tape, nodes: hpss, libraries: ibmlib02 [marsode]
mars - INFO   - 20260617.144715 - The efficiency of your requests in the last 12 hours is 100% [marsode]
mars - INFO   - 20260617.144720 - Transfering 86621188 bytes
mars - WARN   - 20260617.144721 - Visiting database marsode : expected 12, got 6
mars - INFO   - 20260617.144721 - 6 fields have been interpolated on 'ab3-4085.bullx'
mars - ERROR  - 20260617.144721 - Last error is -43
mars - ERROR  - 20260617.144721 - Expected 12, got 6.
mars - ERROR  - 20260617.144721 - Request failed
mars - INFO   - 20260617.144721 - Request time:  wall: 6 sec 
mars - INFO   - 20260617.144721 -   Processing in marsode: wall: 5 sec 
mars - INFO   - 20260617.144721 -   Visiting marsode: wall: 6 sec 
mars - INFO   - 20260617.144721 -   Read from network: 384.00 Mbyte(s) in < 1 sec [1.74 Gbyte/sec] 
mars - INFO   - 20260617.144721 -   Writing to target file: 459.14 Kbyte(s) in < 1 sec [144.78 Mbyte/sec] 
mars - INFO   - 20260617.144721 - Memory used: 195.75 Mbyte(s)
mars - ERROR  - 20260617.144721 - Some errors reported (last error -1)
2024-05-02 | expID: 79
mars - WARN - 
mars - WARN - 
MIR environment variables:
MIR_CACHE_PATH={FILE?/ec/cache.1}/cache:{FILE?/ec/cache.2}/cache
MIR_LSM_NAMED=1km.climate.v013
Using MARS binary: /usr/local/apps/mars/versions/6.34.4.11/bin/mars.bin
mars - INFO   - 20260617.144721 - Welcome to MARS
mars - INFO   - 20260617.144721 - MARS_HOME=/usr/local/apps/mars/configs/prod
mars - INFO   - 20260617.144721 - MARS Client build stamp: 20260421054856
mars - INFO   - 20260617.144721 - MARS Client bundle version: 6.34.4.11
mars - INFO   - 20260617.144721 - package mars-client version: 6.34.4
mars - INFO   - 20260617.144721 - package mir version: 1.23.9
mars - INFO   - 20260617.144721 - package odc version: 1.6.3
mars - INFO   - 20260617.144721 - package fdb version: 5.21.1
mars - INFO   - 20260617.144721 - package metkit version: 1.18.0
mars - INFO   - 20260617.144721 - package eckit version: 2.0.7
mars - INFO   - 20260617.144721 - package eccodes version: 2.46.3
RETRIEVE,
    STREAM=oper,
    CLASS=od,
    EXPVER=79,
    GRID=N80,
    GAUSSIAN=reduced,
    TYPE=AN,
    DATE=20240502,
    TIME=00:00:00/06:00:00/12:00:00/18:00:00,
    LEVTYPE=SFC,
    PARAM=172.128/31.128/235.128,   #172.128: land sea mask, #31.128:sea ice area fraction, #235.128: Skin temperature
    FILTER="select * where (lat<-45 or lat>45)",
    TARGET=HRES_SIC_TSKIN_N80_20240502_NH_SH.grb


mars - INFO   - 20260617.144721 - Processing request 1

RETRIEVE,
    CLASS      = OD,
    TYPE       = AN,
    STREAM     = OPER,
    EXPVER     = 0079,
    REPRES     = GG,
    LEVTYPE    = SFC,
    PARAM      = 172.128/31.128/235.128,
    DATE       = 20240502,
    TIME       = 0000/0600/1200/1800,
    STEP       = 00,
    DOMAIN     = G,
    TARGET     = HRES_SIC_TSKIN_N80_20240502_NH_SH.grb,
    RESOL      = AUTO,
    FILTER     = "select * where (lat<-45 or lat>45)",
    GRID       = N80

mars - INFO   - 20260617.144721 - Requesting 12 fields
mars - INFO   - 20260617.144721 - FDB home /home/fdbprod
mars - INFO   - 20260617.144721 - Setting SO_SNDBUF to 33554432 (32.00 M)
mars - INFO   - 20260617.144721 - Current value is 8192 (8.00 K)
mars - WARN   - 20260617.144721 - SO_SNDBUF limited by kernel to 212992 (208.00 K)
mars - INFO   - 20260617.144721 - Setting SO_RCVBUF to 33554432 (32.00 M)
mars - INFO   - 20260617.144721 - Current value is 43690 (42.67 K)
mars - WARN   - 20260617.144721 - SO_RCVBUF limited by kernel to 212992 (208.00 K)
mars - INFO   - 20260617.144721 - Calling mars on 'marsod-core', local port is 58345
mars - INFO   - 20260617.144721 - Callback at address 10.100.25.118, port 58345
mars - INFO   - 20260617.144721 - Mars client is on ab3-4085.bullx (10.100.25.118) 58345
mars - INFO   - 20260617.144721 - Mars server is on 10.112.5.10 52725
mars - INFO   - 20260617.144721 - Server task is 6699 [marsod]
mars - INFO   - 20260617.144721 - Request cost: 0 field,  [marsod]
mars - INFO   - 20260617.144721 - The efficiency of your requests in the last 12 hours is 6% [marsod]
mars - WARN   - 20260617.144721 - Please see https://confluence.ecmwf.int/x/rxRtD in order to improve the efficiency of your requests [marsod]
mars - WARN   - 20260617.144721 - Data not found [marsod]
mars - INFO   - 20260617.144721 - Calling mars on 'marsode-core', local port is 52131
mars - INFO   - 20260617.144721 - Callback at address 10.100.25.118, port 52131
mars - INFO   - 20260617.144721 - Mars client is on ab3-4085.bullx (10.100.25.118) 52131
mars - INFO   - 20260617.144721 - Mars server is on 10.112.2.10 46619
mars - INFO   - 20260617.144721 - Server task is 233 [marsode]
mars - INFO   - 20260617.144721 - Request cost: 6 fields, 82.6084 Mbytes on 1 tape, nodes: hpss, libraries: ibmlib02 [marsode]
mars - INFO   - 20260617.144721 - The efficiency of your requests in the last 12 hours is 100% [marsode]
mars - INFO   - 20260617.144725 - Transfering 86621188 bytes
mars - WARN   - 20260617.144726 - Visiting database marsode : expected 12, got 6
mars - INFO   - 20260617.144726 - 6 fields have been interpolated on 'ab3-4085.bullx'
mars - ERROR  - 20260617.144726 - Last error is -43
mars - ERROR  - 20260617.144726 - Expected 12, got 6.
mars - ERROR  - 20260617.144726 - Request failed
mars - INFO   - 20260617.144726 - Request time:  wall: 5 sec 
mars - INFO   - 20260617.144726 -   Processing in marsode: wall: 4 sec 
mars - INFO   - 20260617.144726 -   Visiting marsode: wall: 5 sec 
mars - INFO   - 20260617.144726 -   Read from network: 384.00 Mbyte(s) in < 1 sec [2.55 Gbyte/sec] 
mars - INFO   - 20260617.144726 -   Writing to target file: 459.14 Kbyte(s) in < 1 sec [173.39 Mbyte/sec] 
mars - INFO   - 20260617.144726 - Memory used: 196.01 Mbyte(s)
mars - ERROR  - 20260617.144726 - Some errors reported (last error -1)
2024-05-03 | expID: 79
mars - WARN - 
mars - WARN - 
MIR environment variables:
MIR_CACHE_PATH={FILE?/ec/cache.1}/cache:{FILE?/ec/cache.2}/cache
MIR_LSM_NAMED=1km.climate.v013
Using MARS binary: /usr/local/apps/mars/versions/6.34.4.11/bin/mars.bin
mars - INFO   - 20260617.144726 - Welcome to MARS
mars - INFO   - 20260617.144726 - MARS_HOME=/usr/local/apps/mars/configs/prod
mars - INFO   - 20260617.144726 - MARS Client build stamp: 20260421054856
mars - INFO   - 20260617.144726 - MARS Client bundle version: 6.34.4.11
mars - INFO   - 20260617.144726 - package mars-client version: 6.34.4
mars - INFO   - 20260617.144726 - package mir version: 1.23.9
mars - INFO   - 20260617.144726 - package odc version: 1.6.3
mars - INFO   - 20260617.144726 - package fdb version: 5.21.1
mars - INFO   - 20260617.144726 - package metkit version: 1.18.0
mars - INFO   - 20260617.144726 - package eckit version: 2.0.7
mars - INFO   - 20260617.144726 - package eccodes version: 2.46.3
RETRIEVE,
    STREAM=oper,
    CLASS=od,
    EXPVER=79,
    GRID=N80,
    GAUSSIAN=reduced,
    TYPE=AN,
    DATE=20240503,
    TIME=00:00:00/06:00:00/12:00:00/18:00:00,
    LEVTYPE=SFC,
    PARAM=172.128/31.128/235.128,   #172.128: land sea mask, #31.128:sea ice area fraction, #235.128: Skin temperature
    FILTER="select * where (lat<-45 or lat>45)",
    TARGET=HRES_SIC_TSKIN_N80_20240503_NH_SH.grb


mars - INFO   - 20260617.144726 - Processing request 1

RETRIEVE,
    CLASS      = OD,
    TYPE       = AN,
    STREAM     = OPER,
    EXPVER     = 0079,
    REPRES     = GG,
    LEVTYPE    = SFC,
    PARAM      = 172.128/31.128/235.128,
    DATE       = 20240503,
    TIME       = 0000/0600/1200/1800,
    STEP       = 00,
    DOMAIN     = G,
    TARGET     = HRES_SIC_TSKIN_N80_20240503_NH_SH.grb,
    RESOL      = AUTO,
    FILTER     = "select * where (lat<-45 or lat>45)",
    GRID       = N80

mars - INFO   - 20260617.144726 - Requesting 12 fields
mars - INFO   - 20260617.144726 - FDB home /home/fdbprod
mars - INFO   - 20260617.144727 - Setting SO_SNDBUF to 33554432 (32.00 M)
mars - INFO   - 20260617.144727 - Current value is 8192 (8.00 K)
mars - WARN   - 20260617.144727 - SO_SNDBUF limited by kernel to 212992 (208.00 K)
mars - INFO   - 20260617.144727 - Setting SO_RCVBUF to 33554432 (32.00 M)
mars - INFO   - 20260617.144727 - Current value is 43690 (42.67 K)
mars - WARN   - 20260617.144727 - SO_RCVBUF limited by kernel to 212992 (208.00 K)
mars - INFO   - 20260617.144727 - Calling mars on 'marsod-core', local port is 51035
mars - INFO   - 20260617.144727 - Callback at address 10.100.25.118, port 51035
mars - INFO   - 20260617.144727 - Mars client is on ab3-4085.bullx (10.100.25.118) 51035
mars - INFO   - 20260617.144727 - Mars server is on 10.112.5.10 60268
mars - INFO   - 20260617.144727 - Server task is 6946 [marsod]
mars - INFO   - 20260617.144727 - Request cost: 0 field,  [marsod]
mars - INFO   - 20260617.144727 - The efficiency of your requests in the last 12 hours is 6% [marsod]
mars - WARN   - 20260617.144727 - Please see https://confluence.ecmwf.int/x/rxRtD in order to improve the efficiency of your requests [marsod]
mars - WARN   - 20260617.144727 - Data not found [marsod]
mars - INFO   - 20260617.144727 - Calling mars on 'marsode-core', local port is 47395
mars - INFO   - 20260617.144727 - Callback at address 10.100.25.118, port 47395
mars - INFO   - 20260617.144727 - Mars client is on ab3-4085.bullx (10.100.25.118) 47395
mars - INFO   - 20260617.144727 - Mars server is on 10.112.2.10 59840
mars - INFO   - 20260617.144727 - Server task is 233 [marsode]
mars - INFO   - 20260617.144727 - Request cost: 6 fields, 82.6084 Mbytes on 1 tape, nodes: hpss, libraries: ibmlib02 [marsode]
mars - INFO   - 20260617.144727 - The efficiency of your requests in the last 12 hours is 100% [marsode]
mars - INFO   - 20260617.144731 - Transfering 86621188 bytes
mars - WARN   - 20260617.144731 - Visiting database marsode : expected 12, got 6
mars - INFO   - 20260617.144731 - 6 fields have been interpolated on 'ab3-4085.bullx'
mars - ERROR  - 20260617.144731 - Last error is -43
mars - ERROR  - 20260617.144731 - Expected 12, got 6.
mars - ERROR  - 20260617.144731 - Request failed
mars - INFO   - 20260617.144731 - Request time:  wall: 5 sec 
mars - INFO   - 20260617.144731 -   Processing in marsode: wall: 4 sec 
mars - INFO   - 20260617.144731 -   Visiting marsode: wall: 5 sec 
mars - INFO   - 20260617.144731 -   Read from network: 384.00 Mbyte(s) in < 1 sec [2.78 Gbyte/sec] 
mars - INFO   - 20260617.144731 -   Writing to target file: 459.14 Kbyte(s) in < 1 sec [46.75 Mbyte/sec] 
mars - INFO   - 20260617.144731 - Memory used: 195.91 Mbyte(s)
mars - ERROR  - 20260617.144731 - Some errors reported (last error -1)
2024-05-04 | expID: 79
mars - WARN - 
mars - WARN - 
MIR environment variables:
MIR_CACHE_PATH={FILE?/ec/cache.1}/cache:{FILE?/ec/cache.2}/cache
MIR_LSM_NAMED=1km.climate.v013
Using MARS binary: /usr/local/apps/mars/versions/6.34.4.11/bin/mars.bin
mars - INFO   - 20260617.144732 - Welcome to MARS
mars - INFO   - 20260617.144732 - MARS_HOME=/usr/local/apps/mars/configs/prod
mars - INFO   - 20260617.144732 - MARS Client build stamp: 20260421054856
mars - INFO   - 20260617.144732 - MARS Client bundle version: 6.34.4.11
mars - INFO   - 20260617.144732 - package mars-client version: 6.34.4
mars - INFO   - 20260617.144732 - package mir version: 1.23.9
mars - INFO   - 20260617.144732 - package odc version: 1.6.3
mars - INFO   - 20260617.144732 - package fdb version: 5.21.1
mars - INFO   - 20260617.144732 - package metkit version: 1.18.0
mars - INFO   - 20260617.144732 - package eckit version: 2.0.7
mars - INFO   - 20260617.144732 - package eccodes version: 2.46.3
RETRIEVE,
    STREAM=oper,
    CLASS=od,
    EXPVER=79,
    GRID=N80,
    GAUSSIAN=reduced,
    TYPE=AN,
    DATE=20240504,
    TIME=00:00:00/06:00:00/12:00:00/18:00:00,
    LEVTYPE=SFC,
    PARAM=172.128/31.128/235.128,   #172.128: land sea mask, #31.128:sea ice area fraction, #235.128: Skin temperature
    FILTER="select * where (lat<-45 or lat>45)",
    TARGET=HRES_SIC_TSKIN_N80_20240504_NH_SH.grb


mars - INFO   - 20260617.144732 - Processing request 1

RETRIEVE,
    CLASS      = OD,
    TYPE       = AN,
    STREAM     = OPER,
    EXPVER     = 0079,
    REPRES     = GG,
    LEVTYPE    = SFC,
    PARAM      = 172.128/31.128/235.128,
    DATE       = 20240504,
    TIME       = 0000/0600/1200/1800,
    STEP       = 00,
    DOMAIN     = G,
    TARGET     = HRES_SIC_TSKIN_N80_20240504_NH_SH.grb,
    RESOL      = AUTO,
    FILTER     = "select * where (lat<-45 or lat>45)",
    GRID       = N80

mars - INFO   - 20260617.144732 - Requesting 12 fields
mars - INFO   - 20260617.144732 - FDB home /home/fdbprod
mars - INFO   - 20260617.144732 - Setting SO_SNDBUF to 33554432 (32.00 M)
mars - INFO   - 20260617.144732 - Current value is 8192 (8.00 K)
mars - WARN   - 20260617.144732 - SO_SNDBUF limited by kernel to 212992 (208.00 K)
mars - INFO   - 20260617.144732 - Setting SO_RCVBUF to 33554432 (32.00 M)
mars - INFO   - 20260617.144732 - Current value is 43690 (42.67 K)
mars - WARN   - 20260617.144732 - SO_RCVBUF limited by kernel to 212992 (208.00 K)
mars - INFO   - 20260617.144732 - Calling mars on 'marsod-core', local port is 47003
mars - INFO   - 20260617.144732 - Callback at address 10.100.25.118, port 47003
mars - INFO   - 20260617.144732 - Mars client is on ab3-4085.bullx (10.100.25.118) 47003
mars - INFO   - 20260617.144732 - Mars server is on 10.112.5.10 46578
mars - INFO   - 20260617.144732 - Server task is 9826 [marsod]
mars - INFO   - 20260617.144732 - Request cost: 0 field,  [marsod]
mars - INFO   - 20260617.144732 - The efficiency of your requests in the last 12 hours is 6% [marsod]
mars - WARN   - 20260617.144732 - Please see https://confluence.ecmwf.int/x/rxRtD in order to improve the efficiency of your requests [marsod]
mars - WARN   - 20260617.144732 - Data not found [marsod]
mars - INFO   - 20260617.144732 - Calling mars on 'marsode-core', local port is 35763
mars - INFO   - 20260617.144732 - Callback at address 10.100.25.118, port 35763
mars - INFO   - 20260617.144732 - Mars client is on ab3-4085.bullx (10.100.25.118) 35763
mars - INFO   - 20260617.144732 - Mars server is on 10.112.2.10 46497
mars - INFO   - 20260617.144732 - Server task is 233 [marsode]
mars - INFO   - 20260617.144732 - Request cost: 6 fields, 82.6084 Mbytes on 1 tape, nodes: hpss, libraries: ibmlib02 [marsode]
mars - INFO   - 20260617.144732 - The efficiency of your requests in the last 12 hours is 100% [marsode]
mars - INFO   - 20260617.144738 - Transfering 86621188 bytes
mars - WARN   - 20260617.144739 - Visiting database marsode : expected 12, got 6
mars - INFO   - 20260617.144739 - 6 fields have been interpolated on 'ab3-4085.bullx'
mars - ERROR  - 20260617.144739 - Last error is -43
mars - ERROR  - 20260617.144739 - Expected 12, got 6.
mars - ERROR  - 20260617.144739 - Request failed
mars - INFO   - 20260617.144739 - Request time:  wall: 7 sec 
mars - INFO   - 20260617.144739 -   Processing in marsode: wall: 6 sec 
mars - INFO   - 20260617.144739 -   Visiting marsode: wall: 7 sec 
mars - INFO   - 20260617.144739 -   Read from network: 384.00 Mbyte(s) in < 1 sec [2.84 Gbyte/sec] 
mars - INFO   - 20260617.144739 -   Writing to target file: 459.14 Kbyte(s) in < 1 sec [126.73 Mbyte/sec] 
mars - INFO   - 20260617.144740 - Memory used: 195.69 Mbyte(s)
mars - ERROR  - 20260617.144740 - Some errors reported (last error -1)
2024-05-05 | expID: 79
mars - WARN - 
mars - WARN - 
MIR environment variables:
MIR_CACHE_PATH={FILE?/ec/cache.1}/cache:{FILE?/ec/cache.2}/cache
MIR_LSM_NAMED=1km.climate.v013
Using MARS binary: /usr/local/apps/mars/versions/6.34.4.11/bin/mars.bin
mars - INFO   - 20260617.144741 - Welcome to MARS
mars - INFO   - 20260617.144741 - MARS_HOME=/usr/local/apps/mars/configs/prod
mars - INFO   - 20260617.144741 - MARS Client build stamp: 20260421054856
mars - INFO   - 20260617.144741 - MARS Client bundle version: 6.34.4.11
mars - INFO   - 20260617.144741 - package mars-client version: 6.34.4
mars - INFO   - 20260617.144741 - package mir version: 1.23.9
mars - INFO   - 20260617.144741 - package odc version: 1.6.3
mars - INFO   - 20260617.144741 - package fdb version: 5.21.1
mars - INFO   - 20260617.144741 - package metkit version: 1.18.0
mars - INFO   - 20260617.144741 - package eckit version: 2.0.7
mars - INFO   - 20260617.144741 - package eccodes version: 2.46.3
RETRIEVE,
    STREAM=oper,
    CLASS=od,
    EXPVER=79,
    GRID=N80,
    GAUSSIAN=reduced,
    TYPE=AN,
    DATE=20240505,
    TIME=00:00:00/06:00:00/12:00:00/18:00:00,
    LEVTYPE=SFC,
    PARAM=172.128/31.128/235.128,   #172.128: land sea mask, #31.128:sea ice area fraction, #235.128: Skin temperature
    FILTER="select * where (lat<-45 or lat>45)",
    TARGET=HRES_SIC_TSKIN_N80_20240505_NH_SH.grb


mars - INFO   - 20260617.144741 - Processing request 1

RETRIEVE,
    CLASS      = OD,
    TYPE       = AN,
    STREAM     = OPER,
    EXPVER     = 0079,
    REPRES     = GG,
    LEVTYPE    = SFC,
    PARAM      = 172.128/31.128/235.128,
    DATE       = 20240505,
    TIME       = 0000/0600/1200/1800,
    STEP       = 00,
    DOMAIN     = G,
    TARGET     = HRES_SIC_TSKIN_N80_20240505_NH_SH.grb,
    RESOL      = AUTO,
    FILTER     = "select * where (lat<-45 or lat>45)",
    GRID       = N80

mars - INFO   - 20260617.144741 - Requesting 12 fields
mars - INFO   - 20260617.144741 - FDB home /home/fdbprod
mars - INFO   - 20260617.144741 - Setting SO_SNDBUF to 33554432 (32.00 M)
mars - INFO   - 20260617.144741 - Current value is 8192 (8.00 K)
mars - WARN   - 20260617.144741 - SO_SNDBUF limited by kernel to 212992 (208.00 K)
mars - INFO   - 20260617.144741 - Setting SO_RCVBUF to 33554432 (32.00 M)
mars - INFO   - 20260617.144741 - Current value is 43690 (42.67 K)
mars - WARN   - 20260617.144741 - SO_RCVBUF limited by kernel to 212992 (208.00 K)
mars - INFO   - 20260617.144741 - Calling mars on 'marsod-core', local port is 43593
mars - INFO   - 20260617.144741 - Callback at address 10.100.25.118, port 43593
mars - INFO   - 20260617.144741 - Mars client is on ab3-4085.bullx (10.100.25.118) 43593
mars - INFO   - 20260617.144741 - Mars server is on 10.112.5.10 45857
mars - INFO   - 20260617.144741 - Server task is 5616 [marsod]
mars - INFO   - 20260617.144741 - Request cost: 0 field,  [marsod]
mars - INFO   - 20260617.144741 - The efficiency of your requests in the last 12 hours is 6% [marsod]
mars - WARN   - 20260617.144741 - Please see https://confluence.ecmwf.int/x/rxRtD in order to improve the efficiency of your requests [marsod]
mars - WARN   - 20260617.144741 - Data not found [marsod]
mars - INFO   - 20260617.144741 - Calling mars on 'marsode-core', local port is 57205
mars - INFO   - 20260617.144741 - Callback at address 10.100.25.118, port 57205
mars - INFO   - 20260617.144741 - Mars client is on ab3-4085.bullx (10.100.25.118) 57205
mars - INFO   - 20260617.144741 - Mars server is on 10.112.2.10 48533
mars - INFO   - 20260617.144741 - Server task is 233 [marsode]
mars - INFO   - 20260617.144741 - Request cost: 6 fields, 82.6084 Mbytes on 1 tape, nodes: hpss, libraries: ibmlib02 [marsode]
mars - INFO   - 20260617.144741 - The efficiency of your requests in the last 12 hours is 100% [marsode]
mars - INFO   - 20260617.144744 - Transfering 86621188 bytes
mars - WARN   - 20260617.144745 - Visiting database marsode : expected 12, got 6
mars - INFO   - 20260617.144745 - 6 fields have been interpolated on 'ab3-4085.bullx'
mars - ERROR  - 20260617.144745 - Last error is -43
mars - ERROR  - 20260617.144745 - Expected 12, got 6.
mars - ERROR  - 20260617.144745 - Request failed
mars - INFO   - 20260617.144745 - Request time:  wall: 4 sec 
mars - INFO   - 20260617.144745 -   Processing in marsode: wall: 3 sec 
mars - INFO   - 20260617.144745 -   Visiting marsode: wall: 4 sec 
mars - INFO   - 20260617.144745 -   Read from network: 384.00 Mbyte(s) in < 1 sec [2.75 Gbyte/sec] 
mars - INFO   - 20260617.144745 -   Writing to target file: 459.14 Kbyte(s) in < 1 sec [170.29 Mbyte/sec] 
mars - INFO   - 20260617.144745 - Memory used: 196.14 Mbyte(s)
mars - ERROR  - 20260617.144745 - Some errors reported (last error -1)
2024-05-06 | expID: 79
mars - WARN - 
mars - WARN - 
MIR environment variables:
MIR_CACHE_PATH={FILE?/ec/cache.1}/cache:{FILE?/ec/cache.2}/cache
MIR_LSM_NAMED=1km.climate.v013
Using MARS binary: /usr/local/apps/mars/versions/6.34.4.11/bin/mars.bin
mars - INFO   - 20260617.144746 - Welcome to MARS
mars - INFO   - 20260617.144746 - MARS_HOME=/usr/local/apps/mars/configs/prod
mars - INFO   - 20260617.144746 - MARS Client build stamp: 20260421054856
mars - INFO   - 20260617.144746 - MARS Client bundle version: 6.34.4.11
mars - INFO   - 20260617.144746 - package mars-client version: 6.34.4
mars - INFO   - 20260617.144746 - package mir version: 1.23.9
mars - INFO   - 20260617.144746 - package odc version: 1.6.3
mars - INFO   - 20260617.144746 - package fdb version: 5.21.1
mars - INFO   - 20260617.144746 - package metkit version: 1.18.0
mars - INFO   - 20260617.144746 - package eckit version: 2.0.7
mars - INFO   - 20260617.144746 - package eccodes version: 2.46.3
RETRIEVE,
    STREAM=oper,
    CLASS=od,
    EXPVER=79,
    GRID=N80,
    GAUSSIAN=reduced,
    TYPE=AN,
    DATE=20240506,
    TIME=00:00:00/06:00:00/12:00:00/18:00:00,
    LEVTYPE=SFC,
    PARAM=172.128/31.128/235.128,   #172.128: land sea mask, #31.128:sea ice area fraction, #235.128: Skin temperature
    FILTER="select * where (lat<-45 or lat>45)",
    TARGET=HRES_SIC_TSKIN_N80_20240506_NH_SH.grb


mars - INFO   - 20260617.144746 - Processing request 1

RETRIEVE,
    CLASS      = OD,
    TYPE       = AN,
    STREAM     = OPER,
    EXPVER     = 0079,
    REPRES     = GG,
    LEVTYPE    = SFC,
    PARAM      = 172.128/31.128/235.128,
    DATE       = 20240506,
    TIME       = 0000/0600/1200/1800,
    STEP       = 00,
    DOMAIN     = G,
    TARGET     = HRES_SIC_TSKIN_N80_20240506_NH_SH.grb,
    RESOL      = AUTO,
    FILTER     = "select * where (lat<-45 or lat>45)",
    GRID       = N80

mars - INFO   - 20260617.144746 - Requesting 12 fields
mars - INFO   - 20260617.144746 - FDB home /home/fdbprod
mars - INFO   - 20260617.144746 - Setting SO_SNDBUF to 33554432 (32.00 M)
mars - INFO   - 20260617.144746 - Current value is 8192 (8.00 K)
mars - WARN   - 20260617.144746 - SO_SNDBUF limited by kernel to 212992 (208.00 K)
mars - INFO   - 20260617.144746 - Setting SO_RCVBUF to 33554432 (32.00 M)
mars - INFO   - 20260617.144746 - Current value is 43690 (42.67 K)
mars - WARN   - 20260617.144746 - SO_RCVBUF limited by kernel to 212992 (208.00 K)
mars - INFO   - 20260617.144746 - Calling mars on 'marsod-core', local port is 33075
mars - INFO   - 20260617.144746 - Callback at address 10.100.25.118, port 33075
mars - INFO   - 20260617.144746 - Mars client is on ab3-4085.bullx (10.100.25.118) 33075
mars - INFO   - 20260617.144746 - Mars server is on 10.112.5.10 54093
mars - INFO   - 20260617.144746 - Server task is 9638 [marsod]
mars - INFO   - 20260617.144746 - Request cost: 0 field,  [marsod]
mars - INFO   - 20260617.144746 - The efficiency of your requests in the last 12 hours is 6% [marsod]
mars - WARN   - 20260617.144746 - Please see https://confluence.ecmwf.int/x/rxRtD in order to improve the efficiency of your requests [marsod]
mars - WARN   - 20260617.144746 - Data not found [marsod]
mars - INFO   - 20260617.144746 - Calling mars on 'marsode-core', local port is 34439
mars - INFO   - 20260617.144746 - Callback at address 10.100.25.118, port 34439
mars - INFO   - 20260617.144746 - Mars client is on ab3-4085.bullx (10.100.25.118) 34439
mars - INFO   - 20260617.144746 - Mars server is on 10.112.2.10 45535
mars - INFO   - 20260617.144746 - Server task is 233 [marsode]
mars - INFO   - 20260617.144746 - Request cost: 6 fields, 82.6084 Mbytes on 1 tape, nodes: hpss, libraries: ibmlib02 [marsode]
mars - INFO   - 20260617.144746 - The efficiency of your requests in the last 12 hours is 100% [marsode]
mars - INFO   - 20260617.144750 - Transfering 86621188 bytes
mars - WARN   - 20260617.144751 - Visiting database marsode : expected 12, got 6
mars - INFO   - 20260617.144751 - 6 fields have been interpolated on 'ab3-4085.bullx'
mars - ERROR  - 20260617.144751 - Last error is -43
mars - ERROR  - 20260617.144751 - Expected 12, got 6.
mars - ERROR  - 20260617.144751 - Request failed
mars - INFO   - 20260617.144751 - Request time:  wall: 5 sec 
mars - INFO   - 20260617.144751 -   Processing in marsode: wall: 5 sec 
mars - INFO   - 20260617.144751 -   Visiting marsode: wall: 5 sec 
mars - INFO   - 20260617.144751 -   Read from network: 384.00 Mbyte(s) in < 1 sec [1.67 Gbyte/sec] 
mars - INFO   - 20260617.144751 -   Writing to target file: 459.14 Kbyte(s) in < 1 sec [161.06 Mbyte/sec] 
mars - INFO   - 20260617.144751 - Memory used: 195.94 Mbyte(s)
mars - ERROR  - 20260617.144751 - Some errors reported (last error -1)
2024-05-07 | expID: 79
mars - WARN - 
mars - WARN - 
MIR environment variables:
MIR_CACHE_PATH={FILE?/ec/cache.1}/cache:{FILE?/ec/cache.2}/cache
MIR_LSM_NAMED=1km.climate.v013
Using MARS binary: /usr/local/apps/mars/versions/6.34.4.11/bin/mars.bin
mars - INFO   - 20260617.144752 - Welcome to MARS
mars - INFO   - 20260617.144752 - MARS_HOME=/usr/local/apps/mars/configs/prod
mars - INFO   - 20260617.144752 - MARS Client build stamp: 20260421054856
mars - INFO   - 20260617.144752 - MARS Client bundle version: 6.34.4.11
mars - INFO   - 20260617.144752 - package mars-client version: 6.34.4
mars - INFO   - 20260617.144752 - package mir version: 1.23.9
mars - INFO   - 20260617.144752 - package odc version: 1.6.3
mars - INFO   - 20260617.144752 - package fdb version: 5.21.1
mars - INFO   - 20260617.144752 - package metkit version: 1.18.0
mars - INFO   - 20260617.144752 - package eckit version: 2.0.7
mars - INFO   - 20260617.144752 - package eccodes version: 2.46.3
RETRIEVE,
    STREAM=oper,
    CLASS=od,
    EXPVER=79,
    GRID=N80,
    GAUSSIAN=reduced,
    TYPE=AN,
    DATE=20240507,
    TIME=00:00:00/06:00:00/12:00:00/18:00:00,
    LEVTYPE=SFC,
    PARAM=172.128/31.128/235.128,   #172.128: land sea mask, #31.128:sea ice area fraction, #235.128: Skin temperature
    FILTER="select * where (lat<-45 or lat>45)",
    TARGET=HRES_SIC_TSKIN_N80_20240507_NH_SH.grb


mars - INFO   - 20260617.144752 - Processing request 1

RETRIEVE,
    CLASS      = OD,
    TYPE       = AN,
    STREAM     = OPER,
    EXPVER     = 0079,
    REPRES     = GG,
    LEVTYPE    = SFC,
    PARAM      = 172.128/31.128/235.128,
    DATE       = 20240507,
    TIME       = 0000/0600/1200/1800,
    STEP       = 00,
    DOMAIN     = G,
    TARGET     = HRES_SIC_TSKIN_N80_20240507_NH_SH.grb,
    RESOL      = AUTO,
    FILTER     = "select * where (lat<-45 or lat>45)",
    GRID       = N80

mars - INFO   - 20260617.144752 - Requesting 12 fields
mars - INFO   - 20260617.144752 - FDB home /home/fdbprod
mars - INFO   - 20260617.144752 - Setting SO_SNDBUF to 33554432 (32.00 M)
mars - INFO   - 20260617.144752 - Current value is 8192 (8.00 K)
mars - WARN   - 20260617.144752 - SO_SNDBUF limited by kernel to 212992 (208.00 K)
mars - INFO   - 20260617.144752 - Setting SO_RCVBUF to 33554432 (32.00 M)
mars - INFO   - 20260617.144752 - Current value is 43690 (42.67 K)
mars - WARN   - 20260617.144752 - SO_RCVBUF limited by kernel to 212992 (208.00 K)
mars - INFO   - 20260617.144752 - Calling mars on 'marsod-core', local port is 34381
mars - INFO   - 20260617.144752 - Callback at address 10.100.25.118, port 34381
mars - INFO   - 20260617.144752 - Mars client is on ab3-4085.bullx (10.100.25.118) 34381
mars - INFO   - 20260617.144752 - Mars server is on 10.112.5.10 41210
mars - INFO   - 20260617.144752 - Server task is 9699 [marsod]
mars - INFO   - 20260617.144752 - Request cost: 0 field,  [marsod]
mars - INFO   - 20260617.144752 - The efficiency of your requests in the last 12 hours is 6% [marsod]
mars - WARN   - 20260617.144752 - Please see https://confluence.ecmwf.int/x/rxRtD in order to improve the efficiency of your requests [marsod]
mars - WARN   - 20260617.144752 - Data not found [marsod]
mars - INFO   - 20260617.144752 - Calling mars on 'marsode-core', local port is 50471
mars - INFO   - 20260617.144752 - Callback at address 10.100.25.118, port 50471
mars - INFO   - 20260617.144752 - Mars client is on ab3-4085.bullx (10.100.25.118) 50471
mars - INFO   - 20260617.144752 - Mars server is on 10.112.2.10 35836
mars - INFO   - 20260617.144752 - Server task is 233 [marsode]
mars - INFO   - 20260617.144752 - Request cost: 6 fields, 82.6084 Mbytes on 1 tape, nodes: hpss, libraries: ibmlib02 [marsode]
mars - INFO   - 20260617.144752 - The efficiency of your requests in the last 12 hours is 100% [marsode]
mars - INFO   - 20260617.144756 - Transfering 86621188 bytes
mars - WARN   - 20260617.144756 - Visiting database marsode : expected 12, got 6
mars - INFO   - 20260617.144756 - 6 fields have been interpolated on 'ab3-4085.bullx'
mars - ERROR  - 20260617.144756 - Last error is -43
mars - ERROR  - 20260617.144756 - Expected 12, got 6.
mars - ERROR  - 20260617.144756 - Request failed
mars - INFO   - 20260617.144756 - Request time:  wall: 5 sec 
mars - INFO   - 20260617.144756 -   Processing in marsode: wall: 4 sec 
mars - INFO   - 20260617.144756 -   Visiting marsode: wall: 5 sec 
mars - INFO   - 20260617.144756 -   Read from network: 384.00 Mbyte(s) in < 1 sec [1.91 Gbyte/sec] 
mars - INFO   - 20260617.144756 -   Writing to target file: 459.14 Kbyte(s) in < 1 sec [147.06 Mbyte/sec] 
mars - INFO   - 20260617.144756 - Memory used: 195.88 Mbyte(s)
mars - ERROR  - 20260617.144756 - Some errors reported (last error -1)
2024-05-08 | expID: 79
mars - WARN - 
mars - WARN - 
MIR environment variables:
MIR_CACHE_PATH={FILE?/ec/cache.1}/cache:{FILE?/ec/cache.2}/cache
MIR_LSM_NAMED=1km.climate.v013
Using MARS binary: /usr/local/apps/mars/versions/6.34.4.11/bin/mars.bin
mars - INFO   - 20260617.144757 - Welcome to MARS
mars - INFO   - 20260617.144757 - MARS_HOME=/usr/local/apps/mars/configs/prod
mars - INFO   - 20260617.144757 - MARS Client build stamp: 20260421054856
mars - INFO   - 20260617.144757 - MARS Client bundle version: 6.34.4.11
mars - INFO   - 20260617.144757 - package mars-client version: 6.34.4
mars - INFO   - 20260617.144757 - package mir version: 1.23.9
mars - INFO   - 20260617.144757 - package odc version: 1.6.3
mars - INFO   - 20260617.144757 - package fdb version: 5.21.1
mars - INFO   - 20260617.144757 - package metkit version: 1.18.0
mars - INFO   - 20260617.144757 - package eckit version: 2.0.7
mars - INFO   - 20260617.144757 - package eccodes version: 2.46.3
RETRIEVE,
    STREAM=oper,
    CLASS=od,
    EXPVER=79,
    GRID=N80,
    GAUSSIAN=reduced,
    TYPE=AN,
    DATE=20240508,
    TIME=00:00:00/06:00:00/12:00:00/18:00:00,
    LEVTYPE=SFC,
    PARAM=172.128/31.128/235.128,   #172.128: land sea mask, #31.128:sea ice area fraction, #235.128: Skin temperature
    FILTER="select * where (lat<-45 or lat>45)",
    TARGET=HRES_SIC_TSKIN_N80_20240508_NH_SH.grb


mars - INFO   - 20260617.144757 - Processing request 1

RETRIEVE,
    CLASS      = OD,
    TYPE       = AN,
    STREAM     = OPER,
    EXPVER     = 0079,
    REPRES     = GG,
    LEVTYPE    = SFC,
    PARAM      = 172.128/31.128/235.128,
    DATE       = 20240508,
    TIME       = 0000/0600/1200/1800,
    STEP       = 00,
    DOMAIN     = G,
    TARGET     = HRES_SIC_TSKIN_N80_20240508_NH_SH.grb,
    RESOL      = AUTO,
    FILTER     = "select * where (lat<-45 or lat>45)",
    GRID       = N80

mars - INFO   - 20260617.144757 - Requesting 12 fields
mars - INFO   - 20260617.144757 - FDB home /home/fdbprod
mars - INFO   - 20260617.144757 - Setting SO_SNDBUF to 33554432 (32.00 M)
mars - INFO   - 20260617.144757 - Current value is 8192 (8.00 K)
mars - WARN   - 20260617.144757 - SO_SNDBUF limited by kernel to 212992 (208.00 K)
mars - INFO   - 20260617.144757 - Setting SO_RCVBUF to 33554432 (32.00 M)
mars - INFO   - 20260617.144757 - Current value is 43690 (42.67 K)
mars - WARN   - 20260617.144757 - SO_RCVBUF limited by kernel to 212992 (208.00 K)
mars - INFO   - 20260617.144757 - Calling mars on 'marsod-core', local port is 42315
mars - INFO   - 20260617.144757 - Callback at address 10.100.25.118, port 42315
mars - INFO   - 20260617.144757 - Mars client is on ab3-4085.bullx (10.100.25.118) 42315
mars - INFO   - 20260617.144757 - Mars server is on 10.112.5.10 59780
mars - INFO   - 20260617.144757 - Server task is 7268 [marsod]
mars - INFO   - 20260617.144757 - Request cost: 0 field,  [marsod]
mars - INFO   - 20260617.144757 - The efficiency of your requests in the last 12 hours is 6% [marsod]
mars - WARN   - 20260617.144757 - Please see https://confluence.ecmwf.int/x/rxRtD in order to improve the efficiency of your requests [marsod]
mars - WARN   - 20260617.144757 - Data not found [marsod]
mars - INFO   - 20260617.144757 - Calling mars on 'marsode-core', local port is 40895
mars - INFO   - 20260617.144757 - Callback at address 10.100.25.118, port 40895
mars - INFO   - 20260617.144757 - Mars client is on ab3-4085.bullx (10.100.25.118) 40895
mars - INFO   - 20260617.144757 - Mars server is on 10.112.2.10 50124
mars - INFO   - 20260617.144757 - Server task is 233 [marsode]
mars - INFO   - 20260617.144757 - Request cost: 6 fields, 82.6084 Mbytes on 1 tape, nodes: hpss, libraries: ibmlib02 [marsode]
mars - INFO   - 20260617.144757 - The efficiency of your requests in the last 12 hours is 100% [marsode]
mars - INFO   - 20260617.144801 - Transfering 86621188 bytes
mars - WARN   - 20260617.144802 - Visiting database marsode : expected 12, got 6
mars - INFO   - 20260617.144802 - 6 fields have been interpolated on 'ab3-4085.bullx'
mars - ERROR  - 20260617.144802 - Last error is -43
mars - ERROR  - 20260617.144802 - Expected 12, got 6.
mars - ERROR  - 20260617.144802 - Request failed
mars - INFO   - 20260617.144802 - Request time:  wall: 5 sec 
mars - INFO   - 20260617.144802 -   Processing in marsode: wall: 4 sec 
mars - INFO   - 20260617.144802 -   Visiting marsode: wall: 5 sec 
mars - INFO   - 20260617.144802 -   Read from network: 384.00 Mbyte(s) in < 1 sec [2.26 Gbyte/sec] 
mars - INFO   - 20260617.144802 -   Writing to target file: 459.14 Kbyte(s) in < 1 sec [141.53 Mbyte/sec] 
mars - INFO   - 20260617.144802 - Memory used: 195.73 Mbyte(s)
mars - ERROR  - 20260617.144802 - Some errors reported (last error -1)
2024-05-09 | expID: 79
mars - WARN - 
mars - WARN - 
MIR environment variables:
MIR_CACHE_PATH={FILE?/ec/cache.1}/cache:{FILE?/ec/cache.2}/cache
MIR_LSM_NAMED=1km.climate.v013
Using MARS binary: /usr/local/apps/mars/versions/6.34.4.11/bin/mars.bin
mars - INFO   - 20260617.144803 - Welcome to MARS
mars - INFO   - 20260617.144803 - MARS_HOME=/usr/local/apps/mars/configs/prod
mars - INFO   - 20260617.144803 - MARS Client build stamp: 20260421054856
mars - INFO   - 20260617.144803 - MARS Client bundle version: 6.34.4.11
mars - INFO   - 20260617.144803 - package mars-client version: 6.34.4
mars - INFO   - 20260617.144803 - package mir version: 1.23.9
mars - INFO   - 20260617.144803 - package odc version: 1.6.3
mars - INFO   - 20260617.144803 - package fdb version: 5.21.1
mars - INFO   - 20260617.144803 - package metkit version: 1.18.0
mars - INFO   - 20260617.144803 - package eckit version: 2.0.7
mars - INFO   - 20260617.144803 - package eccodes version: 2.46.3
RETRIEVE,
    STREAM=oper,
    CLASS=od,
    EXPVER=79,
    GRID=N80,
    GAUSSIAN=reduced,
    TYPE=AN,
    DATE=20240509,
    TIME=00:00:00/06:00:00/12:00:00/18:00:00,
    LEVTYPE=SFC,
    PARAM=172.128/31.128/235.128,   #172.128: land sea mask, #31.128:sea ice area fraction, #235.128: Skin temperature
    FILTER="select * where (lat<-45 or lat>45)",
    TARGET=HRES_SIC_TSKIN_N80_20240509_NH_SH.grb


mars - INFO   - 20260617.144803 - Processing request 1

RETRIEVE,
    CLASS      = OD,
    TYPE       = AN,
    STREAM     = OPER,
    EXPVER     = 0079,
    REPRES     = GG,
    LEVTYPE    = SFC,
    PARAM      = 172.128/31.128/235.128,
    DATE       = 20240509,
    TIME       = 0000/0600/1200/1800,
    STEP       = 00,
    DOMAIN     = G,
    TARGET     = HRES_SIC_TSKIN_N80_20240509_NH_SH.grb,
    RESOL      = AUTO,
    FILTER     = "select * where (lat<-45 or lat>45)",
    GRID       = N80

mars - INFO   - 20260617.144803 - Requesting 12 fields
mars - INFO   - 20260617.144803 - FDB home /home/fdbprod
mars - INFO   - 20260617.144803 - Setting SO_SNDBUF to 33554432 (32.00 M)
mars - INFO   - 20260617.144803 - Current value is 8192 (8.00 K)
mars - WARN   - 20260617.144803 - SO_SNDBUF limited by kernel to 212992 (208.00 K)
mars - INFO   - 20260617.144803 - Setting SO_RCVBUF to 33554432 (32.00 M)
mars - INFO   - 20260617.144803 - Current value is 43690 (42.67 K)
mars - WARN   - 20260617.144803 - SO_RCVBUF limited by kernel to 212992 (208.00 K)
mars - INFO   - 20260617.144803 - Calling mars on 'marsod-core', local port is 48437
mars - INFO   - 20260617.144803 - Callback at address 10.100.25.118, port 48437
mars - INFO   - 20260617.144803 - Mars client is on ab3-4085.bullx (10.100.25.118) 48437
mars - INFO   - 20260617.144803 - Mars server is on 10.112.5.10 55299
mars - INFO   - 20260617.144803 - Server task is 1393 [marsod]
mars - INFO   - 20260617.144803 - Request cost: 0 field,  [marsod]
mars - INFO   - 20260617.144803 - The efficiency of your requests in the last 12 hours is 6% [marsod]
mars - WARN   - 20260617.144803 - Please see https://confluence.ecmwf.int/x/rxRtD in order to improve the efficiency of your requests [marsod]
mars - WARN   - 20260617.144803 - Data not found [marsod]
mars - INFO   - 20260617.144803 - Calling mars on 'marsode-core', local port is 34075
mars - INFO   - 20260617.144803 - Callback at address 10.100.25.118, port 34075
mars - INFO   - 20260617.144803 - Mars client is on ab3-4085.bullx (10.100.25.118) 34075
mars - INFO   - 20260617.144803 - Mars server is on 10.112.2.10 40224
mars - INFO   - 20260617.144803 - Server task is 233 [marsode]
mars - INFO   - 20260617.144803 - Request cost: 6 fields, 82.6084 Mbytes on 1 tape, nodes: hpss, libraries: ibmlib02 [marsode]
mars - INFO   - 20260617.144803 - The efficiency of your requests in the last 12 hours is 100% [marsode]
mars - INFO   - 20260617.144807 - Transfering 86621188 bytes
mars - WARN   - 20260617.144807 - Visiting database marsode : expected 12, got 6
mars - INFO   - 20260617.144807 - 6 fields have been interpolated on 'ab3-4085.bullx'
mars - ERROR  - 20260617.144807 - Last error is -43
mars - ERROR  - 20260617.144807 - Expected 12, got 6.
mars - ERROR  - 20260617.144807 - Request failed
mars - INFO   - 20260617.144807 - Request time:  wall: 4 sec 
mars - INFO   - 20260617.144807 -   Processing in marsode: wall: 4 sec 
mars - INFO   - 20260617.144807 -   Visiting marsode: wall: 4 sec 
mars - INFO   - 20260617.144807 -   Read from network: 384.00 Mbyte(s) in < 1 sec [2.68 Gbyte/sec] 
mars - INFO   - 20260617.144807 -   Writing to target file: 459.14 Kbyte(s) in < 1 sec [105.97 Mbyte/sec] 
mars - INFO   - 20260617.144807 - Memory used: 196.20 Mbyte(s)
mars - ERROR  - 20260617.144807 - Some errors reported (last error -1)
2024-05-10 | expID: 79
mars - WARN - 
mars - WARN - 
MIR environment variables:
MIR_CACHE_PATH={FILE?/ec/cache.1}/cache:{FILE?/ec/cache.2}/cache
MIR_LSM_NAMED=1km.climate.v013
Using MARS binary: /usr/local/apps/mars/versions/6.34.4.11/bin/mars.bin
mars - INFO   - 20260617.144808 - Welcome to MARS
mars - INFO   - 20260617.144808 - MARS_HOME=/usr/local/apps/mars/configs/prod
mars - INFO   - 20260617.144808 - MARS Client build stamp: 20260421054856
mars - INFO   - 20260617.144808 - MARS Client bundle version: 6.34.4.11
mars - INFO   - 20260617.144808 - package mars-client version: 6.34.4
mars - INFO   - 20260617.144808 - package mir version: 1.23.9
mars - INFO   - 20260617.144808 - package odc version: 1.6.3
mars - INFO   - 20260617.144808 - package fdb version: 5.21.1
mars - INFO   - 20260617.144808 - package metkit version: 1.18.0
mars - INFO   - 20260617.144808 - package eckit version: 2.0.7
mars - INFO   - 20260617.144808 - package eccodes version: 2.46.3
RETRIEVE,
    STREAM=oper,
    CLASS=od,
    EXPVER=79,
    GRID=N80,
    GAUSSIAN=reduced,
    TYPE=AN,
    DATE=20240510,
    TIME=00:00:00/06:00:00/12:00:00/18:00:00,
    LEVTYPE=SFC,
    PARAM=172.128/31.128/235.128,   #172.128: land sea mask, #31.128:sea ice area fraction, #235.128: Skin temperature
    FILTER="select * where (lat<-45 or lat>45)",
    TARGET=HRES_SIC_TSKIN_N80_20240510_NH_SH.grb


mars - INFO   - 20260617.144808 - Processing request 1

RETRIEVE,
    CLASS      = OD,
    TYPE       = AN,
    STREAM     = OPER,
    EXPVER     = 0079,
    REPRES     = GG,
    LEVTYPE    = SFC,
    PARAM      = 172.128/31.128/235.128,
    DATE       = 20240510,
    TIME       = 0000/0600/1200/1800,
    STEP       = 00,
    DOMAIN     = G,
    TARGET     = HRES_SIC_TSKIN_N80_20240510_NH_SH.grb,
    RESOL      = AUTO,
    FILTER     = "select * where (lat<-45 or lat>45)",
    GRID       = N80

mars - INFO   - 20260617.144808 - Requesting 12 fields
mars - INFO   - 20260617.144808 - FDB home /home/fdbprod
mars - INFO   - 20260617.144808 - Setting SO_SNDBUF to 33554432 (32.00 M)
mars - INFO   - 20260617.144808 - Current value is 8192 (8.00 K)
mars - WARN   - 20260617.144808 - SO_SNDBUF limited by kernel to 212992 (208.00 K)
mars - INFO   - 20260617.144808 - Setting SO_RCVBUF to 33554432 (32.00 M)
mars - INFO   - 20260617.144808 - Current value is 43690 (42.67 K)
mars - WARN   - 20260617.144808 - SO_RCVBUF limited by kernel to 212992 (208.00 K)
mars - INFO   - 20260617.144808 - Calling mars on 'marsod-core', local port is 42343
mars - INFO   - 20260617.144808 - Callback at address 10.100.25.118, port 42343
mars - INFO   - 20260617.144808 - Mars client is on ab3-4085.bullx (10.100.25.118) 42343
mars - INFO   - 20260617.144808 - Mars server is on 10.112.5.10 36724
mars - INFO   - 20260617.144808 - Server task is 1393 [marsod]
mars - INFO   - 20260617.144808 - Request cost: 0 field,  [marsod]
mars - INFO   - 20260617.144808 - The efficiency of your requests in the last 12 hours is 6% [marsod]
mars - WARN   - 20260617.144808 - Please see https://confluence.ecmwf.int/x/rxRtD in order to improve the efficiency of your requests [marsod]
mars - WARN   - 20260617.144808 - Data not found [marsod]
mars - INFO   - 20260617.144808 - Calling mars on 'marsode-core', local port is 51993
mars - INFO   - 20260617.144808 - Callback at address 10.100.25.118, port 51993
mars - INFO   - 20260617.144808 - Mars client is on ab3-4085.bullx (10.100.25.118) 51993
mars - INFO   - 20260617.144808 - Mars server is on 10.112.2.10 34984
mars - INFO   - 20260617.144808 - Server task is 233 [marsode]
mars - INFO   - 20260617.144808 - Request cost: 6 fields, 82.6084 Mbytes on 1 tape, nodes: hpss, libraries: ibmlib02 [marsode]
mars - INFO   - 20260617.144808 - The efficiency of your requests in the last 12 hours is 100% [marsode]
mars - INFO   - 20260617.144814 - Transfering 86621188 bytes
mars - WARN   - 20260617.144815 - Visiting database marsode : expected 12, got 6
mars - INFO   - 20260617.144815 - 6 fields have been interpolated on 'ab3-4085.bullx'
mars - ERROR  - 20260617.144815 - Last error is -43
mars - ERROR  - 20260617.144815 - Expected 12, got 6.
mars - ERROR  - 20260617.144815 - Request failed
mars - INFO   - 20260617.144815 - Request time:  wall: 7 sec 
mars - INFO   - 20260617.144815 -   Processing in marsode: wall: 6 sec 
mars - INFO   - 20260617.144815 -   Visiting marsode: wall: 7 sec 
mars - INFO   - 20260617.144815 -   Read from network: 384.00 Mbyte(s) in < 1 sec [2.75 Gbyte/sec] 
mars - INFO   - 20260617.144815 -   Writing to target file: 459.14 Kbyte(s) in < 1 sec [148.37 Mbyte/sec] 
mars - INFO   - 20260617.144815 - Memory used: 195.86 Mbyte(s)
mars - ERROR  - 20260617.144815 - Some errors reported (last error -1)
2024-05-11 | expID: 79
mars - WARN - 
mars - WARN - 
MIR environment variables:
MIR_CACHE_PATH={FILE?/ec/cache.1}/cache:{FILE?/ec/cache.2}/cache
MIR_LSM_NAMED=1km.climate.v013
Using MARS binary: /usr/local/apps/mars/versions/6.34.4.11/bin/mars.bin
mars - INFO   - 20260617.144815 - Welcome to MARS
mars - INFO   - 20260617.144815 - MARS_HOME=/usr/local/apps/mars/configs/prod
mars - INFO   - 20260617.144815 - MARS Client build stamp: 20260421054856
mars - INFO   - 20260617.144815 - MARS Client bundle version: 6.34.4.11
mars - INFO   - 20260617.144815 - package mars-client version: 6.34.4
mars - INFO   - 20260617.144815 - package mir version: 1.23.9
mars - INFO   - 20260617.144815 - package odc version: 1.6.3
mars - INFO   - 20260617.144815 - package fdb version: 5.21.1
mars - INFO   - 20260617.144815 - package metkit version: 1.18.0
mars - INFO   - 20260617.144815 - package eckit version: 2.0.7
mars - INFO   - 20260617.144815 - package eccodes version: 2.46.3
RETRIEVE,
    STREAM=oper,
    CLASS=od,
    EXPVER=79,
    GRID=N80,
    GAUSSIAN=reduced,
    TYPE=AN,
    DATE=20240511,
    TIME=00:00:00/06:00:00/12:00:00/18:00:00,
    LEVTYPE=SFC,
    PARAM=172.128/31.128/235.128,   #172.128: land sea mask, #31.128:sea ice area fraction, #235.128: Skin temperature
    FILTER="select * where (lat<-45 or lat>45)",
    TARGET=HRES_SIC_TSKIN_N80_20240511_NH_SH.grb


mars - INFO   - 20260617.144816 - Processing request 1

RETRIEVE,
    CLASS      = OD,
    TYPE       = AN,
    STREAM     = OPER,
    EXPVER     = 0079,
    REPRES     = GG,
    LEVTYPE    = SFC,
    PARAM      = 172.128/31.128/235.128,
    DATE       = 20240511,
    TIME       = 0000/0600/1200/1800,
    STEP       = 00,
    DOMAIN     = G,
    TARGET     = HRES_SIC_TSKIN_N80_20240511_NH_SH.grb,
    RESOL      = AUTO,
    FILTER     = "select * where (lat<-45 or lat>45)",
    GRID       = N80

mars - INFO   - 20260617.144816 - Requesting 12 fields
mars - INFO   - 20260617.144816 - FDB home /home/fdbprod
mars - INFO   - 20260617.144816 - Setting SO_SNDBUF to 33554432 (32.00 M)
mars - INFO   - 20260617.144816 - Current value is 8192 (8.00 K)
mars - WARN   - 20260617.144816 - SO_SNDBUF limited by kernel to 212992 (208.00 K)
mars - INFO   - 20260617.144816 - Setting SO_RCVBUF to 33554432 (32.00 M)
mars - INFO   - 20260617.144816 - Current value is 43690 (42.67 K)
mars - WARN   - 20260617.144816 - SO_RCVBUF limited by kernel to 212992 (208.00 K)
mars - INFO   - 20260617.144816 - Calling mars on 'marsod-core', local port is 53265
mars - INFO   - 20260617.144816 - Callback at address 10.100.25.118, port 53265
mars - INFO   - 20260617.144816 - Mars client is on ab3-4085.bullx (10.100.25.118) 53265
mars - INFO   - 20260617.144816 - Mars server is on 10.112.5.10 51900
mars - INFO   - 20260617.144816 - Server task is 1393 [marsod]
mars - INFO   - 20260617.144816 - Request cost: 0 field,  [marsod]
mars - INFO   - 20260617.144816 - The efficiency of your requests in the last 12 hours is 6% [marsod]
mars - WARN   - 20260617.144816 - Please see https://confluence.ecmwf.int/x/rxRtD in order to improve the efficiency of your requests [marsod]
mars - WARN   - 20260617.144816 - Data not found [marsod]
mars - INFO   - 20260617.144816 - Calling mars on 'marsode-core', local port is 36509
mars - INFO   - 20260617.144816 - Callback at address 10.100.25.118, port 36509
mars - INFO   - 20260617.144816 - Mars client is on ab3-4085.bullx (10.100.25.118) 36509
mars - INFO   - 20260617.144816 - Mars server is on 10.112.2.10 33274
mars - INFO   - 20260617.144816 - Server task is 233 [marsode]
mars - INFO   - 20260617.144816 - Request cost: 6 fields, 82.6084 Mbytes on 1 tape, nodes: hpss, libraries: ibmlib02 [marsode]
mars - INFO   - 20260617.144816 - The efficiency of your requests in the last 12 hours is 100% [marsode]
mars - INFO   - 20260617.144820 - Transfering 86621188 bytes
mars - WARN   - 20260617.144821 - Visiting database marsode : expected 12, got 6
mars - INFO   - 20260617.144821 - 6 fields have been interpolated on 'ab3-4085.bullx'
mars - ERROR  - 20260617.144821 - Last error is -43
mars - ERROR  - 20260617.144821 - Expected 12, got 6.
mars - ERROR  - 20260617.144821 - Request failed
mars - INFO   - 20260617.144821 - Request time:  wall: 5 sec 
mars - INFO   - 20260617.144821 -   Processing in marsode: wall: 5 sec 
mars - INFO   - 20260617.144821 -   Visiting marsode: wall: 5 sec 
mars - INFO   - 20260617.144821 -   Read from network: 384.00 Mbyte(s) in < 1 sec [2.86 Gbyte/sec] 
mars - INFO   - 20260617.144821 -   Writing to target file: 459.14 Kbyte(s) in < 1 sec [146.39 Mbyte/sec] 
mars - INFO   - 20260617.144821 - Memory used: 195.81 Mbyte(s)
mars - ERROR  - 20260617.144821 - Some errors reported (last error -1)
2024-05-12 | expID: 79
mars - WARN - 
mars - WARN - 
MIR environment variables:
MIR_CACHE_PATH={FILE?/ec/cache.1}/cache:{FILE?/ec/cache.2}/cache
MIR_LSM_NAMED=1km.climate.v013
Using MARS binary: /usr/local/apps/mars/versions/6.34.4.11/bin/mars.bin
mars - INFO   - 20260617.144821 - Welcome to MARS
mars - INFO   - 20260617.144821 - MARS_HOME=/usr/local/apps/mars/configs/prod
mars - INFO   - 20260617.144821 - MARS Client build stamp: 20260421054856
mars - INFO   - 20260617.144821 - MARS Client bundle version: 6.34.4.11
mars - INFO   - 20260617.144821 - package mars-client version: 6.34.4
mars - INFO   - 20260617.144821 - package mir version: 1.23.9
mars - INFO   - 20260617.144821 - package odc version: 1.6.3
mars - INFO   - 20260617.144821 - package fdb version: 5.21.1
mars - INFO   - 20260617.144821 - package metkit version: 1.18.0
mars - INFO   - 20260617.144821 - package eckit version: 2.0.7
mars - INFO   - 20260617.144821 - package eccodes version: 2.46.3
RETRIEVE,
    STREAM=oper,
    CLASS=od,
    EXPVER=79,
    GRID=N80,
    GAUSSIAN=reduced,
    TYPE=AN,
    DATE=20240512,
    TIME=00:00:00/06:00:00/12:00:00/18:00:00,
    LEVTYPE=SFC,
    PARAM=172.128/31.128/235.128,   #172.128: land sea mask, #31.128:sea ice area fraction, #235.128: Skin temperature
    FILTER="select * where (lat<-45 or lat>45)",
    TARGET=HRES_SIC_TSKIN_N80_20240512_NH_SH.grb


mars - INFO   - 20260617.144821 - Processing request 1

RETRIEVE,
    CLASS      = OD,
    TYPE       = AN,
    STREAM     = OPER,
    EXPVER     = 0079,
    REPRES     = GG,
    LEVTYPE    = SFC,
    PARAM      = 172.128/31.128/235.128,
    DATE       = 20240512,
    TIME       = 0000/0600/1200/1800,
    STEP       = 00,
    DOMAIN     = G,
    TARGET     = HRES_SIC_TSKIN_N80_20240512_NH_SH.grb,
    RESOL      = AUTO,
    FILTER     = "select * where (lat<-45 or lat>45)",
    GRID       = N80

mars - INFO   - 20260617.144821 - Requesting 12 fields
mars - INFO   - 20260617.144821 - FDB home /home/fdbprod
mars - INFO   - 20260617.144821 - Setting SO_SNDBUF to 33554432 (32.00 M)
mars - INFO   - 20260617.144821 - Current value is 8192 (8.00 K)
mars - WARN   - 20260617.144821 - SO_SNDBUF limited by kernel to 212992 (208.00 K)
mars - INFO   - 20260617.144821 - Setting SO_RCVBUF to 33554432 (32.00 M)
mars - INFO   - 20260617.144821 - Current value is 43690 (42.67 K)
mars - WARN   - 20260617.144821 - SO_RCVBUF limited by kernel to 212992 (208.00 K)
mars - INFO   - 20260617.144821 - Calling mars on 'marsod-core', local port is 58639
mars - INFO   - 20260617.144821 - Callback at address 10.100.25.118, port 58639
mars - INFO   - 20260617.144821 - Mars client is on ab3-4085.bullx (10.100.25.118) 58639
mars - INFO   - 20260617.144821 - Mars server is on 10.112.5.10 51397
mars - INFO   - 20260617.144821 - Server task is 9826 [marsod]
mars - INFO   - 20260617.144821 - Request cost: 0 field,  [marsod]
mars - INFO   - 20260617.144821 - The efficiency of your requests in the last 12 hours is 6% [marsod]
mars - WARN   - 20260617.144821 - Please see https://confluence.ecmwf.int/x/rxRtD in order to improve the efficiency of your requests [marsod]
mars - WARN   - 20260617.144821 - Data not found [marsod]
mars - INFO   - 20260617.144821 - Calling mars on 'marsode-core', local port is 40947
mars - INFO   - 20260617.144821 - Callback at address 10.100.25.118, port 40947
mars - INFO   - 20260617.144821 - Mars client is on ab3-4085.bullx (10.100.25.118) 40947
mars - INFO   - 20260617.144821 - Mars server is on 10.112.2.10 33264
mars - INFO   - 20260617.144821 - Server task is 233 [marsode]
mars - INFO   - 20260617.144821 - Request cost: 6 fields, 82.6084 Mbytes on 1 tape, nodes: hpss, libraries: ibmlib02 [marsode]
mars - INFO   - 20260617.144821 - The efficiency of your requests in the last 12 hours is 100% [marsode]
mars - INFO   - 20260617.144828 - Transfering 86621188 bytes
mars - WARN   - 20260617.144828 - Visiting database marsode : expected 12, got 6
mars - INFO   - 20260617.144828 - 6 fields have been interpolated on 'ab3-4085.bullx'
mars - ERROR  - 20260617.144828 - Last error is -43
mars - ERROR  - 20260617.144828 - Expected 12, got 6.
mars - ERROR  - 20260617.144828 - Request failed
mars - INFO   - 20260617.144828 - Request time:  wall: 7 sec 
mars - INFO   - 20260617.144828 -   Processing in marsode: wall: 7 sec 
mars - INFO   - 20260617.144828 -   Visiting marsode: wall: 7 sec 
mars - INFO   - 20260617.144828 -   Read from network: 384.00 Mbyte(s) in < 1 sec [2.69 Gbyte/sec] 
mars - INFO   - 20260617.144828 -   Writing to target file: 459.14 Kbyte(s) in < 1 sec [394.01 Mbyte/sec] 
mars - INFO   - 20260617.144828 - Memory used: 195.85 Mbyte(s)
mars - ERROR  - 20260617.144828 - Some errors reported (last error -1)
2024-05-13 | expID: 79
mars - WARN - 
mars - WARN - 
MIR environment variables:
MIR_CACHE_PATH={FILE?/ec/cache.1}/cache:{FILE?/ec/cache.2}/cache
MIR_LSM_NAMED=1km.climate.v013
Using MARS binary: /usr/local/apps/mars/versions/6.34.4.11/bin/mars.bin
mars - INFO   - 20260617.144829 - Welcome to MARS
mars - INFO   - 20260617.144829 - MARS_HOME=/usr/local/apps/mars/configs/prod
mars - INFO   - 20260617.144829 - MARS Client build stamp: 20260421054856
mars - INFO   - 20260617.144829 - MARS Client bundle version: 6.34.4.11
mars - INFO   - 20260617.144829 - package mars-client version: 6.34.4
mars - INFO   - 20260617.144829 - package mir version: 1.23.9
mars - INFO   - 20260617.144829 - package odc version: 1.6.3
mars - INFO   - 20260617.144829 - package fdb version: 5.21.1
mars - INFO   - 20260617.144829 - package metkit version: 1.18.0
mars - INFO   - 20260617.144829 - package eckit version: 2.0.7
mars - INFO   - 20260617.144829 - package eccodes version: 2.46.3
RETRIEVE,
    STREAM=oper,
    CLASS=od,
    EXPVER=79,
    GRID=N80,
    GAUSSIAN=reduced,
    TYPE=AN,
    DATE=20240513,
    TIME=00:00:00/06:00:00/12:00:00/18:00:00,
    LEVTYPE=SFC,
    PARAM=172.128/31.128/235.128,   #172.128: land sea mask, #31.128:sea ice area fraction, #235.128: Skin temperature
    FILTER="select * where (lat<-45 or lat>45)",
    TARGET=HRES_SIC_TSKIN_N80_20240513_NH_SH.grb


mars - INFO   - 20260617.144829 - Processing request 1

RETRIEVE,
    CLASS      = OD,
    TYPE       = AN,
    STREAM     = OPER,
    EXPVER     = 0079,
    REPRES     = GG,
    LEVTYPE    = SFC,
    PARAM      = 172.128/31.128/235.128,
    DATE       = 20240513,
    TIME       = 0000/0600/1200/1800,
    STEP       = 00,
    DOMAIN     = G,
    TARGET     = HRES_SIC_TSKIN_N80_20240513_NH_SH.grb,
    RESOL      = AUTO,
    FILTER     = "select * where (lat<-45 or lat>45)",
    GRID       = N80

mars - INFO   - 20260617.144829 - Requesting 12 fields
mars - INFO   - 20260617.144829 - FDB home /home/fdbprod
mars - INFO   - 20260617.144829 - Setting SO_SNDBUF to 33554432 (32.00 M)
mars - INFO   - 20260617.144829 - Current value is 8192 (8.00 K)
mars - WARN   - 20260617.144829 - SO_SNDBUF limited by kernel to 212992 (208.00 K)
mars - INFO   - 20260617.144829 - Setting SO_RCVBUF to 33554432 (32.00 M)
mars - INFO   - 20260617.144829 - Current value is 43690 (42.67 K)
mars - WARN   - 20260617.144829 - SO_RCVBUF limited by kernel to 212992 (208.00 K)
mars - INFO   - 20260617.144829 - Calling mars on 'marsod-core', local port is 56267
mars - INFO   - 20260617.144829 - Callback at address 10.100.25.118, port 56267
mars - INFO   - 20260617.144829 - Mars client is on ab3-4085.bullx (10.100.25.118) 56267
mars - INFO   - 20260617.144829 - Mars server is on 10.112.5.10 48268
mars - INFO   - 20260617.144829 - Server task is 9638 [marsod]
mars - INFO   - 20260617.144829 - Request cost: 0 field,  [marsod]
mars - INFO   - 20260617.144829 - The efficiency of your requests in the last 12 hours is 6% [marsod]
mars - WARN   - 20260617.144829 - Please see https://confluence.ecmwf.int/x/rxRtD in order to improve the efficiency of your requests [marsod]
mars - WARN   - 20260617.144829 - Data not found [marsod]
mars - INFO   - 20260617.144829 - Calling mars on 'marsode-core', local port is 60995
mars - INFO   - 20260617.144829 - Callback at address 10.100.25.118, port 60995
mars - INFO   - 20260617.144829 - Mars client is on ab3-4085.bullx (10.100.25.118) 60995
mars - INFO   - 20260617.144829 - Mars server is on 10.112.2.10 49732
mars - INFO   - 20260617.144829 - Server task is 233 [marsode]
mars - INFO   - 20260617.144829 - Request cost: 6 fields, 82.6084 Mbytes on 1 tape, nodes: hpss, libraries: ibmlib02 [marsode]
mars - INFO   - 20260617.144829 - The efficiency of your requests in the last 12 hours is 100% [marsode]
mars - INFO   - 20260617.144834 - Transfering 86621188 bytes
mars - WARN   - 20260617.144834 - Visiting database marsode : expected 12, got 6
mars - INFO   - 20260617.144834 - 6 fields have been interpolated on 'ab3-4085.bullx'
mars - ERROR  - 20260617.144834 - Last error is -43
mars - ERROR  - 20260617.144834 - Expected 12, got 6.
mars - ERROR  - 20260617.144834 - Request failed
mars - INFO   - 20260617.144834 - Request time:  wall: 5 sec 
mars - INFO   - 20260617.144834 -   Processing in marsode: wall: 5 sec 
mars - INFO   - 20260617.144834 -   Visiting marsode: wall: 5 sec 
mars - INFO   - 20260617.144834 -   Read from network: 384.00 Mbyte(s) in < 1 sec [1.69 Gbyte/sec] 
mars - INFO   - 20260617.144834 -   Writing to target file: 459.14 Kbyte(s) in < 1 sec [49.90 Mbyte/sec] 
mars - INFO   - 20260617.144834 - Memory used: 196.06 Mbyte(s)
mars - ERROR  - 20260617.144834 - Some errors reported (last error -1)
2024-05-14 | expID: 79
mars - WARN - 
mars - WARN - 
MIR environment variables:
MIR_CACHE_PATH={FILE?/ec/cache.1}/cache:{FILE?/ec/cache.2}/cache
MIR_LSM_NAMED=1km.climate.v013
Using MARS binary: /usr/local/apps/mars/versions/6.34.4.11/bin/mars.bin
mars - INFO   - 20260617.144835 - Welcome to MARS
mars - INFO   - 20260617.144835 - MARS_HOME=/usr/local/apps/mars/configs/prod
mars - INFO   - 20260617.144835 - MARS Client build stamp: 20260421054856
mars - INFO   - 20260617.144835 - MARS Client bundle version: 6.34.4.11
mars - INFO   - 20260617.144835 - package mars-client version: 6.34.4
mars - INFO   - 20260617.144835 - package mir version: 1.23.9
mars - INFO   - 20260617.144835 - package odc version: 1.6.3
mars - INFO   - 20260617.144835 - package fdb version: 5.21.1
mars - INFO   - 20260617.144835 - package metkit version: 1.18.0
mars - INFO   - 20260617.144835 - package eckit version: 2.0.7
mars - INFO   - 20260617.144835 - package eccodes version: 2.46.3
RETRIEVE,
    STREAM=oper,
    CLASS=od,
    EXPVER=79,
    GRID=N80,
    GAUSSIAN=reduced,
    TYPE=AN,
    DATE=20240514,
    TIME=00:00:00/06:00:00/12:00:00/18:00:00,
    LEVTYPE=SFC,
    PARAM=172.128/31.128/235.128,   #172.128: land sea mask, #31.128:sea ice area fraction, #235.128: Skin temperature
    FILTER="select * where (lat<-45 or lat>45)",
    TARGET=HRES_SIC_TSKIN_N80_20240514_NH_SH.grb


mars - INFO   - 20260617.144835 - Processing request 1

RETRIEVE,
    CLASS      = OD,
    TYPE       = AN,
    STREAM     = OPER,
    EXPVER     = 0079,
    REPRES     = GG,
    LEVTYPE    = SFC,
    PARAM      = 172.128/31.128/235.128,
    DATE       = 20240514,
    TIME       = 0000/0600/1200/1800,
    STEP       = 00,
    DOMAIN     = G,
    TARGET     = HRES_SIC_TSKIN_N80_20240514_NH_SH.grb,
    RESOL      = AUTO,
    FILTER     = "select * where (lat<-45 or lat>45)",
    GRID       = N80

mars - INFO   - 20260617.144835 - Requesting 12 fields
mars - INFO   - 20260617.144835 - FDB home /home/fdbprod
mars - INFO   - 20260617.144835 - Setting SO_SNDBUF to 33554432 (32.00 M)
mars - INFO   - 20260617.144835 - Current value is 8192 (8.00 K)
mars - WARN   - 20260617.144835 - SO_SNDBUF limited by kernel to 212992 (208.00 K)
mars - INFO   - 20260617.144835 - Setting SO_RCVBUF to 33554432 (32.00 M)
mars - INFO   - 20260617.144835 - Current value is 43690 (42.67 K)
mars - WARN   - 20260617.144835 - SO_RCVBUF limited by kernel to 212992 (208.00 K)
mars - INFO   - 20260617.144835 - Calling mars on 'marsod-core', local port is 42539
mars - INFO   - 20260617.144835 - Callback at address 10.100.25.118, port 42539
mars - INFO   - 20260617.144835 - Mars client is on ab3-4085.bullx (10.100.25.118) 42539
mars - INFO   - 20260617.144835 - Mars server is on 10.112.5.10 56304
mars - INFO   - 20260617.144835 - Server task is 5050 [marsod]
mars - INFO   - 20260617.144835 - Request cost: 0 field,  [marsod]
mars - INFO   - 20260617.144835 - The efficiency of your requests in the last 12 hours is 6% [marsod]
mars - WARN   - 20260617.144835 - Please see https://confluence.ecmwf.int/x/rxRtD in order to improve the efficiency of your requests [marsod]
mars - WARN   - 20260617.144835 - Data not found [marsod]
mars - INFO   - 20260617.144835 - Calling mars on 'marsode-core', local port is 35307
mars - INFO   - 20260617.144835 - Callback at address 10.100.25.118, port 35307
mars - INFO   - 20260617.144835 - Mars client is on ab3-4085.bullx (10.100.25.118) 35307
mars - INFO   - 20260617.144835 - Mars server is on 10.112.2.10 53495
mars - INFO   - 20260617.144835 - Server task is 233 [marsode]
mars - INFO   - 20260617.144835 - Request cost: 6 fields, 82.6084 Mbytes on 1 tape, nodes: hpss, libraries: ibmlib02 [marsode]
mars - INFO   - 20260617.144835 - The efficiency of your requests in the last 12 hours is 100% [marsode]
mars - INFO   - 20260617.144839 - Transfering 86621188 bytes
mars - WARN   - 20260617.144839 - Visiting database marsode : expected 12, got 6
mars - INFO   - 20260617.144839 - 6 fields have been interpolated on 'ab3-4085.bullx'
mars - ERROR  - 20260617.144839 - Last error is -43
mars - ERROR  - 20260617.144839 - Expected 12, got 6.
mars - ERROR  - 20260617.144839 - Request failed
mars - INFO   - 20260617.144839 - Request time:  wall: 4 sec 
mars - INFO   - 20260617.144839 -   Processing in marsode: wall: 4 sec 
mars - INFO   - 20260617.144839 -   Visiting marsode: wall: 4 sec 
mars - INFO   - 20260617.144839 -   Read from network: 384.00 Mbyte(s) in < 1 sec [1.61 Gbyte/sec] 
mars - INFO   - 20260617.144839 -   Writing to target file: 459.14 Kbyte(s) in < 1 sec [129.70 Mbyte/sec] 
mars - INFO   - 20260617.144839 - Memory used: 196.02 Mbyte(s)
mars - ERROR  - 20260617.144839 - Some errors reported (last error -1)
2024-05-15 | expID: 79
mars - WARN - 
mars - WARN - 
MIR environment variables:
MIR_CACHE_PATH={FILE?/ec/cache.1}/cache:{FILE?/ec/cache.2}/cache
MIR_LSM_NAMED=1km.climate.v013
Using MARS binary: /usr/local/apps/mars/versions/6.34.4.11/bin/mars.bin
mars - INFO   - 20260617.144840 - Welcome to MARS
mars - INFO   - 20260617.144840 - MARS_HOME=/usr/local/apps/mars/configs/prod
mars - INFO   - 20260617.144840 - MARS Client build stamp: 20260421054856
mars - INFO   - 20260617.144840 - MARS Client bundle version: 6.34.4.11
mars - INFO   - 20260617.144840 - package mars-client version: 6.34.4
mars - INFO   - 20260617.144840 - package mir version: 1.23.9
mars - INFO   - 20260617.144840 - package odc version: 1.6.3
mars - INFO   - 20260617.144840 - package fdb version: 5.21.1
mars - INFO   - 20260617.144840 - package metkit version: 1.18.0
mars - INFO   - 20260617.144840 - package eckit version: 2.0.7
mars - INFO   - 20260617.144840 - package eccodes version: 2.46.3
RETRIEVE,
    STREAM=oper,
    CLASS=od,
    EXPVER=79,
    GRID=N80,
    GAUSSIAN=reduced,
    TYPE=AN,
    DATE=20240515,
    TIME=00:00:00/06:00:00/12:00:00/18:00:00,
    LEVTYPE=SFC,
    PARAM=172.128/31.128/235.128,   #172.128: land sea mask, #31.128:sea ice area fraction, #235.128: Skin temperature
    FILTER="select * where (lat<-45 or lat>45)",
    TARGET=HRES_SIC_TSKIN_N80_20240515_NH_SH.grb


mars - INFO   - 20260617.144840 - Processing request 1

RETRIEVE,
    CLASS      = OD,
    TYPE       = AN,
    STREAM     = OPER,
    EXPVER     = 0079,
    REPRES     = GG,
    LEVTYPE    = SFC,
    PARAM      = 172.128/31.128/235.128,
    DATE       = 20240515,
    TIME       = 0000/0600/1200/1800,
    STEP       = 00,
    DOMAIN     = G,
    TARGET     = HRES_SIC_TSKIN_N80_20240515_NH_SH.grb,
    RESOL      = AUTO,
    FILTER     = "select * where (lat<-45 or lat>45)",
    GRID       = N80

mars - INFO   - 20260617.144840 - Requesting 12 fields
mars - INFO   - 20260617.144840 - FDB home /home/fdbprod
mars - INFO   - 20260617.144840 - Setting SO_SNDBUF to 33554432 (32.00 M)
mars - INFO   - 20260617.144840 - Current value is 8192 (8.00 K)
mars - WARN   - 20260617.144840 - SO_SNDBUF limited by kernel to 212992 (208.00 K)
mars - INFO   - 20260617.144840 - Setting SO_RCVBUF to 33554432 (32.00 M)
mars - INFO   - 20260617.144840 - Current value is 43690 (42.67 K)
mars - WARN   - 20260617.144840 - SO_RCVBUF limited by kernel to 212992 (208.00 K)
mars - INFO   - 20260617.144840 - Calling mars on 'marsod-core', local port is 36595
mars - INFO   - 20260617.144840 - Callback at address 10.100.25.118, port 36595
mars - INFO   - 20260617.144840 - Mars client is on ab3-4085.bullx (10.100.25.118) 36595
mars - INFO   - 20260617.144840 - Mars server is on 10.112.5.10 55954
mars - INFO   - 20260617.144840 - Server task is 2036 [marsod]
mars - INFO   - 20260617.144840 - Request cost: 0 field,  [marsod]
mars - INFO   - 20260617.144840 - The efficiency of your requests in the last 12 hours is 6% [marsod]
mars - WARN   - 20260617.144840 - Please see https://confluence.ecmwf.int/x/rxRtD in order to improve the efficiency of your requests [marsod]
mars - WARN   - 20260617.144840 - Data not found [marsod]
mars - INFO   - 20260617.144840 - Calling mars on 'marsode-core', local port is 54605
mars - INFO   - 20260617.144840 - Callback at address 10.100.25.118, port 54605
mars - INFO   - 20260617.144840 - Mars client is on ab3-4085.bullx (10.100.25.118) 54605
mars - INFO   - 20260617.144840 - Mars server is on 10.112.2.10 34359
mars - INFO   - 20260617.144840 - Server task is 233 [marsode]
mars - INFO   - 20260617.144840 - Request cost: 6 fields, 82.6084 Mbytes on 1 tape, nodes: hpss, libraries: ibmlib02 [marsode]
mars - INFO   - 20260617.144840 - The efficiency of your requests in the last 12 hours is 100% [marsode]
mars - INFO   - 20260617.144843 - Transfering 86621188 bytes
mars - WARN   - 20260617.144844 - Visiting database marsode : expected 12, got 6
mars - INFO   - 20260617.144844 - 6 fields have been interpolated on 'ab3-4085.bullx'
mars - ERROR  - 20260617.144844 - Last error is -43
mars - ERROR  - 20260617.144844 - Expected 12, got 6.
mars - ERROR  - 20260617.144844 - Request failed
mars - INFO   - 20260617.144844 - Request time:  wall: 4 sec 
mars - INFO   - 20260617.144844 -   Processing in marsode: wall: 3 sec 
mars - INFO   - 20260617.144844 -   Visiting marsode: wall: 4 sec 
mars - INFO   - 20260617.144844 -   Read from network: 384.00 Mbyte(s) in < 1 sec [2.42 Gbyte/sec] 
mars - INFO   - 20260617.144844 -   Writing to target file: 459.14 Kbyte(s) in < 1 sec [401.41 Mbyte/sec] 
mars - INFO   - 20260617.144844 - Memory used: 195.90 Mbyte(s)
mars - ERROR  - 20260617.144844 - Some errors reported (last error -1)
2024-05-16 | expID: 79
mars - WARN - 
mars - WARN - 
MIR environment variables:
MIR_CACHE_PATH={FILE?/ec/cache.1}/cache:{FILE?/ec/cache.2}/cache
MIR_LSM_NAMED=1km.climate.v013
Using MARS binary: /usr/local/apps/mars/versions/6.34.4.11/bin/mars.bin
mars - INFO   - 20260617.144844 - Welcome to MARS
mars - INFO   - 20260617.144844 - MARS_HOME=/usr/local/apps/mars/configs/prod
mars - INFO   - 20260617.144844 - MARS Client build stamp: 20260421054856
mars - INFO   - 20260617.144844 - MARS Client bundle version: 6.34.4.11
mars - INFO   - 20260617.144844 - package mars-client version: 6.34.4
mars - INFO   - 20260617.144844 - package mir version: 1.23.9
mars - INFO   - 20260617.144844 - package odc version: 1.6.3
mars - INFO   - 20260617.144844 - package fdb version: 5.21.1
mars - INFO   - 20260617.144844 - package metkit version: 1.18.0
mars - INFO   - 20260617.144844 - package eckit version: 2.0.7
mars - INFO   - 20260617.144844 - package eccodes version: 2.46.3
RETRIEVE,
    STREAM=oper,
    CLASS=od,
    EXPVER=79,
    GRID=N80,
    GAUSSIAN=reduced,
    TYPE=AN,
    DATE=20240516,
    TIME=00:00:00/06:00:00/12:00:00/18:00:00,
    LEVTYPE=SFC,
    PARAM=172.128/31.128/235.128,   #172.128: land sea mask, #31.128:sea ice area fraction, #235.128: Skin temperature
    FILTER="select * where (lat<-45 or lat>45)",
    TARGET=HRES_SIC_TSKIN_N80_20240516_NH_SH.grb


mars - INFO   - 20260617.144844 - Processing request 1

RETRIEVE,
    CLASS      = OD,
    TYPE       = AN,
    STREAM     = OPER,
    EXPVER     = 0079,
    REPRES     = GG,
    LEVTYPE    = SFC,
    PARAM      = 172.128/31.128/235.128,
    DATE       = 20240516,
    TIME       = 0000/0600/1200/1800,
    STEP       = 00,
    DOMAIN     = G,
    TARGET     = HRES_SIC_TSKIN_N80_20240516_NH_SH.grb,
    RESOL      = AUTO,
    FILTER     = "select * where (lat<-45 or lat>45)",
    GRID       = N80

mars - INFO   - 20260617.144844 - Requesting 12 fields
mars - INFO   - 20260617.144844 - FDB home /home/fdbprod
mars - INFO   - 20260617.144844 - Setting SO_SNDBUF to 33554432 (32.00 M)
mars - INFO   - 20260617.144844 - Current value is 8192 (8.00 K)
mars - WARN   - 20260617.144844 - SO_SNDBUF limited by kernel to 212992 (208.00 K)
mars - INFO   - 20260617.144844 - Setting SO_RCVBUF to 33554432 (32.00 M)
mars - INFO   - 20260617.144844 - Current value is 43690 (42.67 K)
mars - WARN   - 20260617.144844 - SO_RCVBUF limited by kernel to 212992 (208.00 K)
mars - INFO   - 20260617.144844 - Calling mars on 'marsod-core', local port is 32825
mars - INFO   - 20260617.144844 - Callback at address 10.100.25.118, port 32825
mars - INFO   - 20260617.144844 - Mars client is on ab3-4085.bullx (10.100.25.118) 32825
mars - INFO   - 20260617.144844 - Mars server is on 10.112.5.10 33542
mars - INFO   - 20260617.144844 - Server task is 5619 [marsod]
mars - INFO   - 20260617.144844 - Request cost: 0 field,  [marsod]
mars - INFO   - 20260617.144844 - The efficiency of your requests in the last 12 hours is 6% [marsod]
mars - WARN   - 20260617.144844 - Please see https://confluence.ecmwf.int/x/rxRtD in order to improve the efficiency of your requests [marsod]
mars - WARN   - 20260617.144844 - Data not found [marsod]
mars - INFO   - 20260617.144844 - Calling mars on 'marsode-core', local port is 40379
mars - INFO   - 20260617.144844 - Callback at address 10.100.25.118, port 40379
mars - INFO   - 20260617.144844 - Mars client is on ab3-4085.bullx (10.100.25.118) 40379
mars - INFO   - 20260617.144844 - Mars server is on 10.112.2.10 41940
mars - INFO   - 20260617.144844 - Server task is 233 [marsode]
mars - INFO   - 20260617.144844 - Request cost: 6 fields, 82.6084 Mbytes on 1 tape, nodes: hpss, libraries: ibmlib02 [marsode]
mars - INFO   - 20260617.144844 - The efficiency of your requests in the last 12 hours is 100% [marsode]
mars - INFO   - 20260617.144848 - Transfering 86621188 bytes
mars - WARN   - 20260617.144849 - Visiting database marsode : expected 12, got 6
mars - INFO   - 20260617.144849 - 6 fields have been interpolated on 'ab3-4085.bullx'
mars - ERROR  - 20260617.144849 - Last error is -43
mars - ERROR  - 20260617.144849 - Expected 12, got 6.
mars - ERROR  - 20260617.144849 - Request failed
mars - INFO   - 20260617.144849 - Request time:  wall: 4 sec 
mars - INFO   - 20260617.144849 -   Processing in marsode: wall: 4 sec 
mars - INFO   - 20260617.144849 -   Visiting marsode: wall: 4 sec 
mars - INFO   - 20260617.144849 -   Read from network: 384.00 Mbyte(s) in < 1 sec [2.00 Gbyte/sec] 
mars - INFO   - 20260617.144849 -   Writing to target file: 459.14 Kbyte(s) in < 1 sec [128.33 Mbyte/sec] 
mars - INFO   - 20260617.144849 - Memory used: 195.86 Mbyte(s)
mars - ERROR  - 20260617.144849 - Some errors reported (last error -1)
2024-05-17 | expID: 79
mars - WARN - 
mars - WARN - 
MIR environment variables:
MIR_CACHE_PATH={FILE?/ec/cache.1}/cache:{FILE?/ec/cache.2}/cache
MIR_LSM_NAMED=1km.climate.v013
Using MARS binary: /usr/local/apps/mars/versions/6.34.4.11/bin/mars.bin
mars - INFO   - 20260617.144849 - Welcome to MARS
mars - INFO   - 20260617.144849 - MARS_HOME=/usr/local/apps/mars/configs/prod
mars - INFO   - 20260617.144849 - MARS Client build stamp: 20260421054856
mars - INFO   - 20260617.144849 - MARS Client bundle version: 6.34.4.11
mars - INFO   - 20260617.144849 - package mars-client version: 6.34.4
mars - INFO   - 20260617.144849 - package mir version: 1.23.9
mars - INFO   - 20260617.144849 - package odc version: 1.6.3
mars - INFO   - 20260617.144849 - package fdb version: 5.21.1
mars - INFO   - 20260617.144849 - package metkit version: 1.18.0
mars - INFO   - 20260617.144849 - package eckit version: 2.0.7
mars - INFO   - 20260617.144849 - package eccodes version: 2.46.3
RETRIEVE,
    STREAM=oper,
    CLASS=od,
    EXPVER=79,
    GRID=N80,
    GAUSSIAN=reduced,
    TYPE=AN,
    DATE=20240517,
    TIME=00:00:00/06:00:00/12:00:00/18:00:00,
    LEVTYPE=SFC,
    PARAM=172.128/31.128/235.128,   #172.128: land sea mask, #31.128:sea ice area fraction, #235.128: Skin temperature
    FILTER="select * where (lat<-45 or lat>45)",
    TARGET=HRES_SIC_TSKIN_N80_20240517_NH_SH.grb


mars - INFO   - 20260617.144849 - Processing request 1

RETRIEVE,
    CLASS      = OD,
    TYPE       = AN,
    STREAM     = OPER,
    EXPVER     = 0079,
    REPRES     = GG,
    LEVTYPE    = SFC,
    PARAM      = 172.128/31.128/235.128,
    DATE       = 20240517,
    TIME       = 0000/0600/1200/1800,
    STEP       = 00,
    DOMAIN     = G,
    TARGET     = HRES_SIC_TSKIN_N80_20240517_NH_SH.grb,
    RESOL      = AUTO,
    FILTER     = "select * where (lat<-45 or lat>45)",
    GRID       = N80

mars - INFO   - 20260617.144849 - Requesting 12 fields
mars - INFO   - 20260617.144849 - FDB home /home/fdbprod
mars - INFO   - 20260617.144849 - Setting SO_SNDBUF to 33554432 (32.00 M)
mars - INFO   - 20260617.144849 - Current value is 8192 (8.00 K)
mars - WARN   - 20260617.144849 - SO_SNDBUF limited by kernel to 212992 (208.00 K)
mars - INFO   - 20260617.144849 - Setting SO_RCVBUF to 33554432 (32.00 M)
mars - INFO   - 20260617.144849 - Current value is 43690 (42.67 K)
mars - WARN   - 20260617.144849 - SO_RCVBUF limited by kernel to 212992 (208.00 K)
mars - INFO   - 20260617.144849 - Calling mars on 'marsod-core', local port is 44557
mars - INFO   - 20260617.144849 - Callback at address 10.100.25.118, port 44557
mars - INFO   - 20260617.144849 - Mars client is on ab3-4085.bullx (10.100.25.118) 44557
mars - INFO   - 20260617.144849 - Mars server is on 10.112.5.10 54158
mars - INFO   - 20260617.144849 - Server task is 52 [marsod]
mars - INFO   - 20260617.144849 - Request cost: 0 field,  [marsod]
mars - INFO   - 20260617.144849 - The efficiency of your requests in the last 12 hours is 6% [marsod]
mars - WARN   - 20260617.144849 - Please see https://confluence.ecmwf.int/x/rxRtD in order to improve the efficiency of your requests [marsod]
mars - WARN   - 20260617.144849 - Data not found [marsod]
mars - INFO   - 20260617.144849 - Calling mars on 'marsode-core', local port is 50957
mars - INFO   - 20260617.144849 - Callback at address 10.100.25.118, port 50957
mars - INFO   - 20260617.144849 - Mars client is on ab3-4085.bullx (10.100.25.118) 50957
mars - INFO   - 20260617.144849 - Mars server is on 10.112.2.10 58664
mars - INFO   - 20260617.144849 - Server task is 233 [marsode]
mars - INFO   - 20260617.144849 - Request cost: 6 fields, 82.6084 Mbytes on 1 tape, nodes: hpss, libraries: ibmlib02 [marsode]
mars - INFO   - 20260617.144849 - The efficiency of your requests in the last 12 hours is 100% [marsode]
mars - INFO   - 20260617.144853 - Transfering 86621188 bytes
mars - WARN   - 20260617.144853 - Visiting database marsode : expected 12, got 6
mars - INFO   - 20260617.144853 - 6 fields have been interpolated on 'ab3-4085.bullx'
mars - ERROR  - 20260617.144853 - Last error is -43
mars - ERROR  - 20260617.144853 - Expected 12, got 6.
mars - ERROR  - 20260617.144853 - Request failed
mars - INFO   - 20260617.144853 - Request time:  wall: 4 sec 
mars - INFO   - 20260617.144853 -   Processing in marsode: wall: 4 sec 
mars - INFO   - 20260617.144853 -   Visiting marsode: wall: 4 sec 
mars - INFO   - 20260617.144853 -   Read from network: 384.00 Mbyte(s) in < 1 sec [2.90 Gbyte/sec] 
mars - INFO   - 20260617.144853 -   Writing to target file: 459.14 Kbyte(s) in < 1 sec [165.70 Mbyte/sec] 
mars - INFO   - 20260617.144853 - Memory used: 196.05 Mbyte(s)
mars - ERROR  - 20260617.144853 - Some errors reported (last error -1)
2024-05-18 | expID: 79
mars - WARN - 
mars - WARN - 
MIR environment variables:
MIR_CACHE_PATH={FILE?/ec/cache.1}/cache:{FILE?/ec/cache.2}/cache
MIR_LSM_NAMED=1km.climate.v013
Using MARS binary: /usr/local/apps/mars/versions/6.34.4.11/bin/mars.bin
mars - INFO   - 20260617.144854 - Welcome to MARS
mars - INFO   - 20260617.144854 - MARS_HOME=/usr/local/apps/mars/configs/prod
mars - INFO   - 20260617.144854 - MARS Client build stamp: 20260421054856
mars - INFO   - 20260617.144854 - MARS Client bundle version: 6.34.4.11
mars - INFO   - 20260617.144854 - package mars-client version: 6.34.4
mars - INFO   - 20260617.144854 - package mir version: 1.23.9
mars - INFO   - 20260617.144854 - package odc version: 1.6.3
mars - INFO   - 20260617.144854 - package fdb version: 5.21.1
mars - INFO   - 20260617.144854 - package metkit version: 1.18.0
mars - INFO   - 20260617.144854 - package eckit version: 2.0.7
mars - INFO   - 20260617.144854 - package eccodes version: 2.46.3
RETRIEVE,
    STREAM=oper,
    CLASS=od,
    EXPVER=79,
    GRID=N80,
    GAUSSIAN=reduced,
    TYPE=AN,
    DATE=20240518,
    TIME=00:00:00/06:00:00/12:00:00/18:00:00,
    LEVTYPE=SFC,
    PARAM=172.128/31.128/235.128,   #172.128: land sea mask, #31.128:sea ice area fraction, #235.128: Skin temperature
    FILTER="select * where (lat<-45 or lat>45)",
    TARGET=HRES_SIC_TSKIN_N80_20240518_NH_SH.grb


mars - INFO   - 20260617.144854 - Processing request 1

RETRIEVE,
    CLASS      = OD,
    TYPE       = AN,
    STREAM     = OPER,
    EXPVER     = 0079,
    REPRES     = GG,
    LEVTYPE    = SFC,
    PARAM      = 172.128/31.128/235.128,
    DATE       = 20240518,
    TIME       = 0000/0600/1200/1800,
    STEP       = 00,
    DOMAIN     = G,
    TARGET     = HRES_SIC_TSKIN_N80_20240518_NH_SH.grb,
    RESOL      = AUTO,
    FILTER     = "select * where (lat<-45 or lat>45)",
    GRID       = N80

mars - INFO   - 20260617.144854 - Requesting 12 fields
mars - INFO   - 20260617.144854 - FDB home /home/fdbprod
mars - INFO   - 20260617.144854 - Setting SO_SNDBUF to 33554432 (32.00 M)
mars - INFO   - 20260617.144854 - Current value is 8192 (8.00 K)
mars - WARN   - 20260617.144854 - SO_SNDBUF limited by kernel to 212992 (208.00 K)
mars - INFO   - 20260617.144854 - Setting SO_RCVBUF to 33554432 (32.00 M)
mars - INFO   - 20260617.144854 - Current value is 43690 (42.67 K)
mars - WARN   - 20260617.144854 - SO_RCVBUF limited by kernel to 212992 (208.00 K)
mars - INFO   - 20260617.144854 - Calling mars on 'marsod-core', local port is 51089
mars - INFO   - 20260617.144854 - Callback at address 10.100.25.118, port 51089
mars - INFO   - 20260617.144854 - Mars client is on ab3-4085.bullx (10.100.25.118) 51089
mars - INFO   - 20260617.144854 - Mars server is on 10.112.5.10 43788
mars - INFO   - 20260617.144854 - Server task is 463 [marsod]
mars - INFO   - 20260617.144854 - Request cost: 0 field,  [marsod]
mars - INFO   - 20260617.144854 - The efficiency of your requests in the last 12 hours is 6% [marsod]
mars - WARN   - 20260617.144854 - Please see https://confluence.ecmwf.int/x/rxRtD in order to improve the efficiency of your requests [marsod]
mars - WARN   - 20260617.144854 - Data not found [marsod]
mars - INFO   - 20260617.144854 - Calling mars on 'marsode-core', local port is 50729
mars - INFO   - 20260617.144854 - Callback at address 10.100.25.118, port 50729
mars - INFO   - 20260617.144854 - Mars client is on ab3-4085.bullx (10.100.25.118) 50729
mars - INFO   - 20260617.144854 - Mars server is on 10.112.2.10 49239
mars - INFO   - 20260617.144854 - Server task is 233 [marsode]
mars - INFO   - 20260617.144854 - Request cost: 6 fields, 82.6084 Mbytes on 1 tape, nodes: hpss, libraries: ibmlib02 [marsode]
mars - INFO   - 20260617.144854 - The efficiency of your requests in the last 12 hours is 100% [marsode]
mars - INFO   - 20260617.144858 - Transfering 86621188 bytes
mars - WARN   - 20260617.144858 - Visiting database marsode : expected 12, got 6
mars - INFO   - 20260617.144858 - 6 fields have been interpolated on 'ab3-4085.bullx'
mars - ERROR  - 20260617.144858 - Last error is -43
mars - ERROR  - 20260617.144858 - Expected 12, got 6.
mars - ERROR  - 20260617.144858 - Request failed
mars - INFO   - 20260617.144858 - Request time:  wall: 4 sec 
mars - INFO   - 20260617.144858 -   Processing in marsode: wall: 4 sec 
mars - INFO   - 20260617.144858 -   Visiting marsode: wall: 4 sec 
mars - INFO   - 20260617.144858 -   Read from network: 384.00 Mbyte(s) in < 1 sec [2.89 Gbyte/sec] 
mars - INFO   - 20260617.144858 -   Writing to target file: 459.14 Kbyte(s) in < 1 sec [163.23 Mbyte/sec] 
mars - INFO   - 20260617.144858 - Memory used: 196.24 Mbyte(s)
mars - ERROR  - 20260617.144858 - Some errors reported (last error -1)
2024-05-19 | expID: 79
mars - WARN - 
mars - WARN - 
MIR environment variables:
MIR_CACHE_PATH={FILE?/ec/cache.1}/cache:{FILE?/ec/cache.2}/cache
MIR_LSM_NAMED=1km.climate.v013
Using MARS binary: /usr/local/apps/mars/versions/6.34.4.11/bin/mars.bin
mars - INFO   - 20260617.144859 - Welcome to MARS
mars - INFO   - 20260617.144859 - MARS_HOME=/usr/local/apps/mars/configs/prod
mars - INFO   - 20260617.144859 - MARS Client build stamp: 20260421054856
mars - INFO   - 20260617.144859 - MARS Client bundle version: 6.34.4.11
mars - INFO   - 20260617.144859 - package mars-client version: 6.34.4
mars - INFO   - 20260617.144859 - package mir version: 1.23.9
mars - INFO   - 20260617.144859 - package odc version: 1.6.3
mars - INFO   - 20260617.144859 - package fdb version: 5.21.1
mars - INFO   - 20260617.144859 - package metkit version: 1.18.0
mars - INFO   - 20260617.144859 - package eckit version: 2.0.7
mars - INFO   - 20260617.144859 - package eccodes version: 2.46.3
RETRIEVE,
    STREAM=oper,
    CLASS=od,
    EXPVER=79,
    GRID=N80,
    GAUSSIAN=reduced,
    TYPE=AN,
    DATE=20240519,
    TIME=00:00:00/06:00:00/12:00:00/18:00:00,
    LEVTYPE=SFC,
    PARAM=172.128/31.128/235.128,   #172.128: land sea mask, #31.128:sea ice area fraction, #235.128: Skin temperature
    FILTER="select * where (lat<-45 or lat>45)",
    TARGET=HRES_SIC_TSKIN_N80_20240519_NH_SH.grb


mars - INFO   - 20260617.144859 - Processing request 1

RETRIEVE,
    CLASS      = OD,
    TYPE       = AN,
    STREAM     = OPER,
    EXPVER     = 0079,
    REPRES     = GG,
    LEVTYPE    = SFC,
    PARAM      = 172.128/31.128/235.128,
    DATE       = 20240519,
    TIME       = 0000/0600/1200/1800,
    STEP       = 00,
    DOMAIN     = G,
    TARGET     = HRES_SIC_TSKIN_N80_20240519_NH_SH.grb,
    RESOL      = AUTO,
    FILTER     = "select * where (lat<-45 or lat>45)",
    GRID       = N80

mars - INFO   - 20260617.144859 - Requesting 12 fields
mars - INFO   - 20260617.144859 - FDB home /home/fdbprod
mars - INFO   - 20260617.144859 - Setting SO_SNDBUF to 33554432 (32.00 M)
mars - INFO   - 20260617.144859 - Current value is 8192 (8.00 K)
mars - WARN   - 20260617.144859 - SO_SNDBUF limited by kernel to 212992 (208.00 K)
mars - INFO   - 20260617.144859 - Setting SO_RCVBUF to 33554432 (32.00 M)
mars - INFO   - 20260617.144859 - Current value is 43690 (42.67 K)
mars - WARN   - 20260617.144859 - SO_RCVBUF limited by kernel to 212992 (208.00 K)
mars - INFO   - 20260617.144859 - Calling mars on 'marsod-core', local port is 37755
mars - INFO   - 20260617.144859 - Callback at address 10.100.25.118, port 37755
mars - INFO   - 20260617.144859 - Mars client is on ab3-4085.bullx (10.100.25.118) 37755
mars - INFO   - 20260617.144859 - Mars server is on 10.112.5.10 34631
mars - INFO   - 20260617.144859 - Server task is 7268 [marsod]
mars - INFO   - 20260617.144859 - Request cost: 0 field,  [marsod]
mars - INFO   - 20260617.144859 - The efficiency of your requests in the last 12 hours is 6% [marsod]
mars - WARN   - 20260617.144859 - Please see https://confluence.ecmwf.int/x/rxRtD in order to improve the efficiency of your requests [marsod]
mars - WARN   - 20260617.144859 - Data not found [marsod]
mars - INFO   - 20260617.144859 - Calling mars on 'marsode-core', local port is 51021
mars - INFO   - 20260617.144859 - Callback at address 10.100.25.118, port 51021
mars - INFO   - 20260617.144859 - Mars client is on ab3-4085.bullx (10.100.25.118) 51021
mars - INFO   - 20260617.144859 - Mars server is on 10.112.2.10 57258
mars - INFO   - 20260617.144859 - Server task is 233 [marsode]
mars - INFO   - 20260617.144859 - Request cost: 6 fields, 82.6084 Mbytes on 1 tape, nodes: hpss, libraries: ibmlib02 [marsode]
mars - INFO   - 20260617.144859 - The efficiency of your requests in the last 12 hours is 100% [marsode]
mars - INFO   - 20260617.144902 - Transfering 86621188 bytes
mars - WARN   - 20260617.144903 - Visiting database marsode : expected 12, got 6
mars - INFO   - 20260617.144903 - 6 fields have been interpolated on 'ab3-4085.bullx'
mars - ERROR  - 20260617.144903 - Last error is -43
mars - ERROR  - 20260617.144903 - Expected 12, got 6.
mars - ERROR  - 20260617.144903 - Request failed
mars - INFO   - 20260617.144903 - Request time:  wall: 4 sec 
mars - INFO   - 20260617.144903 -   Processing in marsode: wall: 4 sec 
mars - INFO   - 20260617.144903 -   Visiting marsode: wall: 4 sec 
mars - INFO   - 20260617.144903 -   Read from network: 384.00 Mbyte(s) in < 1 sec [1.60 Gbyte/sec] 
mars - INFO   - 20260617.144903 -   Writing to target file: 459.14 Kbyte(s) in < 1 sec [159.57 Mbyte/sec] 
mars - INFO   - 20260617.144903 - Memory used: 196.18 Mbyte(s)
mars - ERROR  - 20260617.144903 - Some errors reported (last error -1)
2024-05-20 | expID: 79
mars - WARN - 
mars - WARN - 
MIR environment variables:
MIR_CACHE_PATH={FILE?/ec/cache.1}/cache:{FILE?/ec/cache.2}/cache
MIR_LSM_NAMED=1km.climate.v013
Using MARS binary: /usr/local/apps/mars/versions/6.34.4.11/bin/mars.bin
mars - INFO   - 20260617.144904 - Welcome to MARS
mars - INFO   - 20260617.144904 - MARS_HOME=/usr/local/apps/mars/configs/prod
mars - INFO   - 20260617.144904 - MARS Client build stamp: 20260421054856
mars - INFO   - 20260617.144904 - MARS Client bundle version: 6.34.4.11
mars - INFO   - 20260617.144904 - package mars-client version: 6.34.4
mars - INFO   - 20260617.144904 - package mir version: 1.23.9
mars - INFO   - 20260617.144904 - package odc version: 1.6.3
mars - INFO   - 20260617.144904 - package fdb version: 5.21.1
mars - INFO   - 20260617.144904 - package metkit version: 1.18.0
mars - INFO   - 20260617.144904 - package eckit version: 2.0.7
mars - INFO   - 20260617.144904 - package eccodes version: 2.46.3
RETRIEVE,
    STREAM=oper,
    CLASS=od,
    EXPVER=79,
    GRID=N80,
    GAUSSIAN=reduced,
    TYPE=AN,
    DATE=20240520,
    TIME=00:00:00/06:00:00/12:00:00/18:00:00,
    LEVTYPE=SFC,
    PARAM=172.128/31.128/235.128,   #172.128: land sea mask, #31.128:sea ice area fraction, #235.128: Skin temperature
    FILTER="select * where (lat<-45 or lat>45)",
    TARGET=HRES_SIC_TSKIN_N80_20240520_NH_SH.grb


mars - INFO   - 20260617.144904 - Processing request 1

RETRIEVE,
    CLASS      = OD,
    TYPE       = AN,
    STREAM     = OPER,
    EXPVER     = 0079,
    REPRES     = GG,
    LEVTYPE    = SFC,
    PARAM      = 172.128/31.128/235.128,
    DATE       = 20240520,
    TIME       = 0000/0600/1200/1800,
    STEP       = 00,
    DOMAIN     = G,
    TARGET     = HRES_SIC_TSKIN_N80_20240520_NH_SH.grb,
    RESOL      = AUTO,
    FILTER     = "select * where (lat<-45 or lat>45)",
    GRID       = N80

mars - INFO   - 20260617.144904 - Requesting 12 fields
mars - INFO   - 20260617.144904 - FDB home /home/fdbprod
mars - INFO   - 20260617.144904 - Setting SO_SNDBUF to 33554432 (32.00 M)
mars - INFO   - 20260617.144904 - Current value is 8192 (8.00 K)
mars - WARN   - 20260617.144904 - SO_SNDBUF limited by kernel to 212992 (208.00 K)
mars - INFO   - 20260617.144904 - Setting SO_RCVBUF to 33554432 (32.00 M)
mars - INFO   - 20260617.144904 - Current value is 43690 (42.67 K)
mars - WARN   - 20260617.144904 - SO_RCVBUF limited by kernel to 212992 (208.00 K)
mars - INFO   - 20260617.144904 - Calling mars on 'marsod-core', local port is 52809
mars - INFO   - 20260617.144904 - Callback at address 10.100.25.118, port 52809
mars - INFO   - 20260617.144904 - Mars client is on ab3-4085.bullx (10.100.25.118) 52809
mars - INFO   - 20260617.144904 - Mars server is on 10.112.5.10 48905
mars - INFO   - 20260617.144904 - Server task is 432 [marsod]
mars - INFO   - 20260617.144904 - Request cost: 0 field,  [marsod]
mars - INFO   - 20260617.144904 - The efficiency of your requests in the last 12 hours is 6% [marsod]
mars - WARN   - 20260617.144904 - Please see https://confluence.ecmwf.int/x/rxRtD in order to improve the efficiency of your requests [marsod]
mars - WARN   - 20260617.144904 - Data not found [marsod]
mars - INFO   - 20260617.144904 - Calling mars on 'marsode-core', local port is 35301
mars - INFO   - 20260617.144904 - Callback at address 10.100.25.118, port 35301
mars - INFO   - 20260617.144904 - Mars client is on ab3-4085.bullx (10.100.25.118) 35301
mars - INFO   - 20260617.144904 - Mars server is on 10.112.2.10 50820
mars - INFO   - 20260617.144904 - Server task is 233 [marsode]
mars - INFO   - 20260617.144904 - Request cost: 6 fields, 82.6084 Mbytes on 1 tape, nodes: hpss, libraries: ibmlib02 [marsode]
mars - INFO   - 20260617.144904 - The efficiency of your requests in the last 12 hours is 100% [marsode]
mars - INFO   - 20260617.144907 - Transfering 86621188 bytes
mars - WARN   - 20260617.144908 - Visiting database marsode : expected 12, got 6
mars - INFO   - 20260617.144908 - 6 fields have been interpolated on 'ab3-4085.bullx'
mars - ERROR  - 20260617.144908 - Last error is -43
mars - ERROR  - 20260617.144908 - Expected 12, got 6.
mars - ERROR  - 20260617.144908 - Request failed
mars - INFO   - 20260617.144908 - Request time:  wall: 4 sec 
mars - INFO   - 20260617.144908 -   Processing in marsode: wall: 4 sec 
mars - INFO   - 20260617.144908 -   Visiting marsode: wall: 4 sec 
mars - INFO   - 20260617.144908 -   Read from network: 384.00 Mbyte(s) in < 1 sec [2.87 Gbyte/sec] 
mars - INFO   - 20260617.144908 -   Writing to target file: 459.14 Kbyte(s) in < 1 sec [54.11 Mbyte/sec] 
mars - INFO   - 20260617.144908 - Memory used: 196.01 Mbyte(s)
mars - ERROR  - 20260617.144908 - Some errors reported (last error -1)
2024-05-21 | expID: 79
mars - WARN - 
mars - WARN - 
MIR environment variables:
MIR_CACHE_PATH={FILE?/ec/cache.1}/cache:{FILE?/ec/cache.2}/cache
MIR_LSM_NAMED=1km.climate.v013
Using MARS binary: /usr/local/apps/mars/versions/6.34.4.11/bin/mars.bin
mars - INFO   - 20260617.144908 - Welcome to MARS
mars - INFO   - 20260617.144908 - MARS_HOME=/usr/local/apps/mars/configs/prod
mars - INFO   - 20260617.144908 - MARS Client build stamp: 20260421054856
mars - INFO   - 20260617.144908 - MARS Client bundle version: 6.34.4.11
mars - INFO   - 20260617.144908 - package mars-client version: 6.34.4
mars - INFO   - 20260617.144908 - package mir version: 1.23.9
mars - INFO   - 20260617.144908 - package odc version: 1.6.3
mars - INFO   - 20260617.144908 - package fdb version: 5.21.1
mars - INFO   - 20260617.144908 - package metkit version: 1.18.0
mars - INFO   - 20260617.144908 - package eckit version: 2.0.7
mars - INFO   - 20260617.144908 - package eccodes version: 2.46.3
RETRIEVE,
    STREAM=oper,
    CLASS=od,
    EXPVER=79,
    GRID=N80,
    GAUSSIAN=reduced,
    TYPE=AN,
    DATE=20240521,
    TIME=00:00:00/06:00:00/12:00:00/18:00:00,
    LEVTYPE=SFC,
    PARAM=172.128/31.128/235.128,   #172.128: land sea mask, #31.128:sea ice area fraction, #235.128: Skin temperature
    FILTER="select * where (lat<-45 or lat>45)",
    TARGET=HRES_SIC_TSKIN_N80_20240521_NH_SH.grb


mars - INFO   - 20260617.144908 - Processing request 1

RETRIEVE,
    CLASS      = OD,
    TYPE       = AN,
    STREAM     = OPER,
    EXPVER     = 0079,
    REPRES     = GG,
    LEVTYPE    = SFC,
    PARAM      = 172.128/31.128/235.128,
    DATE       = 20240521,
    TIME       = 0000/0600/1200/1800,
    STEP       = 00,
    DOMAIN     = G,
    TARGET     = HRES_SIC_TSKIN_N80_20240521_NH_SH.grb,
    RESOL      = AUTO,
    FILTER     = "select * where (lat<-45 or lat>45)",
    GRID       = N80

mars - INFO   - 20260617.144908 - Requesting 12 fields
mars - INFO   - 20260617.144908 - FDB home /home/fdbprod
mars - INFO   - 20260617.144908 - Setting SO_SNDBUF to 33554432 (32.00 M)
mars - INFO   - 20260617.144908 - Current value is 8192 (8.00 K)
mars - WARN   - 20260617.144908 - SO_SNDBUF limited by kernel to 212992 (208.00 K)
mars - INFO   - 20260617.144908 - Setting SO_RCVBUF to 33554432 (32.00 M)
mars - INFO   - 20260617.144908 - Current value is 43690 (42.67 K)
mars - WARN   - 20260617.144908 - SO_RCVBUF limited by kernel to 212992 (208.00 K)
mars - INFO   - 20260617.144908 - Calling mars on 'marsod-core', local port is 41819
mars - INFO   - 20260617.144908 - Callback at address 10.100.25.118, port 41819
mars - INFO   - 20260617.144933 - Mars client is on ab3-4085.bullx (10.100.25.118) 41819
mars - INFO   - 20260617.144933 - Mars server is on 10.112.5.10 58102
mars - INFO   - 20260617.144933 - Server task is 6699 [marsod]
mars - INFO   - 20260617.144933 - Request cost: 0 field,  [marsod]
mars - INFO   - 20260617.144933 - The efficiency of your requests in the last 12 hours is 6% [marsod]
mars - WARN   - 20260617.144933 - Please see https://confluence.ecmwf.int/x/rxRtD in order to improve the efficiency of your requests [marsod]
mars - WARN   - 20260617.144933 - Data not found [marsod]
mars - INFO   - 20260617.144933 - Calling mars on 'marsode-core', local port is 39345
mars - INFO   - 20260617.144933 - Callback at address 10.100.25.118, port 39345
mars - INFO   - 20260617.144933 - Mars client is on ab3-4085.bullx (10.100.25.118) 39345
mars - INFO   - 20260617.144933 - Mars server is on 10.112.2.10 53877
mars - INFO   - 20260617.144933 - Server task is 233 [marsode]
mars - INFO   - 20260617.144933 - Request cost: 6 fields, 82.6084 Mbytes on 1 tape, nodes: hpss, libraries: ibmlib02 [marsode]
mars - INFO   - 20260617.144933 - The efficiency of your requests in the last 12 hours is 100% [marsode]
mars - INFO   - 20260617.144937 - Transfering 86621188 bytes
mars - WARN   - 20260617.144937 - Visiting database marsode : expected 12, got 6
mars - INFO   - 20260617.144937 - 6 fields have been interpolated on 'ab3-4085.bullx'
mars - ERROR  - 20260617.144937 - Last error is -43
mars - ERROR  - 20260617.144937 - Expected 12, got 6.
mars - ERROR  - 20260617.144937 - Request failed
mars - INFO   - 20260617.144937 - Request time:  wall: 29 sec 
mars - INFO   - 20260617.144937 -   Processing in marsode: wall: 4 sec 
mars - INFO   - 20260617.144937 -   Visiting marsode: wall: 4 sec 
mars - INFO   - 20260617.144937 -   Read from network: 384.00 Mbyte(s) in < 1 sec [2.08 Gbyte/sec] 
mars - INFO   - 20260617.144937 -   Processing in marsod: wall: 25 sec 
mars - INFO   - 20260617.144937 -   Visiting marsod: wall: 25 sec 
mars - INFO   - 20260617.144937 -   Writing to target file: 459.14 Kbyte(s) in < 1 sec [114.32 Mbyte/sec] 
mars - INFO   - 20260617.144939 - Memory used: 195.85 Mbyte(s)
mars - ERROR  - 20260617.144939 - Some errors reported (last error -1)
2024-05-22 | expID: 79
mars - WARN - 
mars - WARN - 
MIR environment variables:
MIR_CACHE_PATH={FILE?/ec/cache.1}/cache:{FILE?/ec/cache.2}/cache
MIR_LSM_NAMED=1km.climate.v013
Using MARS binary: /usr/local/apps/mars/versions/6.34.4.11/bin/mars.bin
mars - INFO   - 20260617.144940 - Welcome to MARS
mars - INFO   - 20260617.144940 - MARS_HOME=/usr/local/apps/mars/configs/prod
mars - INFO   - 20260617.144940 - MARS Client build stamp: 20260421054856
mars - INFO   - 20260617.144940 - MARS Client bundle version: 6.34.4.11
mars - INFO   - 20260617.144940 - package mars-client version: 6.34.4
mars - INFO   - 20260617.144940 - package mir version: 1.23.9
mars - INFO   - 20260617.144940 - package odc version: 1.6.3
mars - INFO   - 20260617.144940 - package fdb version: 5.21.1
mars - INFO   - 20260617.144940 - package metkit version: 1.18.0
mars - INFO   - 20260617.144940 - package eckit version: 2.0.7
mars - INFO   - 20260617.144940 - package eccodes version: 2.46.3
RETRIEVE,
    STREAM=oper,
    CLASS=od,
    EXPVER=79,
    GRID=N80,
    GAUSSIAN=reduced,
    TYPE=AN,
    DATE=20240522,
    TIME=00:00:00/06:00:00/12:00:00/18:00:00,
    LEVTYPE=SFC,
    PARAM=172.128/31.128/235.128,   #172.128: land sea mask, #31.128:sea ice area fraction, #235.128: Skin temperature
    FILTER="select * where (lat<-45 or lat>45)",
    TARGET=HRES_SIC_TSKIN_N80_20240522_NH_SH.grb


mars - INFO   - 20260617.144940 - Processing request 1

RETRIEVE,
    CLASS      = OD,
    TYPE       = AN,
    STREAM     = OPER,
    EXPVER     = 0079,
    REPRES     = GG,
    LEVTYPE    = SFC,
    PARAM      = 172.128/31.128/235.128,
    DATE       = 20240522,
    TIME       = 0000/0600/1200/1800,
    STEP       = 00,
    DOMAIN     = G,
    TARGET     = HRES_SIC_TSKIN_N80_20240522_NH_SH.grb,
    RESOL      = AUTO,
    FILTER     = "select * where (lat<-45 or lat>45)",
    GRID       = N80

mars - INFO   - 20260617.144940 - Requesting 12 fields
mars - INFO   - 20260617.144940 - FDB home /home/fdbprod
mars - INFO   - 20260617.144940 - Setting SO_SNDBUF to 33554432 (32.00 M)
mars - INFO   - 20260617.144940 - Current value is 8192 (8.00 K)
mars - WARN   - 20260617.144940 - SO_SNDBUF limited by kernel to 212992 (208.00 K)
mars - INFO   - 20260617.144940 - Setting SO_RCVBUF to 33554432 (32.00 M)
mars - INFO   - 20260617.144940 - Current value is 43690 (42.67 K)
mars - WARN   - 20260617.144940 - SO_RCVBUF limited by kernel to 212992 (208.00 K)
mars - INFO   - 20260617.144940 - Calling mars on 'marsod-core', local port is 45653
mars - INFO   - 20260617.144940 - Callback at address 10.100.25.118, port 45653
mars - INFO   - 20260617.144941 - Mars client is on ab3-4085.bullx (10.100.25.118) 45653
mars - INFO   - 20260617.144941 - Mars server is on 10.112.5.10 41690
mars - INFO   - 20260617.144941 - Server task is 2551 [marsod]
mars - INFO   - 20260617.144941 - Request cost: 0 field,  [marsod]
mars - INFO   - 20260617.144941 - The efficiency of your requests in the last 12 hours is 6% [marsod]
mars - WARN   - 20260617.144941 - Please see https://confluence.ecmwf.int/x/rxRtD in order to improve the efficiency of your requests [marsod]
mars - WARN   - 20260617.144941 - Data not found [marsod]
mars - INFO   - 20260617.144941 - Calling mars on 'marsode-core', local port is 56475
mars - INFO   - 20260617.144941 - Callback at address 10.100.25.118, port 56475
mars - INFO   - 20260617.144941 - Mars client is on ab3-4085.bullx (10.100.25.118) 56475
mars - INFO   - 20260617.144941 - Mars server is on 10.112.2.10 40183
mars - INFO   - 20260617.144941 - Server task is 453 [marsode]
mars - INFO   - 20260617.144941 - Request cost: 6 fields, 82.6084 Mbytes on 1 tape, nodes: hpss, libraries: ibmlib02 [marsode]
mars - INFO   - 20260617.144941 - The efficiency of your requests in the last 12 hours is 100% [marsode]
mars - INFO   - 20260617.144945 - Transfering 86621188 bytes
mars - WARN   - 20260617.144945 - Visiting database marsode : expected 12, got 6
mars - INFO   - 20260617.144945 - 6 fields have been interpolated on 'ab3-4085.bullx'
mars - ERROR  - 20260617.144945 - Last error is -43
mars - ERROR  - 20260617.144945 - Expected 12, got 6.
mars - ERROR  - 20260617.144945 - Request failed
mars - INFO   - 20260617.144945 - Request time:  wall: 6 sec 
mars - INFO   - 20260617.144945 -   Processing in marsode: wall: 4 sec 
mars - INFO   - 20260617.144945 -   Visiting marsode: wall: 5 sec 
mars - INFO   - 20260617.144945 -   Read from network: 384.00 Mbyte(s) in < 1 sec [1.83 Gbyte/sec] 
mars - INFO   - 20260617.144945 -   Writing to target file: 459.14 Kbyte(s) in < 1 sec [145.72 Mbyte/sec] 
mars - INFO   - 20260617.144945 - Memory used: 195.79 Mbyte(s)
mars - ERROR  - 20260617.144945 - Some errors reported (last error -1)
2024-05-23 | expID: 79
mars - WARN - 
mars - WARN - 
MIR environment variables:
MIR_CACHE_PATH={FILE?/ec/cache.1}/cache:{FILE?/ec/cache.2}/cache
MIR_LSM_NAMED=1km.climate.v013
Using MARS binary: /usr/local/apps/mars/versions/6.34.4.11/bin/mars.bin
mars - INFO   - 20260617.144946 - Welcome to MARS
mars - INFO   - 20260617.144946 - MARS_HOME=/usr/local/apps/mars/configs/prod
mars - INFO   - 20260617.144946 - MARS Client build stamp: 20260421054856
mars - INFO   - 20260617.144946 - MARS Client bundle version: 6.34.4.11
mars - INFO   - 20260617.144946 - package mars-client version: 6.34.4
mars - INFO   - 20260617.144946 - package mir version: 1.23.9
mars - INFO   - 20260617.144946 - package odc version: 1.6.3
mars - INFO   - 20260617.144946 - package fdb version: 5.21.1
mars - INFO   - 20260617.144946 - package metkit version: 1.18.0
mars - INFO   - 20260617.144946 - package eckit version: 2.0.7
mars - INFO   - 20260617.144946 - package eccodes version: 2.46.3
RETRIEVE,
    STREAM=oper,
    CLASS=od,
    EXPVER=79,
    GRID=N80,
    GAUSSIAN=reduced,
    TYPE=AN,
    DATE=20240523,
    TIME=00:00:00/06:00:00/12:00:00/18:00:00,
    LEVTYPE=SFC,
    PARAM=172.128/31.128/235.128,   #172.128: land sea mask, #31.128:sea ice area fraction, #235.128: Skin temperature
    FILTER="select * where (lat<-45 or lat>45)",
    TARGET=HRES_SIC_TSKIN_N80_20240523_NH_SH.grb


mars - INFO   - 20260617.144946 - Processing request 1

RETRIEVE,
    CLASS      = OD,
    TYPE       = AN,
    STREAM     = OPER,
    EXPVER     = 0079,
    REPRES     = GG,
    LEVTYPE    = SFC,
    PARAM      = 172.128/31.128/235.128,
    DATE       = 20240523,
    TIME       = 0000/0600/1200/1800,
    STEP       = 00,
    DOMAIN     = G,
    TARGET     = HRES_SIC_TSKIN_N80_20240523_NH_SH.grb,
    RESOL      = AUTO,
    FILTER     = "select * where (lat<-45 or lat>45)",
    GRID       = N80

mars - INFO   - 20260617.144946 - Requesting 12 fields
mars - INFO   - 20260617.144946 - FDB home /home/fdbprod
mars - INFO   - 20260617.144946 - Setting SO_SNDBUF to 33554432 (32.00 M)
mars - INFO   - 20260617.144946 - Current value is 8192 (8.00 K)
mars - WARN   - 20260617.144946 - SO_SNDBUF limited by kernel to 212992 (208.00 K)
mars - INFO   - 20260617.144946 - Setting SO_RCVBUF to 33554432 (32.00 M)
mars - INFO   - 20260617.144946 - Current value is 43690 (42.67 K)
mars - WARN   - 20260617.144946 - SO_RCVBUF limited by kernel to 212992 (208.00 K)
mars - INFO   - 20260617.144946 - Calling mars on 'marsod-core', local port is 53281
mars - INFO   - 20260617.144946 - Callback at address 10.100.25.118, port 53281
mars - INFO   - 20260617.144949 - Mars client is on ab3-4085.bullx (10.100.25.118) 53281
mars - INFO   - 20260617.144949 - Mars server is on 10.112.5.10 32930
mars - INFO   - 20260617.144949 - Server task is 8585 [marsod]
mars - INFO   - 20260617.144949 - Request cost: 0 field,  [marsod]
mars - INFO   - 20260617.144949 - The efficiency of your requests in the last 12 hours is 6% [marsod]
mars - WARN   - 20260617.144949 - Please see https://confluence.ecmwf.int/x/rxRtD in order to improve the efficiency of your requests [marsod]
mars - WARN   - 20260617.144949 - Data not found [marsod]
mars - INFO   - 20260617.144949 - Calling mars on 'marsode-core', local port is 43941
mars - INFO   - 20260617.144949 - Callback at address 10.100.25.118, port 43941
mars - INFO   - 20260617.144949 - Mars client is on ab3-4085.bullx (10.100.25.118) 43941
mars - INFO   - 20260617.144949 - Mars server is on 10.112.2.10 35226
mars - INFO   - 20260617.144949 - Server task is 453 [marsode]
mars - INFO   - 20260617.144949 - Request cost: 6 fields, 82.6084 Mbytes on 1 tape, nodes: hpss, libraries: ibmlib02 [marsode]
mars - INFO   - 20260617.144949 - The efficiency of your requests in the last 12 hours is 100% [marsode]
mars - INFO   - 20260617.144952 - Transfering 86621188 bytes
mars - WARN   - 20260617.144953 - Visiting database marsode : expected 12, got 6
mars - INFO   - 20260617.144953 - 6 fields have been interpolated on 'ab3-4085.bullx'
mars - ERROR  - 20260617.144953 - Last error is -43
mars - ERROR  - 20260617.144953 - Expected 12, got 6.
mars - ERROR  - 20260617.144953 - Request failed
mars - INFO   - 20260617.144953 - Request time:  wall: 7 sec 
mars - INFO   - 20260617.144953 -   Processing in marsode: wall: 3 sec 
mars - INFO   - 20260617.144953 -   Visiting marsode: wall: 4 sec 
mars - INFO   - 20260617.144953 -   Read from network: 384.00 Mbyte(s) in < 1 sec [2.11 Gbyte/sec] 
mars - INFO   - 20260617.144953 -   Processing in marsod: wall: 3 sec 
mars - INFO   - 20260617.144953 -   Visiting marsod: wall: 3 sec 
mars - INFO   - 20260617.144953 -   Writing to target file: 459.14 Kbyte(s) in < 1 sec [144.45 Mbyte/sec] 
mars - INFO   - 20260617.144953 - Memory used: 195.84 Mbyte(s)
mars - ERROR  - 20260617.144953 - Some errors reported (last error -1)
2024-05-24 | expID: 79
mars - WARN - 
mars - WARN - 
MIR environment variables:
MIR_CACHE_PATH={FILE?/ec/cache.1}/cache:{FILE?/ec/cache.2}/cache
MIR_LSM_NAMED=1km.climate.v013
Using MARS binary: /usr/local/apps/mars/versions/6.34.4.11/bin/mars.bin
mars - INFO   - 20260617.144953 - Welcome to MARS
mars - INFO   - 20260617.144953 - MARS_HOME=/usr/local/apps/mars/configs/prod
mars - INFO   - 20260617.144953 - MARS Client build stamp: 20260421054856
mars - INFO   - 20260617.144953 - MARS Client bundle version: 6.34.4.11
mars - INFO   - 20260617.144953 - package mars-client version: 6.34.4
mars - INFO   - 20260617.144953 - package mir version: 1.23.9
mars - INFO   - 20260617.144953 - package odc version: 1.6.3
mars - INFO   - 20260617.144953 - package fdb version: 5.21.1
mars - INFO   - 20260617.144953 - package metkit version: 1.18.0
mars - INFO   - 20260617.144953 - package eckit version: 2.0.7
mars - INFO   - 20260617.144953 - package eccodes version: 2.46.3
RETRIEVE,
    STREAM=oper,
    CLASS=od,
    EXPVER=79,
    GRID=N80,
    GAUSSIAN=reduced,
    TYPE=AN,
    DATE=20240524,
    TIME=00:00:00/06:00:00/12:00:00/18:00:00,
    LEVTYPE=SFC,
    PARAM=172.128/31.128/235.128,   #172.128: land sea mask, #31.128:sea ice area fraction, #235.128: Skin temperature
    FILTER="select * where (lat<-45 or lat>45)",
    TARGET=HRES_SIC_TSKIN_N80_20240524_NH_SH.grb


mars - INFO   - 20260617.144953 - Processing request 1

RETRIEVE,
    CLASS      = OD,
    TYPE       = AN,
    STREAM     = OPER,
    EXPVER     = 0079,
    REPRES     = GG,
    LEVTYPE    = SFC,
    PARAM      = 172.128/31.128/235.128,
    DATE       = 20240524,
    TIME       = 0000/0600/1200/1800,
    STEP       = 00,
    DOMAIN     = G,
    TARGET     = HRES_SIC_TSKIN_N80_20240524_NH_SH.grb,
    RESOL      = AUTO,
    FILTER     = "select * where (lat<-45 or lat>45)",
    GRID       = N80

mars - INFO   - 20260617.144953 - Requesting 12 fields
mars - INFO   - 20260617.144953 - FDB home /home/fdbprod
mars - INFO   - 20260617.144953 - Setting SO_SNDBUF to 33554432 (32.00 M)
mars - INFO   - 20260617.144953 - Current value is 8192 (8.00 K)
mars - WARN   - 20260617.144953 - SO_SNDBUF limited by kernel to 212992 (208.00 K)
mars - INFO   - 20260617.144953 - Setting SO_RCVBUF to 33554432 (32.00 M)
mars - INFO   - 20260617.144953 - Current value is 43690 (42.67 K)
mars - WARN   - 20260617.144953 - SO_RCVBUF limited by kernel to 212992 (208.00 K)
mars - INFO   - 20260617.144953 - Calling mars on 'marsod-core', local port is 48375
mars - INFO   - 20260617.144953 - Callback at address 10.100.25.118, port 48375
mars - INFO   - 20260617.145008 - Mars client is on ab3-4085.bullx (10.100.25.118) 48375
mars - INFO   - 20260617.145008 - Mars server is on 10.112.5.10 43617
mars - INFO   - 20260617.145008 - Server task is 612 [marsod]
mars - INFO   - 20260617.145008 - Request cost: 0 field,  [marsod]
mars - INFO   - 20260617.145008 - The efficiency of your requests in the last 12 hours is 6% [marsod]
mars - WARN   - 20260617.145008 - Please see https://confluence.ecmwf.int/x/rxRtD in order to improve the efficiency of your requests [marsod]
mars - WARN   - 20260617.145008 - Data not found [marsod]
mars - INFO   - 20260617.145008 - Calling mars on 'marsode-core', local port is 41195
mars - INFO   - 20260617.145008 - Callback at address 10.100.25.118, port 41195
mars - INFO   - 20260617.145008 - Mars client is on ab3-4085.bullx (10.100.25.118) 41195
mars - INFO   - 20260617.145008 - Mars server is on 10.112.2.10 38786
mars - INFO   - 20260617.145008 - Server task is 233 [marsode]
mars - INFO   - 20260617.145008 - Request cost: 6 fields, 82.6084 Mbytes on 1 tape, nodes: hpss, libraries: ibmlib02 [marsode]
mars - INFO   - 20260617.145008 - The efficiency of your requests in the last 12 hours is 100% [marsode]
mars - INFO   - 20260617.145012 - Transfering 86621188 bytes
mars - WARN   - 20260617.145012 - Visiting database marsode : expected 12, got 6
mars - INFO   - 20260617.145012 - 6 fields have been interpolated on 'ab3-4085.bullx'
mars - ERROR  - 20260617.145012 - Last error is -43
mars - ERROR  - 20260617.145012 - Expected 12, got 6.
mars - ERROR  - 20260617.145012 - Request failed
mars - INFO   - 20260617.145012 - Request time:  wall: 19 sec 
mars - INFO   - 20260617.145012 -   Processing in marsode: wall: 4 sec 
mars - INFO   - 20260617.145012 -   Visiting marsode: wall: 4 sec 
mars - INFO   - 20260617.145012 -   Read from network: 384.00 Mbyte(s) in < 1 sec [1.28 Gbyte/sec] 
mars - INFO   - 20260617.145012 -   Processing in marsod: wall: 15 sec 
mars - INFO   - 20260617.145012 -   Visiting marsod: wall: 15 sec 
mars - INFO   - 20260617.145012 -   Writing to target file: 459.14 Kbyte(s) in < 1 sec [147.35 Mbyte/sec] 
mars - INFO   - 20260617.145012 - Memory used: 195.85 Mbyte(s)
mars - ERROR  - 20260617.145012 - Some errors reported (last error -1)
2024-05-25 | expID: 79
mars - WARN - 
mars - WARN - 
MIR environment variables:
MIR_CACHE_PATH={FILE?/ec/cache.1}/cache:{FILE?/ec/cache.2}/cache
MIR_LSM_NAMED=1km.climate.v013
Using MARS binary: /usr/local/apps/mars/versions/6.34.4.11/bin/mars.bin
mars - INFO   - 20260617.145013 - Welcome to MARS
mars - INFO   - 20260617.145013 - MARS_HOME=/usr/local/apps/mars/configs/prod
mars - INFO   - 20260617.145013 - MARS Client build stamp: 20260421054856
mars - INFO   - 20260617.145013 - MARS Client bundle version: 6.34.4.11
mars - INFO   - 20260617.145013 - package mars-client version: 6.34.4
mars - INFO   - 20260617.145013 - package mir version: 1.23.9
mars - INFO   - 20260617.145013 - package odc version: 1.6.3
mars - INFO   - 20260617.145013 - package fdb version: 5.21.1
mars - INFO   - 20260617.145013 - package metkit version: 1.18.0
mars - INFO   - 20260617.145013 - package eckit version: 2.0.7
mars - INFO   - 20260617.145013 - package eccodes version: 2.46.3
RETRIEVE,
    STREAM=oper,
    CLASS=od,
    EXPVER=79,
    GRID=N80,
    GAUSSIAN=reduced,
    TYPE=AN,
    DATE=20240525,
    TIME=00:00:00/06:00:00/12:00:00/18:00:00,
    LEVTYPE=SFC,
    PARAM=172.128/31.128/235.128,   #172.128: land sea mask, #31.128:sea ice area fraction, #235.128: Skin temperature
    FILTER="select * where (lat<-45 or lat>45)",
    TARGET=HRES_SIC_TSKIN_N80_20240525_NH_SH.grb


mars - INFO   - 20260617.145013 - Processing request 1

RETRIEVE,
    CLASS      = OD,
    TYPE       = AN,
    STREAM     = OPER,
    EXPVER     = 0079,
    REPRES     = GG,
    LEVTYPE    = SFC,
    PARAM      = 172.128/31.128/235.128,
    DATE       = 20240525,
    TIME       = 0000/0600/1200/1800,
    STEP       = 00,
    DOMAIN     = G,
    TARGET     = HRES_SIC_TSKIN_N80_20240525_NH_SH.grb,
    RESOL      = AUTO,
    FILTER     = "select * where (lat<-45 or lat>45)",
    GRID       = N80

mars - INFO   - 20260617.145013 - Requesting 12 fields
mars - INFO   - 20260617.145013 - FDB home /home/fdbprod
mars - INFO   - 20260617.145013 - Setting SO_SNDBUF to 33554432 (32.00 M)
mars - INFO   - 20260617.145013 - Current value is 8192 (8.00 K)
mars - WARN   - 20260617.145013 - SO_SNDBUF limited by kernel to 212992 (208.00 K)
mars - INFO   - 20260617.145013 - Setting SO_RCVBUF to 33554432 (32.00 M)
mars - INFO   - 20260617.145013 - Current value is 43690 (42.67 K)
mars - WARN   - 20260617.145013 - SO_RCVBUF limited by kernel to 212992 (208.00 K)
mars - INFO   - 20260617.145013 - Calling mars on 'marsod-core', local port is 54283
mars - INFO   - 20260617.145013 - Callback at address 10.100.25.118, port 54283
mars - INFO   - 20260617.145020 - Mars client is on ab3-4085.bullx (10.100.25.118) 54283
mars - INFO   - 20260617.145020 - Mars server is on 10.112.5.10 40380
mars - INFO   - 20260617.145020 - Server task is 2546 [marsod]
mars - INFO   - 20260617.145020 - Request cost: 0 field,  [marsod]
mars - INFO   - 20260617.145020 - The efficiency of your requests in the last 12 hours is 6% [marsod]
mars - WARN   - 20260617.145020 - Please see https://confluence.ecmwf.int/x/rxRtD in order to improve the efficiency of your requests [marsod]
mars - WARN   - 20260617.145020 - Data not found [marsod]
mars - INFO   - 20260617.145020 - Calling mars on 'marsode-core', local port is 37017
mars - INFO   - 20260617.145020 - Callback at address 10.100.25.118, port 37017
mars - INFO   - 20260617.145020 - Mars client is on ab3-4085.bullx (10.100.25.118) 37017
mars - INFO   - 20260617.145020 - Mars server is on 10.112.2.10 47208
mars - INFO   - 20260617.145020 - Server task is 453 [marsode]
mars - INFO   - 20260617.145020 - Request cost: 6 fields, 82.6084 Mbytes on 1 tape, nodes: hpss, libraries: ibmlib02 [marsode]
mars - INFO   - 20260617.145020 - The efficiency of your requests in the last 12 hours is 100% [marsode]
mars - INFO   - 20260617.145023 - Transfering 86621188 bytes
mars - WARN   - 20260617.145024 - Visiting database marsode : expected 12, got 6
mars - INFO   - 20260617.145024 - 6 fields have been interpolated on 'ab3-4085.bullx'
mars - ERROR  - 20260617.145024 - Last error is -43
mars - ERROR  - 20260617.145024 - Expected 12, got 6.
mars - ERROR  - 20260617.145024 - Request failed
mars - INFO   - 20260617.145024 - Request time:  wall: 11 sec 
mars - INFO   - 20260617.145024 -   Processing in marsode: wall: 3 sec 
mars - INFO   - 20260617.145024 -   Visiting marsode: wall: 4 sec 
mars - INFO   - 20260617.145024 -   Read from network: 384.00 Mbyte(s) in < 1 sec [2.62 Gbyte/sec] 
mars - INFO   - 20260617.145024 -   Processing in marsod: wall: 7 sec 
mars - INFO   - 20260617.145024 -   Visiting marsod: wall: 7 sec 
mars - INFO   - 20260617.145024 -   Writing to target file: 459.14 Kbyte(s) in < 1 sec [129.55 Mbyte/sec] 
mars - INFO   - 20260617.145024 - Memory used: 195.73 Mbyte(s)
mars - ERROR  - 20260617.145024 - Some errors reported (last error -1)
2024-05-26 | expID: 79
mars - WARN - 
mars - WARN - 
MIR environment variables:
MIR_CACHE_PATH={FILE?/ec/cache.1}/cache:{FILE?/ec/cache.2}/cache
MIR_LSM_NAMED=1km.climate.v013
Using MARS binary: /usr/local/apps/mars/versions/6.34.4.11/bin/mars.bin
mars - INFO   - 20260617.145025 - Welcome to MARS
mars - INFO   - 20260617.145025 - MARS_HOME=/usr/local/apps/mars/configs/prod
mars - INFO   - 20260617.145025 - MARS Client build stamp: 20260421054856
mars - INFO   - 20260617.145025 - MARS Client bundle version: 6.34.4.11
mars - INFO   - 20260617.145025 - package mars-client version: 6.34.4
mars - INFO   - 20260617.145025 - package mir version: 1.23.9
mars - INFO   - 20260617.145025 - package odc version: 1.6.3
mars - INFO   - 20260617.145025 - package fdb version: 5.21.1
mars - INFO   - 20260617.145025 - package metkit version: 1.18.0
mars - INFO   - 20260617.145025 - package eckit version: 2.0.7
mars - INFO   - 20260617.145025 - package eccodes version: 2.46.3
RETRIEVE,
    STREAM=oper,
    CLASS=od,
    EXPVER=79,
    GRID=N80,
    GAUSSIAN=reduced,
    TYPE=AN,
    DATE=20240526,
    TIME=00:00:00/06:00:00/12:00:00/18:00:00,
    LEVTYPE=SFC,
    PARAM=172.128/31.128/235.128,   #172.128: land sea mask, #31.128:sea ice area fraction, #235.128: Skin temperature
    FILTER="select * where (lat<-45 or lat>45)",
    TARGET=HRES_SIC_TSKIN_N80_20240526_NH_SH.grb


mars - INFO   - 20260617.145025 - Processing request 1

RETRIEVE,
    CLASS      = OD,
    TYPE       = AN,
    STREAM     = OPER,
    EXPVER     = 0079,
    REPRES     = GG,
    LEVTYPE    = SFC,
    PARAM      = 172.128/31.128/235.128,
    DATE       = 20240526,
    TIME       = 0000/0600/1200/1800,
    STEP       = 00,
    DOMAIN     = G,
    TARGET     = HRES_SIC_TSKIN_N80_20240526_NH_SH.grb,
    RESOL      = AUTO,
    FILTER     = "select * where (lat<-45 or lat>45)",
    GRID       = N80

mars - INFO   - 20260617.145025 - Requesting 12 fields
mars - INFO   - 20260617.145025 - FDB home /home/fdbprod
mars - INFO   - 20260617.145025 - Setting SO_SNDBUF to 33554432 (32.00 M)
mars - INFO   - 20260617.145025 - Current value is 8192 (8.00 K)
mars - WARN   - 20260617.145025 - SO_SNDBUF limited by kernel to 212992 (208.00 K)
mars - INFO   - 20260617.145025 - Setting SO_RCVBUF to 33554432 (32.00 M)
mars - INFO   - 20260617.145025 - Current value is 43690 (42.67 K)
mars - WARN   - 20260617.145025 - SO_RCVBUF limited by kernel to 212992 (208.00 K)
mars - INFO   - 20260617.145025 - Calling mars on 'marsod-core', local port is 36689
mars - INFO   - 20260617.145025 - Callback at address 10.100.25.118, port 36689
